対象年,都道府県,市区町村,警察署等コード,本票番号,事故内容,死者数,負傷者数,発生日時,発生年,発生月,発生日,発生時,発生分,曜日,祝日,昼夜,天候,地形,路面状態,道路形状,信号機,車道幅員,道路線形,衝突地点,ゾーン規制,中央分離帯施設等,歩車道区分,事故類型,当事者A 種別,当事者B 種別,当事者A 用途,当事者B 用途,当事者A 車両形状,当事者B 車両形状,当事者A 年齢,当事者B 年齢,当事者A 人身損傷程度,当事者B 人身損傷程度,当事者A 一時停止規制標識,当事者B 一時停止規制標識,当事者A 速度規制,当事者B 速度規制,当事者A 車両損壊程度,当事者B 車両損壊程度,当事者A エアバッグ,当事者B エアバッグ,緯度,経度
2019,和歌山,湯浅町,108,0010,負傷,0,1,2019/02/11 22:05,2019,2,11,22,5,月,当日,夜－夜,晴,市街地－その他,舗装－乾燥,交差点－その他,施設なし,交差点－中（5.5m以上）－中,直線－平坦,交差点内,規制なし,中央分離なし,区分あり－縁石・ブロック等,人対車両,乗用車－軽自動車,歩行者,自家用,対象外当事者,乗用車,対象外当事者,45～54歳,0～24歳,損傷なし,負傷,規制なし,対象外当事者,50㎞／ｈ以下,対象外当事者,小破,対象外当事者,その他,対象外当事者,34.0418478,135.188565
2019,和歌山,御坊市,109,0016,負傷,0,1,2019/01/29 18:35,2019,1,29,18,35,火,その他,夜－夜,晴,市街地－人口集中,舗装－乾燥,交差点－その他,点灯－押ボタン式,交差点－中（5.5m以上）－小,直線－平坦,交差点内,規制なし,中央線－ペイント,区分あり－縁石・ブロック等,車両相互,二輪車－自動二輪－原付二種－51～125cc,軽車両－自転車,自家用,対象外当事者,対象外当事者,対象外当事者,55～64歳,65～74歳,損傷なし,負傷,規制なし,規制なし,50㎞／ｈ以下,対象外当事者,小破,小破,対象外当事者,対象外当事者,33.9048311,135.1609486
2019,和歌山,由良町,109,0017,負傷,0,2,2019/02/09 08:50,2019,2,9,8,50,土,その他,昼－昼,曇,非市街地,舗装－乾燥,交差点－その他,施設なし,交差点－中（5.5m以上）－小,直線－平坦,交差点内,規制なし,中央線－ペイント,区分あり－縁石・ブロック等,車両相互,乗用車－普通車,乗用車－軽自動車,自家用,自家用,乗用車,乗用車,65～74歳,0～24歳,負傷,負傷,規制なし,規制なし,50㎞／ｈ以下,50㎞／ｈ以下,中破,中破,装備あり 作動,その他,33.9773197,135.1438439
2019,和歌山,日高町,109,0018,負傷,0,2,2019/03/22 15:15,2019,3,22,15,15,金,その他,昼－昼,晴,非市街地,舗装－乾燥,交差点－その他,施設なし,交差点－中（5.5m以上）－小,直線－平坦,交差点内,規制なし,中央線－ペイント,区分あり－路側帯,車両相互,乗用車－軽自動車,乗用車－軽自動車,自家用,自家用,乗用車,乗用車,45～54歳,45～54歳,負傷,負傷,規制なし,規制なし,指定の速度規制なし等,指定の速度規制なし等,中破,中破,装備あり 作動,装備あり 作動,33.9628183,135.1601511
2019,和歌山,田辺市,110,0026,負傷,0,1,2019/02/21 16:40,2019,2,21,16,40,木,その他,昼－昼,晴,市街地－人口集中,舗装－乾燥,交差点－その他,施設なし,交差点－中（5.5m以上）－小,直線－平坦,交差点内,規制なし,中央分離なし,区分あり－縁石・ブロック等,車両相互,乗用車－軽自動車,貨物車－軽自動車,自家用,自家用,乗用車,貨物車,0～24歳,55～64歳,負傷,損傷なし,規制なし,規制なし,30㎞／ｈ以下,30㎞／ｈ以下,小破,小破,その他,その他,33.7219322,135.3943864
2019,和歌山,田辺市,110,0027,負傷,0,1,2019/02/27 18:40,2019,2,27,18,40,水,その他,夜－暮,曇,非市街地,舗装－乾燥,交差点付近－その他,施設なし,単路－5.5m以上,直線－下り,単路（交差点付近を含む）,規制なし,中央線－ペイント,区分あり－路側帯,車両相互,乗用車－普通車,乗用車－軽自動車,自家用,自家用,乗用車,乗用車,35～44歳,55～64歳,損傷なし,負傷,対象外当事者,対象外当事者,30㎞／ｈ以下,30㎞／ｈ以下,小破,中破,その他,その他,33.7424764,135.3955086
2019,和歌山,田辺市,110,0028,負傷,0,2,2019/02/15 12:40,2019,2,15,12,40,金,その他,昼－昼,曇,市街地－その他,舗装－乾燥,交差点付近－その他,点灯－３灯式,単路－5.5m以上,直線－平坦,単路（交差点付近を含む）,規制なし,中央線－ペイント,区分あり－縁石・ブロック等,車両相互,乗用車－普通車,貨物車－普通車,自家用,自家用,乗用車,貨物車,0～24歳,25～34歳,負傷,損傷なし,対象外当事者,対象外当事者,40㎞／ｈ以下,40㎞／ｈ以下,小破,小破,その他,その他,33.7428928,135.3758567
2019,和歌山,田辺市,110,0029,負傷,0,1,2019/03/01 19:20,2019,3,1,19,20,金,その他,夜－夜,晴,市街地－人口集中,舗装－乾燥,単路－その他,施設なし,単路－5.5m以上,直線－平坦,単路（交差点付近を含む）,規制なし,中央線－ペイント,区分あり－路側帯,車両相互,貨物車－軽自動車,軽車両－自転車,自家用,対象外当事者,貨物車,対象外当事者,45～54歳,0～24歳,損傷なし,負傷,対象外当事者,対象外当事者,指定の速度規制なし等,対象外当事者,小破,小破,その他,対象外当事者,33.7240514,135.3972339
2019,和歌山,田辺市,110,0030,負傷,0,2,2019/02/17 07:12,2019,2,17,7,12,日,その他,昼－明,晴,市街地－人口集中,舗装－乾燥,交差点付近－その他,点灯－３灯式,単路－9.0m以上,直線－平坦,単路（交差点付近を含む）,規制なし,中央分離帯,区分あり－縁石・ブロック等,車両相互,乗用車－軽自動車,乗用車－軽自動車,自家用,自家用,乗用車,乗用車,0～24歳,0～24歳,損傷なし,負傷,対象外当事者,対象外当事者,指定の速度規制なし等,指定の速度規制なし等,大破,中破,装備あり 作動,その他,33.7407856,135.3907481
2019,和歌山,田辺市,110,0031,負傷,0,1,2019/03/06 17:20,2019,3,6,17,20,水,その他,昼－暮,雨,非市街地,舗装－湿潤,交差点－その他,施設なし,交差点－中（5.5m以上）－小,直線－平坦,交差点内,規制なし,中央線－ペイント,区分あり－防護柵等,車両相互,乗用車－軽自動車,貨物車－軽自動車,自家用,自家用,乗用車,貨物車,55～64歳,55～64歳,負傷,損傷なし,規制なし,規制なし,50㎞／ｈ以下,50㎞／ｈ以下,小破,小破,その他,その他,33.7505494,135.5026922
2019,和歌山,上富田町,110,0032,負傷,0,1,2019/01/19 14:25,2019,1,19,14,25,土,その他,昼－昼,晴,非市街地,舗装－乾燥,交差点－その他,点灯－３灯式,交差点－中（5.5m以上）－中,直線－平坦,交差点内,規制なし,中央線－ペイント,区分あり－縁石・ブロック等,車両相互,乗用車－軽自動車,乗用車－軽自動車,自家用,自家用,乗用車,乗用車,65～74歳,35～44歳,損傷なし,負傷,規制なし,規制なし,40㎞／ｈ以下,指定の速度規制なし等,小破,小破,その他,その他,33.7018481,135.4170928
2019,和歌山,田辺市,110,0033,負傷,0,1,2019/03/05 09:30,2019,3,5,9,30,火,その他,昼－昼,晴,市街地－人口集中,舗装－乾燥,交差点－その他,施設なし,交差点－中（5.5m以上）－小,直線－平坦,交差点内,規制なし,中央分離なし,区分あり－路側帯,車両相互,乗用車－普通車,軽車両－自転車,自家用,対象外当事者,乗用車,対象外当事者,65～74歳,65～74歳,損傷なし,負傷,標準－反射式,規制なし,30㎞／ｈ以下,対象外当事者,小破,小破,その他,対象外当事者,33.7336331,135.3662433
2019,和歌山,田辺市,110,0034,負傷,0,1,2019/03/02 08:05,2019,3,2,8,5,土,その他,昼－昼,晴,非市街地,舗装－乾燥,交差点付近－その他,施設なし,単路－9.0m以上,直線－平坦,単路（交差点付近を含む）,規制なし,中央線－ペイント,区分あり－路側帯,車両相互,乗用車－大型車,乗用車－軽自動車,事業用,自家用,乗用車,乗用車,25～34歳,45～54歳,損傷なし,負傷,対象外当事者,対象外当事者,50㎞／ｈ以下,50㎞／ｈ以下,小破,小破,その他,その他,33.7462047,135.3412922
2019,和歌山,田辺市,110,0035,負傷,0,1,2019/02/20 12:00,2019,2,20,12,0,水,その他,昼－昼,晴,市街地－その他,舗装－乾燥,交差点－その他,施設なし,交差点－中（5.5m以上）－中,直線－平坦,交差点内,規制なし,中央分離なし,区分なし,車両相互,乗用車－普通車,二輪車－一般原付自転車,自家用,自家用,乗用車,対象外当事者,55～64歳,55～64歳,損傷なし,負傷,規制なし,標準－反射式,30㎞／ｈ以下,指定の速度規制なし等,小破,小破,その他,対象外当事者,33.7399447,135.3893356
2019,和歌山,田辺市,110,0036,負傷,0,1,2019/03/08 17:50,2019,3,8,17,50,金,その他,昼－暮,晴,非市街地,舗装－乾燥,交差点－その他,点灯－３灯式,交差点－中（5.5m以上）－中,直線－上り,交差点内,規制なし,中央線－ペイント,区分あり－縁石・ブロック等,車両相互,乗用車－普通車,乗用車－軽自動車,自家用,自家用,乗用車,乗用車,35～44歳,55～64歳,損傷なし,負傷,規制なし,規制なし,指定の速度規制なし等,指定の速度規制なし等,小破,小破,その他,その他,33.7321953,135.3998289
2019,和歌山,みなべ町,110,0037,死亡,1,0,2019/03/15 18:20,2019,3,15,18,20,金,その他,夜－暮,晴,市街地－その他,舗装－乾燥,交差点－その他,施設なし,交差点－中（5.5m以上）－小,直線－平坦,交差点内,規制なし,中央線－ペイント,区分あり－路側帯,人対車両,乗用車－軽自動車,歩行者,自家用,対象外当事者,乗用車,対象外当事者,35～44歳,65～74歳,損傷なし,死亡,規制なし,対象外当事者,50㎞／ｈ以下,対象外当事者,小破,対象外当事者,その他,対象外当事者,33.7730456,135.3130519
2019,和歌山,田辺市,110,0038,負傷,0,1,2019/01/25 12:45,2019,1,25,12,45,金,その他,昼－昼,晴,市街地－人口集中,舗装－乾燥,単路－その他,施設なし,単路－3.5m以上,直線－下り,単路（交差点付近を含む）,規制なし,中央分離なし,区分あり－縁石・ブロック等,車両相互,乗用車－普通車,二輪車－一般原付自転車,自家用,自家用,乗用車,対象外当事者,75歳以上,55～64歳,損傷なし,負傷,対象外当事者,対象外当事者,指定の速度規制なし等,指定の速度規制なし等,小破,小破,その他,対象外当事者,33.7404689,135.3774094
2019,和歌山,田辺市,110,0039,負傷,0,1,2019/03/18 15:23,2019,3,18,15,23,月,その他,昼－昼,晴,非市街地,舗装－乾燥,単路－その他,施設なし,単路－5.5m以上,直線－平坦,単路（交差点付近を含む）,規制なし,中央線－ペイント,区分あり－路側帯,車両相互,貨物車－軽自動車,対象外当事者,自家用,対象外当事者,貨物車,対象外当事者,25～34歳,不明,負傷,対象外当事者,対象外当事者,対象外当事者,40㎞／ｈ以下,対象外当事者,小破,対象外当事者,その他,対象外当事者,33.7406336,135.3575611
2019,和歌山,田辺市,110,0040,負傷,0,1,2019/03/14 10:15,2019,3,14,10,15,木,その他,昼－昼,晴,市街地－人口集中,舗装－乾燥,交差点－その他,施設なし,交差点－中（5.5m以上）－小,直線－下り,交差点内,規制なし,中央分離なし,区分あり－路側帯,車両相互,乗用車－普通車,乗用車－軽自動車,自家用,自家用,乗用車,乗用車,35～44歳,0～24歳,損傷なし,負傷,規制なし,規制なし,指定の速度規制なし等,指定の速度規制なし等,小破,小破,その他,その他,33.7335378,135.3947128
2019,和歌山,田辺市,110,0041,負傷,0,1,2019/01/25 07:10,2019,1,25,7,10,金,その他,昼－明,晴,非市街地,舗装－乾燥,交差点－その他,施設なし,交差点－中（5.5m以上）－小,直線－平坦,交差点内,規制なし,中央線－ペイント,区分あり－縁石・ブロック等,人対車両,乗用車－普通車,歩行者,自家用,対象外当事者,乗用車,対象外当事者,25～34歳,75歳以上,損傷なし,負傷,規制なし,対象外当事者,50㎞／ｈ以下,対象外当事者,中破,対象外当事者,その他,対象外当事者,33.7534103,135.39718
2019,和歌山,田辺市,110,0042,負傷,0,1,2019/03/20 16:45,2019,3,20,16,45,水,前日,昼－昼,晴,市街地－その他,舗装－乾燥,交差点－その他,施設なし,交差点－小（5.5m未満）－小,直線－平坦,交差点内,規制なし,中央分離なし,区分なし,車両相互,乗用車－普通車,軽車両－自転車,自家用,対象外当事者,乗用車,対象外当事者,0～24歳,0～24歳,損傷なし,負傷,規制なし,標準－反射式,指定の速度規制なし等,対象外当事者,小破,中破,その他,対象外当事者,33.7189261,135.4026706
2019,和歌山,田辺市,110,0043,負傷,0,1,2019/02/24 20:30,2019,2,24,20,30,日,その他,夜－夜,晴,市街地－人口集中,舗装－乾燥,交差点付近－その他,施設なし,単路－5.5m以上,直線－下り,単路（交差点付近を含む）,規制なし,中央線－ペイント,区分あり－縁石・ブロック等,車両単独,軽車両－駆動補助機付自転車,物件等,対象外当事者,対象外当事者,対象外当事者,対象外当事者,0～24歳,不明,負傷,対象外当事者,対象外当事者,対象外当事者,対象外当事者,対象外当事者,小破,対象外当事者,対象外当事者,対象外当事者,33.7365811,135.3781817
2019,和歌山,上富田町,110,0044,負傷,0,1,2019/02/22 15:45,2019,2,22,15,45,金,その他,昼－昼,曇,市街地－その他,舗装－乾燥,一般交通の場所,施設なし,一般交通の場所,一般交通の場所,その他,規制なし,一般交通の場所,区分なし,人対車両,乗用車－軽自動車,歩行者,自家用,対象外当事者,乗用車,対象外当事者,55～64歳,45～54歳,損傷なし,負傷,対象外当事者,対象外当事者,指定の速度規制なし等,対象外当事者,小破,対象外当事者,その他,対象外当事者,33.6948022,135.4178181
2019,和歌山,田辺市,110,0045,負傷,0,1,2019/03/22 10:05,2019,3,22,10,5,金,その他,昼－昼,晴,非市街地,舗装－乾燥,交差点付近－その他,施設なし,単路－5.5m以上,直線－平坦,単路（交差点付近を含む）,規制なし,中央線－ペイント,区分あり－路側帯,車両相互,乗用車－軽自動車,二輪車－一般原付自転車,自家用,自家用,乗用車,対象外当事者,45～54歳,65～74歳,損傷なし,負傷,対象外当事者,対象外当事者,40㎞／ｈ以下,指定の速度規制なし等,小破,小破,その他,対象外当事者,33.7234392,135.3980847
2019,和歌山,田辺市,110,0046,負傷,0,1,2019/03/25 18:30,2019,3,25,18,30,月,その他,夜－暮,晴,非市街地,舗装－乾燥,交差点付近－その他,施設なし,単路－5.5m以上,直線－平坦,単路（交差点付近を含む）,規制なし,中央線－ペイント,区分なし,車両相互,乗用車－軽自動車,貨物車－軽自動車,自家用,自家用,乗用車,貨物車,35～44歳,25～34歳,負傷,損傷なし,対象外当事者,対象外当事者,50㎞／ｈ以下,50㎞／ｈ以下,小破,小破,その他,その他,33.7334053,135.4180917
2019,和歌山,すさみ町,111,0008,負傷,0,1,2019/02/21 13:30,2019,2,21,13,30,木,その他,昼－昼,晴,非市街地,舗装－乾燥,交差点－その他,施設なし,交差点－中（5.5m以上）－小,直線－平坦,交差点内,規制なし,中央線－ペイント,区分あり－縁石・ブロック等,車両相互,二輪車－自動二輪－小型二輪－251～400cc,二輪車－一般原付自転車,自家用,自家用,対象外当事者,対象外当事者,0～24歳,45～54歳,負傷,損傷なし,規制なし,規制なし,50㎞／ｈ以下,指定の速度規制なし等,小破,小破,対象外当事者,対象外当事者,33.5493467,135.4905761
2019,和歌山,新宮市,112,0008,負傷,0,1,2019/02/16 22:25,2019,2,16,22,25,土,その他,夜－夜,晴,市街地－人口集中,舗装－乾燥,単路－その他,施設なし,単路－5.5m以上,直線－平坦,単路（交差点付近を含む）,規制なし,中央線－ペイント,区分あり－縁石・ブロック等,人対車両,乗用車－普通車,歩行者,自家用,対象外当事者,乗用車,対象外当事者,45～54歳,25～34歳,損傷なし,負傷,対象外当事者,対象外当事者,50㎞／ｈ以下,対象外当事者,損壊なし,対象外当事者,その他,対象外当事者,33.7189222,135.9845206
2019,和歌山,新宮市,112,0009,負傷,0,1,2019/03/04 08:48,2019,3,4,8,48,月,その他,昼－昼,曇,市街地－人口集中,舗装－湿潤,単路－その他,施設なし,単路－5.5m以上,直線－平坦,単路（交差点付近を含む）,規制なし,中央線－ペイント,区分あり－縁石・ブロック等,車両相互,乗用車－軽自動車,乗用車－軽自動車,自家用,自家用,乗用車,乗用車,55～64歳,25～34歳,損傷なし,負傷,対象外当事者,対象外当事者,50㎞／ｈ以下,40㎞／ｈ以下,小破,小破,その他,その他,33.7248531,135.9866272
2019,和歌山,白浜町,113,0004,負傷,0,2,2019/02/25 07:01,2019,2,25,7,1,月,その他,昼－明,晴,非市街地,舗装－乾燥,交差点－その他,施設なし,交差点－中（5.5m以上）－小,直線－平坦,交差点内,規制なし,中央線－ペイント,区分あり－縁石・ブロック等,車両相互,乗用車－普通車,貨物車－軽自動車,自家用,自家用,乗用車,貨物車,35～44歳,25～34歳,負傷,負傷,規制なし,標準－反射式,50㎞／ｈ以下,50㎞／ｈ以下,中破,中破,装備あり 作動,装備あり 作動,33.6676158,135.4026547
2019,和歌山,和歌山市,114,0038,負傷,0,1,2019/02/15 18:35,2019,2,15,18,35,金,その他,夜－暮,曇,市街地－人口集中,舗装－乾燥,交差点付近－その他,施設なし,単路－13.0m以上,直線－平坦,単路（交差点付近を含む）,規制なし,中央分離帯,区分あり－縁石・ブロック等,車両相互,乗用車－普通車,乗用車－軽自動車,自家用,自家用,乗用車,乗用車,65～74歳,45～54歳,負傷,損傷なし,対象外当事者,対象外当事者,50㎞／ｈ以下,50㎞／ｈ以下,小破,小破,その他,その他,34.2598572,135.1769564
2019,和歌山,和歌山市,114,0039,負傷,0,1,2019/01/18 07:40,2019,1,18,7,40,金,その他,昼－明,曇,市街地－人口集中,舗装－湿潤,交差点－その他,施設なし,交差点－中（5.5m以上）－中,直線－平坦,交差点内,規制なし,中央線－ペイント,区分あり－縁石・ブロック等,車両相互,乗用車－普通車,二輪車－一般原付自転車,自家用,自家用,乗用車,対象外当事者,55～64歳,35～44歳,損傷なし,負傷,規制なし,標準－反射式,40㎞／ｈ以下,指定の速度規制なし等,小破,小破,その他,対象外当事者,34.2532531,135.1546078
2019,和歌山,和歌山市,114,0040,負傷,0,2,2019/03/05 10:50,2019,3,5,10,50,火,その他,昼－昼,晴,市街地－人口集中,舗装－乾燥,単路－橋,施設なし,単路－9.0m以上,直線－下り,単路（交差点付近を含む）,規制なし,中央分離帯,区分あり－縁石・ブロック等,車両相互,乗用車－普通車,乗用車－軽自動車,自家用,自家用,乗用車,乗用車,0～24歳,0～24歳,負傷,損傷なし,対象外当事者,対象外当事者,50㎞／ｈ以下,50㎞／ｈ以下,中破,中破,その他,装備あり 作動,34.2594831,135.1644217
2019,和歌山,和歌山市,114,0041,負傷,0,1,2019/02/13 08:35,2019,2,13,8,35,水,その他,昼－昼,晴,市街地－人口集中,舗装－乾燥,交差点－その他,施設なし,交差点－小（5.5m未満）－小,直線－平坦,交差点内,規制なし,中央分離なし,区分なし,車両相互,乗用車－軽自動車,乗用車－軽自動車,自家用,自家用,乗用車,乗用車,35～44歳,55～64歳,負傷,損傷なし,規制なし,規制なし,指定の速度規制なし等,指定の速度規制なし等,小破,小破,その他,その他,34.2537525,135.1629256
2019,和歌山,和歌山市,114,0042,負傷,0,1,2019/03/04 08:25,2019,3,4,8,25,月,その他,昼－昼,雨,市街地－人口集中,舗装－湿潤,単路－その他,施設なし,単路－5.5m以上,直線－平坦,単路（交差点付近を含む）,規制なし,中央線－ペイント,区分あり－縁石・ブロック等,車両相互,乗用車－軽自動車,貨物車－軽自動車,自家用,自家用,乗用車,貨物車,35～44歳,0～24歳,負傷,損傷なし,対象外当事者,対象外当事者,40㎞／ｈ以下,40㎞／ｈ以下,小破,小破,その他,その他,34.2482819,135.1502417
2019,和歌山,和歌山市,114,0043,負傷,0,1,2019/01/29 16:10,2019,1,29,16,10,火,その他,昼－昼,曇,市街地－人口集中,舗装－乾燥,一般交通の場所,施設なし,一般交通の場所,一般交通の場所,その他,規制なし,一般交通の場所,区分なし,人対車両,乗用車－軽自動車,歩行者,自家用,対象外当事者,乗用車,対象外当事者,55～64歳,25～34歳,損傷なし,負傷,対象外当事者,対象外当事者,指定の速度規制なし等,対象外当事者,小破,対象外当事者,その他,対象外当事者,34.2569144,135.1537378
2019,和歌山,和歌山市,114,0044,負傷,0,1,2019/02/23 16:50,2019,2,23,16,50,土,その他,昼－暮,晴,市街地－人口集中,舗装－乾燥,単路－その他,施設なし,単路－5.5m以上,直線－平坦,単路（交差点付近を含む）,規制なし,中央線－ペイント,区分あり－路側帯,車両相互,乗用車－普通車,貨物車－普通車,自家用,自家用,乗用車,貨物車,45～54歳,0～24歳,損傷なし,負傷,対象外当事者,対象外当事者,40㎞／ｈ以下,40㎞／ｈ以下,小破,小破,その他,その他,34.2513464,135.1557197
2019,和歌山,和歌山市,114,0045,負傷,0,1,2019/03/06 15:15,2019,3,6,15,15,水,その他,昼－昼,雨,市街地－人口集中,舗装－湿潤,交差点付近－その他,点灯－３灯式,単路－9.0m以上,直線－平坦,単路（交差点付近を含む）,規制なし,中央分離帯,区分あり－縁石・ブロック等,車両相互,乗用車－軽自動車,乗用車－軽自動車,自家用,自家用,乗用車,乗用車,25～34歳,35～44歳,損傷なし,負傷,対象外当事者,対象外当事者,50㎞／ｈ以下,50㎞／ｈ以下,小破,小破,その他,その他,34.2538569,135.1395211
2019,和歌山,和歌山市,114,0046,負傷,0,1,2019/03/13 17:55,2019,3,13,17,55,水,その他,昼－暮,晴,市街地－人口集中,舗装－乾燥,一般交通の場所,施設なし,一般交通の場所,一般交通の場所,その他,規制なし,一般交通の場所,区分なし,車両相互,乗用車－普通車,乗用車－軽自動車,自家用,自家用,乗用車,乗用車,65～74歳,35～44歳,損傷なし,負傷,対象外当事者,対象外当事者,指定の速度規制なし等,指定の速度規制なし等,小破,小破,その他,その他,34.2474647,135.1572561
2019,和歌山,和歌山市,114,0047,負傷,0,1,2019/02/27 17:20,2019,2,27,17,20,水,その他,昼－暮,曇,市街地－人口集中,舗装－乾燥,交差点－その他,施設なし,交差点－小（5.5m未満）－小,直線－平坦,交差点内,規制なし,中央分離なし,区分なし,車両相互,乗用車－軽自動車,軽車両－自転車,自家用,対象外当事者,乗用車,対象外当事者,55～64歳,0～24歳,損傷なし,負傷,規制なし,標準－反射式,30㎞／ｈ以下,対象外当事者,小破,小破,その他,対象外当事者,34.2428078,135.1537325
2019,和歌山,和歌山市,114,0048,負傷,0,1,2019/03/18 08:50,2019,3,18,8,50,月,その他,昼－昼,晴,市街地－人口集中,舗装－乾燥,交差点－その他,施設なし,交差点－小（5.5m未満）－小,直線－平坦,交差点内,規制なし,中央分離なし,区分なし,車両相互,乗用車－軽自動車,軽車両－自転車,自家用,対象外当事者,乗用車,対象外当事者,45～54歳,0～24歳,損傷なし,負傷,規制なし,規制なし,指定の速度規制なし等,対象外当事者,小破,小破,その他,対象外当事者,34.2449419,135.1482561
2019,和歌山,和歌山市,114,0049,負傷,0,1,2019/03/09 04:20,2019,3,9,4,20,土,その他,夜－夜,晴,市街地－人口集中,舗装－乾燥,交差点－その他,施設なし,交差点－小（5.5m未満）－小,直線－平坦,交差点内,規制なし,中央分離なし,区分なし,車両相互,乗用車－普通車,二輪車－一般原付自転車,自家用,自家用,乗用車,対象外当事者,55～64歳,55～64歳,損傷なし,負傷,規制なし,規制なし,指定の速度規制なし等,指定の速度規制なし等,小破,小破,その他,対象外当事者,34.257955,135.1632294
2019,和歌山,和歌山市,114,0050,負傷,0,1,2019/03/22 07:10,2019,3,22,7,10,金,その他,昼－昼,曇,市街地－人口集中,舗装－乾燥,交差点付近－その他,点灯－３灯式,単路－5.5m以上,直線－平坦,単路（交差点付近を含む）,規制なし,中央線－ポストコーン,区分あり－縁石・ブロック等,車両相互,乗用車－軽自動車,乗用車－軽自動車,自家用,自家用,乗用車,乗用車,0～24歳,55～64歳,損傷なし,負傷,対象外当事者,対象外当事者,50㎞／ｈ以下,60㎞／ｈ以下,小破,小破,その他,その他,34.2525128,135.1471411
2019,和歌山,和歌山市,114,0051,負傷,0,1,2019/03/12 16:10,2019,3,12,16,10,火,その他,昼－昼,晴,市街地－人口集中,舗装－乾燥,一般交通の場所,施設なし,一般交通の場所,一般交通の場所,その他,規制なし,一般交通の場所,区分なし,車両相互,乗用車－軽自動車,二輪車－一般原付自転車,自家用,自家用,乗用車,対象外当事者,35～44歳,75歳以上,損傷なし,負傷,対象外当事者,対象外当事者,指定の速度規制なし等,指定の速度規制なし等,小破,小破,その他,対象外当事者,34.2608778,135.1863311
2019,和歌山,和歌山市,114,0052,負傷,0,2,2019/03/19 10:21,2019,3,19,10,21,火,その他,昼－昼,雨,市街地－人口集中,舗装－湿潤,交差点付近－その他,点灯－３灯式,単路－13.0m以上,直線－平坦,単路（交差点付近を含む）,規制なし,中央分離帯,区分あり－縁石・ブロック等,車両相互,乗用車－普通車,乗用車－軽自動車,自家用,自家用,乗用車,乗用車,65～74歳,35～44歳,負傷,損傷なし,対象外当事者,対象外当事者,50㎞／ｈ以下,50㎞／ｈ以下,小破,小破,その他,その他,34.2591958,135.1127681
2019,和歌山,和歌山市,114,0053,負傷,0,1,2019/03/25 15:10,2019,3,25,15,10,月,その他,昼－昼,曇,市街地－その他,舗装－乾燥,単路－その他,施設なし,単路－5.5m以上,直線－下り,単路（交差点付近を含む）,規制なし,中央線－ペイント,区分あり－縁石・ブロック等,車両相互,乗用車－普通車,乗用車－普通車,自家用,自家用,乗用車,乗用車,0～24歳,35～44歳,損傷なし,負傷,対象外当事者,対象外当事者,40㎞／ｈ以下,40㎞／ｈ以下,小破,小破,その他,その他,34.2685125,135.1483056
2019,和歌山,広川町,059,0009,負傷,0,2,2019/03/16 16:30,2019,3,16,16,30,土,その他,昼－昼,晴,非市街地,舗装－乾燥,単路－トンネル,施設なし,単路－5.5m以上,直線－平坦,単路（交差点付近を含む）,規制なし,中央線－ポストコーン,区分なし,車両相互,乗用車－普通車,乗用車－軽自動車,自家用,自家用,乗用車,乗用車,35～44歳,0～24歳,負傷,損傷なし,対象外当事者,対象外当事者,70㎞／ｈ以下,70㎞／ｈ以下,小破,小破,その他,装備あり 作動,33.9872839,135.1988722
2019,和歌山,広川町,059,0010,負傷,0,2,2019/03/02 11:43,2019,3,2,11,43,土,その他,昼－昼,晴,非市街地,舗装－乾燥,単路－その他,施設なし,単路－5.5m以上,直線－平坦,単路（交差点付近を含む）,規制なし,中央線－ポストコーン,区分なし,車両相互,貨物車－準中型車,乗用車－普通車,自家用,自家用,貨物車,乗用車,0～24歳,55～64歳,損傷なし,負傷,対象外当事者,対象外当事者,70㎞／ｈ以下,70㎞／ｈ以下,中破,大破,その他,装備あり 作動,34.0105736,135.1904169
2019,和歌山,橋本市,059,0011,負傷,0,1,2019/04/10 14:20,2019,4,10,14,20,水,その他,昼－昼,曇,非市街地,舗装－乾燥,交差点付近－その他,点灯－３灯式,単路－9.0m以上,直線－平坦,単路（交差点付近を含む）,規制なし,中央分離帯,区分なし,車両相互,乗用車－軽自動車,乗用車－軽自動車,自家用,自家用,乗用車,乗用車,35～44歳,55～64歳,損傷なし,負傷,対象外当事者,対象外当事者,40㎞／ｈ以下,指定の速度規制なし等,小破,小破,その他,その他,34.3341361,135.6498625
2019,和歌山,有田川町,059,0012,負傷,0,1,2019/04/15 12:05,2019,4,15,12,5,月,その他,昼－昼,晴,非市街地,舗装－乾燥,単路－トンネル,施設なし,単路－5.5m以上,直線－平坦,単路（交差点付近を含む）,規制なし,中央分離帯,区分なし,車両相互,乗用車－普通車,乗用車－軽自動車,自家用,自家用,乗用車,乗用車,25～34歳,25～34歳,損傷なし,負傷,対象外当事者,対象外当事者,80㎞／ｈ以下,80㎞／ｈ以下,小破,小破,その他,その他,34.0904253,135.2011422
2019,和歌山,橋本市,101,0025,負傷,0,1,2019/03/24 11:03,2019,3,24,11,3,日,その他,昼－昼,晴,非市街地,舗装－乾燥,交差点－その他,施設なし,交差点－中（5.5m以上）－小,直線－下り,交差点内,規制なし,中央分離なし,区分あり－路側帯,車両相互,乗用車－普通車,乗用車－軽自動車,自家用,自家用,乗用車,乗用車,25～34歳,0～24歳,負傷,損傷なし,規制なし,規制なし,40㎞／ｈ以下,指定の速度規制なし等,中破,中破,その他,その他,34.3164831,135.6244467