対象年,都道府県,市区町村,警察署等コード,本票番号,事故内容,死者数,負傷者数,発生日時,発生年,発生月,発生日,発生時,発生分,曜日,祝日,昼夜,天候,地形,路面状態,道路形状,信号機,車道幅員,道路線形,衝突地点,ゾーン規制,中央分離帯施設等,歩車道区分,事故類型,当事者A 種別,当事者B 種別,当事者A 用途,当事者B 用途,当事者A 車両形状,当事者B 車両形状,当事者A 年齢,当事者B 年齢,当事者A 人身損傷程度,当事者B 人身損傷程度,当事者A 一時停止規制標識,当事者B 一時停止規制標識,当事者A 速度規制,当事者B 速度規制,当事者A 車両損壊程度,当事者B 車両損壊程度,当事者A エアバッグ,当事者B エアバッグ,緯度,経度
2019,和歌山,和歌山市,104,0138,負傷,0,1,2019/04/16 07:20,2019,4,16,7,20,火,その他,昼－昼,晴,非市街地,舗装－乾燥,交差点－その他,施設なし,交差点－中（5.5m以上）－小,直線－平坦,交差点内,規制なし,中央分離なし,区分あり－路側帯,車両相互,乗用車－普通車,二輪車－一般原付自転車,自家用,自家用,乗用車,対象外当事者,35～44歳,25～34歳,損傷なし,負傷,規制なし,規制なし,指定の速度規制なし等,指定の速度規制なし等,小破,小破,その他,対象外当事者,34.2062442,135.2626592
2019,和歌山,和歌山市,104,0139,負傷,0,1,2019/04/06 11:50,2019,4,6,11,50,土,その他,昼－昼,晴,市街地－人口集中,舗装－乾燥,交差点－その他,施設なし,交差点－小（5.5m未満）－小,直線－平坦,交差点内,規制なし,中央分離なし,区分あり－防護柵等,車両相互,貨物車－軽自動車,軽車両－自転車,自家用,対象外当事者,貨物車,対象外当事者,75歳以上,65～74歳,損傷なし,負傷,規制なし,規制なし,50㎞／ｈ以下,対象外当事者,小破,小破,その他,対象外当事者,34.2449006,135.1992106
2019,和歌山,和歌山市,104,0140,負傷,0,2,2019/04/10 18:50,2019,4,10,18,50,水,その他,夜－暮,曇,市街地－人口集中,舗装－湿潤,単路－その他,施設なし,単路－5.5m以上,直線－平坦,単路（交差点付近を含む）,規制なし,中央線－ペイント,区分あり－縁石・ブロック等,車両相互,乗用車－普通車,乗用車－普通車,自家用,自家用,乗用車,乗用車,45～54歳,25～34歳,損傷なし,負傷,対象外当事者,対象外当事者,指定の速度規制なし等,指定の速度規制なし等,小破,小破,その他,その他,34.1966608,135.1839933
2019,和歌山,和歌山市,104,0141,負傷,0,1,2019/03/26 12:20,2019,3,26,12,20,火,その他,昼－昼,晴,市街地－人口集中,舗装－乾燥,一般交通の場所,施設なし,一般交通の場所,一般交通の場所,その他,規制なし,一般交通の場所,区分なし,人対車両,乗用車－普通車,歩行者,自家用,対象外当事者,乗用車,対象外当事者,25～34歳,0～24歳,損傷なし,負傷,対象外当事者,対象外当事者,指定の速度規制なし等,対象外当事者,小破,対象外当事者,その他,対象外当事者,34.2211039,135.2042083
2019,和歌山,和歌山市,104,0142,負傷,0,1,2019/04/13 13:35,2019,4,13,13,35,土,その他,昼－昼,晴,市街地－人口集中,舗装－乾燥,単路－その他,施設なし,単路－3.5m以上,直線－平坦,単路（交差点付近を含む）,規制なし,中央分離なし,区分あり－路側帯,車両相互,乗用車－軽自動車,貨物車－軽自動車,自家用,自家用,乗用車,貨物車,45～54歳,45～54歳,損傷なし,負傷,対象外当事者,対象外当事者,30㎞／ｈ以下,30㎞／ｈ以下,小破,小破,その他,その他,34.2078714,135.1877242
2019,和歌山,和歌山市,104,0143,負傷,0,1,2019/04/11 14:12,2019,4,11,14,12,木,その他,昼－昼,晴,市街地－人口集中,舗装－乾燥,単路－その他,施設なし,単路－9.0m以上,直線－平坦,単路（交差点付近を含む）,規制なし,中央線－ポストコーン,区分あり－縁石・ブロック等,人対車両,貨物車－軽自動車,歩行者,事業用,対象外当事者,貨物車,対象外当事者,25～34歳,35～44歳,損傷なし,負傷,対象外当事者,対象外当事者,50㎞／ｈ以下,対象外当事者,小破,対象外当事者,その他,対象外当事者,34.2373625,135.1879708
2019,和歌山,和歌山市,104,0144,負傷,0,3,2019/04/04 11:55,2019,4,4,11,55,木,その他,昼－昼,晴,市街地－人口集中,舗装－乾燥,交差点－その他,点灯－３灯式,交差点－大（13.0ｍ以上）－大,直線－平坦,交差点内,規制なし,中央分離なし,区分あり－路側帯,車両相互,乗用車－軽自動車,二輪車－自動二輪－軽二輪－126～250cc,自家用,自家用,乗用車,対象外当事者,55～64歳,0～24歳,負傷,負傷,規制なし,規制なし,50㎞／ｈ以下,50㎞／ｈ以下,中破,大破,装備あり 作動,対象外当事者,34.2138417,135.1861589
2019,和歌山,和歌山市,104,0145,負傷,0,1,2019/04/22 08:15,2019,4,22,8,15,月,その他,昼－昼,晴,市街地－人口集中,舗装－乾燥,交差点－その他,施設なし,交差点－大（13.0ｍ以上）－小,直線－平坦,交差点内,規制なし,中央分離なし,区分あり－路側帯,車両相互,軽車両－自転車,対象外当事者,対象外当事者,対象外当事者,対象外当事者,対象外当事者,0～24歳,不明,負傷,対象外当事者,規制なし,対象外当事者,対象外当事者,対象外当事者,小破,対象外当事者,対象外当事者,対象外当事者,34.2379036,135.1846964
2019,和歌山,和歌山市,104,0146,負傷,0,1,2019/04/01 18:35,2019,4,1,18,35,月,その他,夜－暮,雨,市街地－人口集中,舗装－湿潤,交差点－その他,点灯－３灯式,交差点－大（13.0ｍ以上）－中,直線－平坦,交差点内,規制なし,中央分離なし,区分あり－縁石・ブロック等,車両相互,乗用車－軽自動車,二輪車－一般原付自転車,自家用,自家用,乗用車,対象外当事者,45～54歳,0～24歳,損傷なし,負傷,規制なし,規制なし,50㎞／ｈ以下,指定の速度規制なし等,小破,中破,その他,対象外当事者,34.2306008,135.2098736
2019,和歌山,和歌山市,104,0147,負傷,0,1,2019/04/17 15:35,2019,4,17,15,35,水,その他,昼－昼,曇,市街地－人口集中,舗装－乾燥,交差点－その他,施設なし,交差点－小（5.5m未満）－小,直線－平坦,交差点内,規制なし,中央分離なし,区分あり－路側帯,車両相互,乗用車－軽自動車,乗用車－軽自動車,自家用,自家用,乗用車,乗用車,55～64歳,65～74歳,損傷なし,負傷,標準－反射式,規制なし,30㎞／ｈ以下,30㎞／ｈ以下,小破,小破,その他,その他,34.2340047,135.2098478
2019,和歌山,和歌山市,104,0148,負傷,0,1,2019/04/09 21:57,2019,4,9,21,57,火,その他,夜－夜,曇,市街地－人口集中,舗装－乾燥,交差点－その他,施設なし,交差点－大（13.0ｍ以上）－小,直線－平坦,交差点内,規制なし,中央分離なし,区分あり－縁石・ブロック等,車両相互,乗用車－普通車,二輪車－自動二輪－原付二種－51～125cc,自家用,自家用,乗用車,対象外当事者,0～24歳,45～54歳,損傷なし,負傷,標準－反射式,規制なし,指定の速度規制なし等,50㎞／ｈ以下,小破,大破,その他,対象外当事者,34.2150622,135.1784919
2019,和歌山,和歌山市,104,0149,負傷,0,1,2019/03/15 21:10,2019,3,15,21,10,金,その他,夜－夜,晴,市街地－人口集中,舗装－乾燥,交差点－その他,点灯－３灯式,交差点－大（13.0ｍ以上）－中,直線－平坦,交差点内,規制なし,中央分離なし,区分あり－縁石・ブロック等,人対車両,貨物車－普通車,歩行者,自家用,対象外当事者,貨物車,対象外当事者,45～54歳,55～64歳,損傷なし,負傷,規制なし,対象外当事者,指定の速度規制なし等,対象外当事者,小破,対象外当事者,その他,対象外当事者,34.2623586,135.1961122
2019,和歌山,和歌山市,104,0150,負傷,0,1,2019/03/22 21:35,2019,3,22,21,35,金,その他,夜－夜,晴,非市街地,舗装－乾燥,交差点付近－その他,点灯－３灯式,単路－9.0m以上,直線－平坦,単路（交差点付近を含む）,規制なし,中央分離帯,区分あり－縁石・ブロック等,車両相互,乗用車－普通車,乗用車－軽自動車,自家用,自家用,乗用車,乗用車,55～64歳,0～24歳,負傷,損傷なし,対象外当事者,対象外当事者,指定の速度規制なし等,指定の速度規制なし等,小破,大破,その他,装備あり 作動,34.2016708,135.2104406
2019,和歌山,和歌山市,104,0151,負傷,0,1,2019/04/16 06:40,2019,4,16,6,40,火,その他,昼－昼,晴,市街地－人口集中,舗装－乾燥,交差点－その他,点灯－３灯式,交差点－大（13.0ｍ以上）－大,直線－平坦,交差点内,規制なし,中央分離なし,区分なし,車両相互,乗用車－普通車,乗用車－普通車,自家用,自家用,乗用車,乗用車,55～64歳,65～74歳,損傷なし,損傷なし,規制なし,規制なし,50㎞／ｈ以下,50㎞／ｈ以下,小破,中破,その他,装備あり 作動,34.2363764,135.1934894
2019,和歌山,和歌山市,104,0152,負傷,0,1,2019/04/13 06:50,2019,4,13,6,50,土,その他,昼－昼,晴,非市街地,舗装－乾燥,交差点付近－その他,点灯－３灯式,単路－5.5m以上,直線－平坦,単路（交差点付近を含む）,規制なし,中央線－ペイント,区分あり－縁石・ブロック等,車両相互,乗用車－普通車,乗用車－普通車,自家用,自家用,乗用車,乗用車,0～24歳,35～44歳,損傷なし,負傷,対象外当事者,対象外当事者,50㎞／ｈ以下,50㎞／ｈ以下,小破,小破,その他,その他,34.2097925,135.2233333
2019,和歌山,和歌山市,104,0153,負傷,0,1,2019/04/25 08:15,2019,4,25,8,15,木,その他,昼－昼,曇,市街地－人口集中,舗装－湿潤,交差点－その他,施設なし,交差点－小（5.5m未満）－小,直線－平坦,交差点内,規制なし,中央分離なし,区分あり－縁石・ブロック等,車両相互,貨物車－準中型車,乗用車－普通車,自家用,自家用,貨物車,乗用車,0～24歳,45～54歳,負傷,損傷なし,規制なし,規制なし,指定の速度規制なし等,指定の速度規制なし等,小破,小破,その他,その他,34.2607319,135.2040272
2019,和歌山,和歌山市,105,0057,負傷,0,2,2019/03/15 19:00,2019,3,15,19,0,金,その他,夜－暮,晴,市街地－人口集中,舗装－乾燥,一般交通の場所,施設なし,一般交通の場所,一般交通の場所,その他,規制なし,一般交通の場所,区分なし,車両相互,乗用車－軽自動車,乗用車－軽自動車,自家用,自家用,乗用車,乗用車,55～64歳,0～24歳,損傷なし,負傷,対象外当事者,対象外当事者,指定の速度規制なし等,指定の速度規制なし等,小破,小破,その他,その他,34.1780225,135.1866519
2019,和歌山,和歌山市,105,0058,負傷,0,1,2019/03/20 11:55,2019,3,20,11,55,水,前日,昼－昼,晴,市街地－人口集中,舗装－乾燥,単路－カーブ・屈折,施設なし,単路－5.5m以上,カーブ・屈折－左－上り,単路（交差点付近を含む）,規制なし,中央線－ペイント,区分あり－縁石・ブロック等,車両相互,貨物車－大型車,二輪車－一般原付自転車,自家用,自家用,貨物車,対象外当事者,45～54歳,65～74歳,損傷なし,負傷,対象外当事者,対象外当事者,50㎞／ｈ以下,指定の速度規制なし等,損壊なし,小破,その他,対象外当事者,34.2187172,135.1464586
2019,和歌山,和歌山市,105,0059,負傷,0,1,2019/03/15 11:05,2019,3,15,11,5,金,その他,昼－昼,晴,市街地－人口集中,舗装－乾燥,交差点付近－その他,施設なし,単路－3.5m以上,直線－平坦,単路（交差点付近を含む）,規制なし,中央分離なし,区分なし,車両相互,貨物車－軽自動車,二輪車－一般原付自転車,自家用,自家用,貨物車,対象外当事者,55～64歳,35～44歳,損傷なし,負傷,対象外当事者,対象外当事者,指定の速度規制なし等,指定の速度規制なし等,小破,小破,その他,対象外当事者,34.2180317,135.1590353
2019,和歌山,和歌山市,105,0060,負傷,0,1,2019/03/22 00:30,2019,3,22,0,30,金,その他,夜－夜,晴,市街地－人口集中,舗装－乾燥,交差点付近－その他,施設なし,単路－5.5m以上,直線－平坦,単路（交差点付近を含む）,規制なし,中央分離なし,区分なし,人対車両,乗用車－軽自動車,歩行者,自家用,対象外当事者,乗用車,対象外当事者,25～34歳,25～34歳,損傷なし,負傷,対象外当事者,対象外当事者,指定の速度規制なし等,対象外当事者,小破,対象外当事者,その他,対象外当事者,34.2254594,135.1833956
2019,和歌山,和歌山市,105,0061,負傷,0,1,2019/03/29 17:30,2019,3,29,17,30,金,その他,昼－暮,晴,市街地－人口集中,舗装－乾燥,単路－その他,施設なし,単路－5.5m以上,直線－平坦,単路（交差点付近を含む）,規制なし,中央線－ペイント,区分あり－路側帯,車両相互,乗用車－普通車,二輪車－一般原付自転車,自家用,自家用,乗用車,対象外当事者,35～44歳,65～74歳,損傷なし,負傷,対象外当事者,対象外当事者,40㎞／ｈ以下,指定の速度規制なし等,小破,小破,その他,対象外当事者,34.2165864,135.1546511
2019,和歌山,和歌山市,105,0062,負傷,0,1,2019/03/13 16:57,2019,3,13,16,57,水,その他,昼－昼,晴,市街地－人口集中,舗装－乾燥,交差点－その他,施設なし,交差点－中（5.5m以上）－中,直線－平坦,交差点内,規制なし,中央分離なし,区分なし,車両相互,軽車両－自転車,対象外当事者,対象外当事者,対象外当事者,対象外当事者,対象外当事者,0～24歳,不明,負傷,対象外当事者,規制なし,対象外当事者,対象外当事者,対象外当事者,小破,対象外当事者,対象外当事者,対象外当事者,34.1984894,135.1664169
2019,和歌山,和歌山市,105,0063,負傷,0,2,2019/03/25 08:19,2019,3,25,8,19,月,その他,昼－昼,晴,市街地－人口集中,舗装－乾燥,単路－その他,施設なし,単路－5.5m以上,直線－上り,単路（交差点付近を含む）,規制なし,中央線－ペイント,区分あり－路側帯,車両相互,二輪車－一般原付自転車,軽車両－自転車,自家用,対象外当事者,対象外当事者,対象外当事者,25～34歳,25～34歳,負傷,負傷,対象外当事者,対象外当事者,指定の速度規制なし等,対象外当事者,小破,中破,対象外当事者,対象外当事者,34.2206089,135.1737311
2019,和歌山,和歌山市,105,0064,負傷,0,1,2019/03/05 08:45,2019,3,5,8,45,火,その他,昼－昼,晴,市街地－人口集中,舗装－乾燥,一般交通の場所,施設なし,一般交通の場所,一般交通の場所,その他,規制なし,一般交通の場所,区分なし,人対車両,乗用車－普通車,歩行者,自家用,対象外当事者,乗用車,対象外当事者,75歳以上,65～74歳,損傷なし,負傷,対象外当事者,対象外当事者,指定の速度規制なし等,対象外当事者,小破,対象外当事者,その他,対象外当事者,34.1870311,135.1818908
2019,和歌山,和歌山市,105,0065,負傷,0,1,2019/03/29 10:47,2019,3,29,10,47,金,その他,昼－昼,晴,市街地－人口集中,舗装－乾燥,交差点－その他,施設なし,交差点－大（13.0ｍ以上）－中,直線－平坦,交差点内,規制なし,中央分離帯,区分あり－縁石・ブロック等,車両相互,乗用車－普通車,軽車両－自転車,自家用,対象外当事者,乗用車,対象外当事者,35～44歳,75歳以上,損傷なし,負傷,規制なし,規制なし,50㎞／ｈ以下,対象外当事者,小破,小破,その他,対象外当事者,34.2212039,135.1691472
2019,和歌山,和歌山市,105,0066,負傷,0,1,2019/02/20 15:09,2019,2,20,15,9,水,その他,昼－昼,晴,市街地－人口集中,舗装－乾燥,交差点－その他,施設なし,交差点－中（5.5m以上）－小,直線－平坦,交差点内,規制なし,中央線－ペイント,区分あり－路側帯,車両相互,乗用車－軽自動車,二輪車－一般原付自転車,自家用,自家用,乗用車,対象外当事者,55～64歳,0～24歳,損傷なし,負傷,規制なし,規制なし,50㎞／ｈ以下,指定の速度規制なし等,小破,小破,その他,対象外当事者,34.1945006,135.1704144
2019,和歌山,和歌山市,105,0067,負傷,0,1,2019/02/28 09:18,2019,2,28,9,18,木,その他,昼－昼,晴,市街地－人口集中,舗装－乾燥,交差点－その他,点灯－３灯式,交差点－大（13.0ｍ以上）－中,直線－平坦,交差点内,規制なし,中央分離なし,区分あり－縁石・ブロック等,人対車両,乗用車－軽自動車,歩行者,自家用,対象外当事者,乗用車,対象外当事者,55～64歳,55～64歳,損傷なし,負傷,規制なし,対象外当事者,50㎞／ｈ以下,対象外当事者,小破,対象外当事者,その他,対象外当事者,34.2266953,135.1695747
2019,和歌山,和歌山市,105,0068,負傷,0,1,2019/03/15 09:32,2019,3,15,9,32,金,その他,昼－昼,晴,市街地－人口集中,舗装－乾燥,交差点－その他,施設なし,交差点－小（5.5m未満）－小,直線－平坦,交差点内,規制なし,中央分離なし,区分なし,車両相互,乗用車－軽自動車,二輪車－一般原付自転車,自家用,自家用,乗用車,対象外当事者,65～74歳,25～34歳,損傷なし,負傷,標準－反射式,規制なし,指定の速度規制なし等,指定の速度規制なし等,小破,小破,その他,対象外当事者,34.2072478,135.1669031
2019,和歌山,和歌山市,105,0069,負傷,0,1,2019/04/06 20:10,2019,4,6,20,10,土,その他,夜－夜,晴,市街地－人口集中,舗装－乾燥,単路－その他,施設なし,単路－3.5m以上,直線－平坦,単路（交差点付近を含む）,規制なし,中央分離なし,区分なし,車両相互,二輪車－一般原付自転車,二輪車－一般原付自転車,自家用,自家用,対象外当事者,対象外当事者,0～24歳,45～54歳,損傷なし,負傷,対象外当事者,対象外当事者,指定の速度規制なし等,指定の速度規制なし等,小破,小破,対象外当事者,対象外当事者,34.2125775,135.1657789
2019,和歌山,和歌山市,105,0070,負傷,0,1,2019/04/11 08:45,2019,4,11,8,45,木,その他,昼－昼,晴,市街地－人口集中,舗装－乾燥,単路－橋,施設なし,単路－5.5m以上,直線－下り,単路（交差点付近を含む）,規制なし,中央線－ペイント,区分なし,車両相互,乗用車－普通車,乗用車－軽自動車,自家用,自家用,乗用車,乗用車,0～24歳,65～74歳,負傷,損傷なし,対象外当事者,対象外当事者,50㎞／ｈ以下,50㎞／ｈ以下,小破,小破,その他,その他,34.2296992,135.1614681
2019,和歌山,和歌山市,105,0071,負傷,0,1,2019/04/05 10:05,2019,4,5,10,5,金,その他,昼－昼,晴,市街地－人口集中,舗装－乾燥,交差点付近－その他,施設なし,単路－13.0m以上,直線－平坦,単路（交差点付近を含む）,規制なし,中央線－ペイント,区分あり－縁石・ブロック等,車両相互,貨物車－大型車,乗用車－普通車,事業用,自家用,貨物車,乗用車,25～34歳,35～44歳,損傷なし,負傷,対象外当事者,対象外当事者,50㎞／ｈ以下,50㎞／ｈ以下,小破,中破,その他,その他,34.21986,135.1499525
2019,和歌山,和歌山市,105,0072,負傷,0,1,2019/04/08 12:49,2019,4,8,12,49,月,その他,昼－昼,晴,市街地－人口集中,舗装－乾燥,単路－その他,施設なし,単路－5.5m以上,直線－平坦,単路（交差点付近を含む）,規制なし,中央線－ペイント,区分あり－路側帯,車両相互,乗用車－普通車,乗用車－普通車,自家用,自家用,乗用車,乗用車,65～74歳,35～44歳,損傷なし,負傷,対象外当事者,対象外当事者,40㎞／ｈ以下,40㎞／ｈ以下,小破,小破,その他,その他,34.1890017,135.1724328
2019,和歌山,和歌山市,105,0073,負傷,0,1,2019/04/13 16:50,2019,4,13,16,50,土,その他,昼－昼,晴,市街地－人口集中,舗装－乾燥,交差点付近－その他,点灯－３灯式,単路－9.0m以上,直線－平坦,単路（交差点付近を含む）,規制なし,中央線－ペイント,区分あり－縁石・ブロック等,車両相互,乗用車－軽自動車,二輪車－一般原付自転車,自家用,自家用,乗用車,対象外当事者,25～34歳,75歳以上,損傷なし,負傷,対象外当事者,対象外当事者,50㎞／ｈ以下,指定の速度規制なし等,小破,小破,その他,対象外当事者,34.2127564,135.1594072
2019,和歌山,和歌山市,105,0074,負傷,0,1,2019/03/14 21:10,2019,3,14,21,10,木,その他,夜－夜,晴,市街地－人口集中,舗装－乾燥,一般交通の場所,施設なし,一般交通の場所,一般交通の場所,その他,規制なし,一般交通の場所,区分なし,人対車両,貨物車－軽自動車,歩行者,自家用,対象外当事者,貨物車,対象外当事者,35～44歳,0～24歳,損傷なし,負傷,対象外当事者,対象外当事者,指定の速度規制なし等,対象外当事者,小破,対象外当事者,その他,対象外当事者,34.2303869,135.1782778
2019,和歌山,和歌山市,105,0075,負傷,0,1,2019/04/17 08:10,2019,4,17,8,10,水,その他,昼－昼,晴,市街地－人口集中,舗装－乾燥,単路－その他,施設なし,単路－9.0m以上,直線－平坦,単路（交差点付近を含む）,規制なし,中央線－ペイント,区分あり－縁石・ブロック等,車両相互,乗用車－軽自動車,軽車両－自転車,自家用,対象外当事者,乗用車,対象外当事者,25～34歳,0～24歳,損傷なし,負傷,対象外当事者,対象外当事者,指定の速度規制なし等,対象外当事者,小破,小破,その他,対象外当事者,34.1858872,135.1845839
2019,和歌山,和歌山市,105,0076,負傷,0,1,2019/03/25 22:55,2019,3,25,22,55,月,その他,夜－夜,晴,市街地－人口集中,舗装－乾燥,交差点－その他,点灯－３灯式,交差点－大（13.0ｍ以上）－中,直線－平坦,交差点内,規制なし,中央分離帯,区分あり－縁石・ブロック等,車両相互,乗用車－普通車,軽車両－自転車,自家用,対象外当事者,乗用車,対象外当事者,25～34歳,55～64歳,損傷なし,負傷,規制なし,規制なし,50㎞／ｈ以下,対象外当事者,小破,小破,その他,対象外当事者,34.2070978,135.1710753
2019,和歌山,和歌山市,105,0077,負傷,0,1,2019/03/26 11:25,2019,3,26,11,25,火,その他,昼－昼,晴,市街地－人口集中,舗装－乾燥,交差点－その他,点灯－３灯式,交差点－中（5.5m以上）－中,直線－平坦,交差点内,規制なし,中央分離なし,区分あり－縁石・ブロック等,人対車両,貨物車－大型車,歩行者,事業用,対象外当事者,貨物車,対象外当事者,55～64歳,75歳以上,損傷なし,負傷,規制なし,対象外当事者,40㎞／ｈ以下,対象外当事者,損壊なし,対象外当事者,その他,対象外当事者,34.1889311,135.1628736
2019,和歌山,和歌山市,105,0078,負傷,0,1,2019/04/06 14:00,2019,4,6,14,0,土,その他,昼－昼,晴,市街地－人口集中,舗装－乾燥,交差点付近－その他,点灯－３灯式,単路－13.0m以上,直線－平坦,単路（交差点付近を含む）,規制なし,中央分離帯,区分あり－縁石・ブロック等,車両相互,乗用車－普通車,乗用車－普通車,自家用,自家用,乗用車,乗用車,25～34歳,65～74歳,損傷なし,負傷,対象外当事者,対象外当事者,40㎞／ｈ以下,40㎞／ｈ以下,中破,中破,装備あり 作動,その他,34.2378392,135.1769042
2019,和歌山,海南市,106,0016,負傷,0,1,2019/03/27 22:25,2019,3,27,22,25,水,その他,夜－夜,晴,市街地－人口集中,舗装－乾燥,交差点付近－その他,点灯－３灯式,単路－13.0m以上,直線－平坦,単路（交差点付近を含む）,規制なし,中央線－ペイント,区分あり－縁石・ブロック等,車両相互,乗用車－普通車,乗用車－軽自動車,自家用,自家用,乗用車,乗用車,65～74歳,0～24歳,損傷なし,負傷,対象外当事者,対象外当事者,50㎞／ｈ以下,50㎞／ｈ以下,小破,小破,その他,その他,34.1590122,135.1957089
2019,和歌山,海南市,106,0017,負傷,0,1,2019/04/01 18:10,2019,4,1,18,10,月,その他,昼－暮,雨,市街地－その他,舗装－湿潤,交差点付近－その他,施設なし,単路－5.5m以上,直線－平坦,単路（交差点付近を含む）,規制なし,中央分離なし,区分あり－路側帯,車両相互,乗用車－軽自動車,乗用車－軽自動車,自家用,自家用,乗用車,乗用車,0～24歳,25～34歳,損傷なし,負傷,対象外当事者,対象外当事者,40㎞／ｈ以下,40㎞／ｈ以下,小破,小破,その他,その他,34.1597525,135.2603825
2019,和歌山,海南市,106,0018,負傷,0,1,2019/03/12 15:50,2019,3,12,15,50,火,その他,昼－昼,晴,市街地－その他,舗装－乾燥,交差点－その他,点灯－３灯式,交差点－中（5.5m以上）－小,直線－平坦,交差点内,規制なし,中央分離なし,区分あり－縁石・ブロック等,人対車両,乗用車－普通車,歩行者,自家用,対象外当事者,乗用車,対象外当事者,45～54歳,75歳以上,損傷なし,負傷,規制なし,対象外当事者,40㎞／ｈ以下,対象外当事者,小破,対象外当事者,その他,対象外当事者,34.1595108,135.2247089
2019,和歌山,海南市,106,0019,負傷,0,1,2019/03/22 19:30,2019,3,22,19,30,金,その他,夜－夜,晴,非市街地,舗装－乾燥,交差点－その他,施設なし,交差点－中（5.5m以上）－小,直線－下り,交差点内,規制なし,中央線－ペイント,区分なし,車両相互,乗用車－普通車,乗用車－普通車,自家用,自家用,乗用車,乗用車,45～54歳,25～34歳,損傷なし,負傷,規制なし,規制なし,40㎞／ｈ以下,40㎞／ｈ以下,小破,小破,その他,その他,34.1554628,135.2895819
2019,和歌山,有田市,107,0008,負傷,0,1,2019/04/09 13:45,2019,4,9,13,45,火,その他,昼－昼,晴,市街地－人口集中,舗装－乾燥,交差点－その他,点灯－押ボタン式,交差点－中（5.5m以上）－中,直線－平坦,交差点内,規制なし,中央分離なし,区分あり－縁石・ブロック等,車両相互,乗用車－軽自動車,二輪車－一般原付自転車,自家用,自家用,乗用車,対象外当事者,45～54歳,75歳以上,損傷なし,負傷,規制なし,規制なし,30㎞／ｈ以下,指定の速度規制なし等,小破,小破,その他,対象外当事者,34.0847489,135.1256067
2019,和歌山,湯浅町,108,0011,負傷,0,1,2019/03/28 09:10,2019,3,28,9,10,木,その他,昼－昼,晴,市街地－その他,舗装－乾燥,単路－その他,施設なし,単路－3.5m以上,直線－平坦,単路（交差点付近を含む）,規制なし,中央分離なし,区分なし,人対車両,貨物車－軽自動車,歩行者,自家用,対象外当事者,貨物車,対象外当事者,55～64歳,65～74歳,損傷なし,負傷,対象外当事者,対象外当事者,指定の速度規制なし等,対象外当事者,小破,対象外当事者,その他,対象外当事者,34.0312756,135.185605
2019,和歌山,有田川町,108,0012,負傷,0,1,2019/04/04 08:40,2019,4,4,8,40,木,その他,昼－昼,晴,市街地－その他,舗装－乾燥,単路－その他,点灯－３灯式,単路－5.5m以上,直線－平坦,単路（交差点付近を含む）,規制なし,中央線－ペイント,区分あり－縁石・ブロック等,車両相互,乗用車－普通車,乗用車－軽自動車,自家用,自家用,乗用車,乗用車,35～44歳,45～54歳,損傷なし,負傷,対象外当事者,対象外当事者,50㎞／ｈ以下,50㎞／ｈ以下,小破,小破,その他,その他,34.0575928,135.1956561
2019,和歌山,有田川町,108,0013,負傷,0,1,2019/04/12 17:15,2019,4,12,17,15,金,その他,昼－昼,晴,非市街地,舗装－乾燥,単路－その他,点灯－３灯式,単路－3.5m以上,直線－平坦,単路（交差点付近を含む）,規制なし,中央分離帯,区分あり－縁石・ブロック等,車両相互,乗用車－普通車,乗用車－普通車,自家用,自家用,乗用車,乗用車,0～24歳,25～34歳,損傷なし,負傷,対象外当事者,対象外当事者,50㎞／ｈ以下,40㎞／ｈ以下,小破,小破,その他,その他,34.0636447,135.2004919
2019,和歌山,有田川町,108,0014,負傷,0,1,2019/03/31 22:47,2019,3,31,22,47,日,その他,夜－夜,晴,非市街地,舗装－乾燥,交差点－その他,施設なし,交差点－中（5.5m以上）－中,直線－平坦,交差点内,規制なし,中央分離なし,区分あり－防護柵等,車両相互,乗用車－普通車,乗用車－軽自動車,自家用,自家用,乗用車,乗用車,0～24歳,55～64歳,損傷なし,負傷,標準－反射式,規制なし,40㎞／ｈ以下,指定の速度規制なし等,中破,中破,その他,装備あり 作動,34.0731756,135.2016711
2019,和歌山,有田川町,108,0015,負傷,0,2,2019/01/29 07:27,2019,1,29,7,27,火,その他,昼－明,晴,非市街地,舗装－乾燥,交差点－その他,施設なし,交差点－中（5.5m以上）－小,直線－平坦,交差点内,規制なし,中央線－ペイント,区分あり－路側帯,車両相互,乗用車－普通車,貨物車－軽自動車,自家用,自家用,乗用車,貨物車,35～44歳,45～54歳,損傷なし,負傷,規制なし,規制なし,40㎞／ｈ以下,40㎞／ｈ以下,中破,中破,その他,その他,34.0465953,135.2039978
2019,和歌山,湯浅町,108,0016,負傷,0,1,2019/04/02 11:30,2019,4,2,11,30,火,その他,昼－昼,晴,市街地－人口集中,舗装－乾燥,一般交通の場所,施設なし,一般交通の場所,一般交通の場所,その他,規制なし,一般交通の場所,区分なし,車両相互,乗用車－普通車,二輪車－一般原付自転車,自家用,自家用,乗用車,対象外当事者,65～74歳,65～74歳,損傷なし,負傷,対象外当事者,対象外当事者,指定の速度規制なし等,指定の速度規制なし等,小破,小破,その他,対象外当事者,34.0385978,135.1809953