対象年,都道府県,市区町村,警察署等コード,本票番号,事故内容,死者数,負傷者数,発生日時,発生年,発生月,発生日,発生時,発生分,曜日,祝日,昼夜,天候,地形,路面状態,道路形状,信号機,車道幅員,道路線形,衝突地点,ゾーン規制,中央分離帯施設等,歩車道区分,事故類型,当事者A 種別,当事者B 種別,当事者A 用途,当事者B 用途,当事者A 車両形状,当事者B 車両形状,当事者A 年齢,当事者B 年齢,当事者A 人身損傷程度,当事者B 人身損傷程度,当事者A 一時停止規制標識,当事者B 一時停止規制標識,当事者A 速度規制,当事者B 速度規制,当事者A 車両損壊程度,当事者B 車両損壊程度,当事者A エアバッグ,当事者B エアバッグ,緯度,経度
2019,和歌山,印南町,059,0014,負傷,0,3,2019/04/27 09:55,2019,4,27,9,55,土,その他,昼－昼,晴,非市街地,舗装－乾燥,単路－トンネル,施設なし,単路－5.5m以上,直線－平坦,単路（交差点付近を含む）,規制なし,中央線－ポストコーン,区分なし,車両相互,乗用車－普通車,乗用車－普通車,自家用,自家用,乗用車,乗用車,35～44歳,25～34歳,損傷なし,負傷,対象外当事者,対象外当事者,70㎞／ｈ以下,70㎞／ｈ以下,小破,中破,装備あり 作動,装備あり 作動,33.8048778,135.2608308
2019,和歌山,印南町,059,0015,負傷,0,2,2019/04/20 09:45,2019,4,20,9,45,土,その他,昼－昼,晴,非市街地,舗装－乾燥,単路－トンネル,施設なし,単路－5.5m以上,直線－平坦,単路（交差点付近を含む）,規制なし,中央線－ポストコーン,区分なし,車両相互,乗用車－軽自動車,乗用車－軽自動車,自家用,自家用,乗用車,乗用車,45～54歳,25～34歳,損傷なし,負傷,対象外当事者,対象外当事者,70㎞／ｈ以下,70㎞／ｈ以下,小破,小破,その他,その他,33.8051864,135.25871
2019,和歌山,田辺市,059,0016,負傷,0,2,2019/05/02 22:20,2019,5,2,22,20,木,当日,夜－夜,晴,非市街地,舗装－乾燥,単路－トンネル,施設なし,単路－5.5m以上,直線－平坦,単路（交差点付近を含む）,規制なし,中央線－ポストコーン,区分なし,車両相互,乗用車－普通車,貨物車－軽自動車,自家用,自家用,乗用車,貨物車,35～44歳,35～44歳,負傷,損傷なし,対象外当事者,対象外当事者,70㎞／ｈ以下,70㎞／ｈ以下,小破,小破,その他,その他,33.7481758,135.3649808
2019,和歌山,九度山町,101,0035,負傷,0,4,2019/04/21 08:50,2019,4,21,8,50,日,その他,昼－昼,晴,非市街地,舗装－乾燥,単路－その他,施設なし,単路－5.5m以上,直線－平坦,単路（交差点付近を含む）,規制なし,中央線－ペイント,区分あり－縁石・ブロック等,車両相互,乗用車－普通車,乗用車－普通車,自家用,自家用,乗用車,乗用車,55～64歳,35～44歳,負傷,負傷,対象外当事者,対象外当事者,指定の速度規制なし等,指定の速度規制なし等,小破,小破,その他,その他,34.2936256,135.5561489
2019,和歌山,橋本市,101,0036,負傷,0,1,2019/05/09 09:52,2019,5,9,9,52,木,その他,昼－昼,曇,市街地－その他,舗装－乾燥,一般交通の場所,施設なし,一般交通の場所,一般交通の場所,その他,規制なし,一般交通の場所,区分なし,人対車両,乗用車－軽自動車,歩行者,自家用,対象外当事者,乗用車,対象外当事者,75歳以上,65～74歳,損傷なし,負傷,対象外当事者,対象外当事者,指定の速度規制なし等,対象外当事者,小破,対象外当事者,その他,対象外当事者,34.3362794,135.6525328
2019,和歌山,橋本市,101,0037,負傷,0,1,2019/05/11 11:00,2019,5,11,11,0,土,その他,昼－昼,晴,市街地－その他,舗装－乾燥,交差点－その他,施設なし,交差点－中（5.5m以上）－中,直線－平坦,交差点内,規制なし,中央分離なし,区分あり－縁石・ブロック等,車両相互,貨物車－中型車,乗用車－普通車,自家用,自家用,貨物車,乗用車,25～34歳,65～74歳,損傷なし,負傷,規制なし,規制なし,50㎞／ｈ以下,50㎞／ｈ以下,小破,中破,その他,その他,34.3542739,135.6019061
2019,和歌山,橋本市,101,0038,負傷,0,1,2019/05/18 18:48,2019,5,18,18,48,土,その他,昼－暮,曇,市街地－人口集中,舗装－乾燥,交差点付近－その他,点灯－３灯式,単路－5.5m以上,直線－平坦,単路（交差点付近を含む）,規制なし,中央線－ペイント,区分あり－路側帯,車両相互,貨物車－軽自動車,二輪車－自動二輪－軽二輪－126～250cc,自家用,自家用,貨物車,対象外当事者,65～74歳,25～34歳,損傷なし,負傷,対象外当事者,対象外当事者,40㎞／ｈ以下,40㎞／ｈ以下,小破,小破,その他,対象外当事者,34.3172889,135.6166331
2019,和歌山,橋本市,101,0039,負傷,0,1,2019/05/18 15:00,2019,5,18,15,0,土,その他,昼－昼,曇,市街地－その他,舗装－乾燥,一般交通の場所,施設なし,一般交通の場所,一般交通の場所,その他,規制なし,一般交通の場所,区分なし,車両単独,貨物車－軽自動車,物件等,自家用,対象外当事者,貨物車,対象外当事者,75歳以上,不明,損傷なし,対象外当事者,対象外当事者,対象外当事者,指定の速度規制なし等,対象外当事者,小破,対象外当事者,その他,対象外当事者,34.3255011,135.6395628
2019,和歌山,橋本市,101,0040,負傷,0,1,2019/04/24 20:39,2019,4,24,20,39,水,その他,夜－夜,雨,市街地－人口集中,舗装－湿潤,単路－その他,施設なし,単路－5.5m以上,直線－平坦,単路（交差点付近を含む）,規制なし,中央線－ペイント,区分あり－縁石・ブロック等,車両相互,乗用車－普通車,二輪車－一般原付自転車,自家用,自家用,乗用車,対象外当事者,35～44歳,45～54歳,損傷なし,負傷,対象外当事者,対象外当事者,40㎞／ｈ以下,30㎞／ｈ以下,損壊なし,小破,その他,対象外当事者,34.3175147,135.6136094
2019,和歌山,橋本市,101,0041,負傷,0,1,2019/05/16 08:30,2019,5,16,8,30,木,その他,昼－昼,晴,市街地－その他,舗装－乾燥,単路－その他,施設なし,単路－5.5m以上,直線－平坦,単路（交差点付近を含む）,規制なし,中央線－ペイント,区分あり－縁石・ブロック等,車両相互,乗用車－軽自動車,二輪車－一般原付自転車,自家用,自家用,乗用車,対象外当事者,45～54歳,0～24歳,損傷なし,負傷,対象外当事者,対象外当事者,50㎞／ｈ以下,指定の速度規制なし等,小破,小破,その他,対象外当事者,34.3235236,135.6315133
2019,和歌山,橋本市,101,0042,負傷,0,1,2019/05/11 08:00,2019,5,11,8,0,土,その他,昼－昼,晴,非市街地,舗装－乾燥,単路－カーブ・屈折,施設なし,単路－5.5m以上,カーブ・屈折－左－平坦,単路（交差点付近を含む）,規制なし,中央分離なし,区分なし,車両相互,乗用車－普通車,乗用車－軽自動車,自家用,自家用,乗用車,乗用車,35～44歳,65～74歳,負傷,損傷なし,対象外当事者,対象外当事者,指定の速度規制なし等,指定の速度規制なし等,小破,小破,その他,その他,34.3256,135.6239153
2019,和歌山,高野町,101,0043,負傷,0,2,2019/04/24 10:55,2019,4,24,10,55,水,その他,昼－昼,曇,市街地－その他,舗装－乾燥,単路－その他,施設なし,単路－5.5m以上,直線－平坦,単路（交差点付近を含む）,規制なし,中央線－ペイント,区分なし,車両相互,貨物車－軽自動車,貨物車－軽自動車,自家用,自家用,貨物車,貨物車,25～34歳,55～64歳,損傷なし,負傷,対象外当事者,対象外当事者,40㎞／ｈ以下,40㎞／ｈ以下,中破,中破,その他,その他,34.2122061,135.57998
2019,和歌山,橋本市,101,0044,負傷,0,1,2018/11/26 05:50,2018,11,26,5,50,月,その他,夜－明,晴,非市街地,舗装－乾燥,交差点－その他,点灯－３灯式,交差点－中（5.5m以上）－中,直線－平坦,交差点内,規制なし,中央分離なし,区分あり－防護柵等,車両相互,乗用車－軽自動車,貨物車－軽自動車,自家用,自家用,乗用車,貨物車,35～44歳,35～44歳,負傷,損傷なし,規制なし,規制なし,40㎞／ｈ以下,40㎞／ｈ以下,中破,中破,その他,装備あり 作動,34.3197911,135.5875211
2019,和歌山,橋本市,101,0045,負傷,0,1,2019/05/17 07:25,2019,5,17,7,25,金,その他,昼－昼,晴,市街地－その他,舗装－乾燥,交差点－その他,施設なし,交差点－中（5.5m以上）－小,直線－平坦,交差点内,規制なし,中央分離なし,区分あり－縁石・ブロック等,車両相互,乗用車－軽自動車,軽車両－自転車,自家用,対象外当事者,乗用車,対象外当事者,0～24歳,35～44歳,損傷なし,負傷,標準－反射式,規制なし,指定の速度規制なし等,対象外当事者,小破,小破,その他,対象外当事者,34.2968722,135.5792158
2019,和歌山,かつらぎ町,102,0015,負傷,0,1,2019/04/12 20:40,2019,4,12,20,40,金,その他,夜－夜,晴,非市街地,舗装－乾燥,交差点付近－その他,施設なし,単路－5.5m以上,直線－平坦,単路（交差点付近を含む）,規制なし,中央線－ペイント,区分あり－縁石・ブロック等,車両相互,乗用車－普通車,二輪車－一般原付自転車,自家用,自家用,乗用車,対象外当事者,0～24歳,65～74歳,損傷なし,負傷,対象外当事者,対象外当事者,指定の速度規制なし等,指定の速度規制なし等,小破,小破,その他,対象外当事者,34.2822761,135.4592214
2019,和歌山,かつらぎ町,102,0016,負傷,0,1,2019/05/17 07:35,2019,5,17,7,35,金,その他,昼－昼,晴,非市街地,舗装－乾燥,交差点付近－その他,点灯－３灯式,単路－5.5m以上,直線－平坦,その他,規制なし,中央線－ペイント,区分あり－路側帯,車両相互,乗用車－普通車,乗用車－普通車,自家用,自家用,乗用車,乗用車,45～54歳,35～44歳,損傷なし,負傷,対象外当事者,対象外当事者,50㎞／ｈ以下,50㎞／ｈ以下,小破,小破,その他,その他,34.2869075,135.4733869
2019,和歌山,かつらぎ町,102,0017,負傷,0,2,2019/05/04 13:50,2019,5,4,13,50,土,当日,昼－昼,晴,非市街地,舗装－乾燥,交差点－その他,施設なし,交差点－中（5.5m以上）－小,直線－上り,交差点内,規制なし,中央線－ペイント,区分あり－路側帯,車両相互,乗用車－普通車,二輪車－自動二輪－小型二輪－751ｃｃ以上,自家用,自家用,乗用車,対象外当事者,25～34歳,0～24歳,負傷,損傷なし,規制なし,規制なし,指定の速度規制なし等,指定の速度規制なし等,小破,大破,その他,対象外当事者,34.2392281,135.4915439
2019,和歌山,かつらぎ町,102,0018,負傷,0,1,2019/05/14 08:35,2019,5,14,8,35,火,その他,昼－昼,曇,市街地－その他,舗装－乾燥,交差点－その他,点灯－３灯式,交差点－中（5.5m以上）－小,直線－平坦,交差点内,規制なし,中央分離なし,区分あり－路側帯,車両相互,乗用車－軽自動車,乗用車－軽自動車,自家用,自家用,乗用車,乗用車,35～44歳,25～34歳,損傷なし,負傷,規制なし,規制なし,50㎞／ｈ以下,50㎞／ｈ以下,小破,小破,その他,その他,34.2893689,135.4808358
2019,和歌山,かつらぎ町,102,0019,負傷,0,1,2019/05/25 11:00,2019,5,25,11,0,土,その他,昼－昼,晴,非市街地,舗装－乾燥,単路－その他,施設なし,単路－5.5m以上,直線－平坦,単路（交差点付近を含む）,規制なし,中央線－ペイント,区分あり－縁石・ブロック等,人対車両,乗用車－普通車,歩行者,自家用,対象外当事者,乗用車,対象外当事者,55～64歳,35～44歳,損傷なし,負傷,対象外当事者,対象外当事者,50㎞／ｈ以下,対象外当事者,損壊なし,対象外当事者,その他,対象外当事者,34.2861422,135.4700664
2019,和歌山,紀の川市,103,0074,負傷,0,1,2019/05/02 14:55,2019,5,2,14,55,木,当日,昼－昼,晴,非市街地,舗装－乾燥,交差点付近－その他,点灯－３灯式,単路－5.5m以上,直線－下り,単路（交差点付近を含む）,規制なし,中央線－ペイント,区分あり－縁石・ブロック等,車両相互,乗用車－普通車,乗用車－軽自動車,自家用,自家用,乗用車,乗用車,35～44歳,65～74歳,損傷なし,負傷,対象外当事者,対象外当事者,50㎞／ｈ以下,50㎞／ｈ以下,小破,小破,その他,その他,34.2462494,135.3673444
2019,和歌山,岩出市,103,0075,負傷,0,1,2019/04/27 21:15,2019,4,27,21,15,土,その他,夜－夜,晴,市街地－その他,舗装－乾燥,交差点付近－その他,点灯－３灯式,単路－13.0m以上,直線－平坦,単路（交差点付近を含む）,規制なし,中央分離帯,区分あり－縁石・ブロック等,車両相互,乗用車－軽自動車,乗用車－軽自動車,自家用,自家用,乗用車,乗用車,0～24歳,35～44歳,損傷なし,負傷,対象外当事者,対象外当事者,指定の速度規制なし等,指定の速度規制なし等,小破,小破,その他,その他,34.2605461,135.3132206
2019,和歌山,紀の川市,103,0076,負傷,0,2,2019/05/02 10:35,2019,5,2,10,35,木,当日,昼－昼,晴,市街地－その他,舗装－乾燥,交差点－その他,施設なし,交差点－中（5.5m以上）－小,直線－平坦,交差点内,規制なし,中央線－ペイント,区分あり－縁石・ブロック等,車両相互,乗用車－普通車,貨物車－軽自動車,自家用,自家用,乗用車,貨物車,65～74歳,25～34歳,負傷,損傷なし,規制なし,規制なし,50㎞／ｈ以下,50㎞／ｈ以下,中破,小破,その他,その他,34.2705592,135.422855
2019,和歌山,岩出市,103,0077,負傷,0,1,2019/04/07 10:15,2019,4,7,10,15,日,その他,昼－昼,晴,市街地－その他,舗装－乾燥,交差点－その他,点灯－３灯式,交差点－大（13.0ｍ以上）－中,直線－平坦,交差点内,規制なし,中央分離なし,区分あり－縁石・ブロック等,車両相互,乗用車－普通車,二輪車－自動二輪－原付二種－51～125cc,自家用,自家用,乗用車,対象外当事者,35～44歳,0～24歳,損傷なし,負傷,規制なし,規制なし,50㎞／ｈ以下,50㎞／ｈ以下,中破,小破,その他,対象外当事者,34.2591006,135.3028011
2019,和歌山,岩出市,103,0078,負傷,0,2,2019/04/19 07:40,2019,4,19,7,40,金,その他,昼－昼,晴,市街地－その他,舗装－乾燥,交差点－その他,点灯－３灯式,交差点－大（13.0ｍ以上）－中,直線－平坦,交差点内,規制なし,中央分離なし,区分あり－縁石・ブロック等,車両相互,乗用車－普通車,乗用車－軽自動車,自家用,自家用,乗用車,乗用車,25～34歳,75歳以上,負傷,負傷,規制なし,規制なし,50㎞／ｈ以下,50㎞／ｈ以下,中破,中破,その他,その他,34.2784556,135.3046053
2019,和歌山,紀の川市,103,0079,負傷,0,2,2019/05/01 14:25,2019,5,1,14,25,水,当日,昼－昼,雨,非市街地,舗装－湿潤,交差点付近－その他,施設なし,単路－5.5m以上,直線－下り,単路（交差点付近を含む）,ゾーン30,中央線－ペイント,区分あり－防護柵等,車両相互,乗用車－普通車,貨物車－軽自動車,自家用,自家用,乗用車,貨物車,35～44歳,55～64歳,負傷,損傷なし,対象外当事者,対象外当事者,50㎞／ｈ以下,50㎞／ｈ以下,小破,小破,その他,その他,34.208155,135.2887442
2019,和歌山,岩出市,103,0080,負傷,0,1,2019/04/26 23:40,2019,4,26,23,40,金,その他,夜－夜,曇,非市街地,舗装－湿潤,単路－カーブ・屈折,施設なし,単路－9.0m以上,カーブ・屈折－右－下り,単路（交差点付近を含む）,規制なし,中央分離帯,区分あり－路側帯,車両単独,乗用車－普通車,物件等,自家用,対象外当事者,乗用車,対象外当事者,25～34歳,不明,損傷なし,対象外当事者,対象外当事者,対象外当事者,50㎞／ｈ以下,対象外当事者,小破,対象外当事者,その他,対象外当事者,34.3108775,135.3068703
2019,和歌山,岩出市,103,0081,負傷,0,1,2019/03/30 23:27,2019,3,30,23,27,土,その他,夜－夜,雨,非市街地,舗装－湿潤,交差点－その他,点灯－３灯式,交差点－大（13.0ｍ以上）－小,直線－平坦,交差点内,規制なし,中央分離帯,区分あり－縁石・ブロック等,車両相互,乗用車－軽自動車,乗用車－軽自動車,自家用,自家用,乗用車,乗用車,0～24歳,45～54歳,損傷なし,負傷,規制なし,規制なし,指定の速度規制なし等,指定の速度規制なし等,大破,大破,装備あり 作動,装備あり 作動,34.2637697,135.2763194
2019,和歌山,岩出市,103,0082,負傷,0,1,2019/05/15 15:45,2019,5,15,15,45,水,その他,昼－昼,晴,市街地－その他,舗装－乾燥,交差点付近－その他,点灯－３灯式,単路－5.5m以上,直線－平坦,単路（交差点付近を含む）,規制なし,中央分離なし,区分なし,車両相互,乗用車－普通車,乗用車－軽自動車,自家用,自家用,乗用車,乗用車,45～54歳,25～34歳,負傷,損傷なし,対象外当事者,対象外当事者,指定の速度規制なし等,指定の速度規制なし等,小破,小破,その他,その他,34.2634297,135.3173581
2019,和歌山,岩出市,103,0083,負傷,0,2,2019/04/20 14:35,2019,4,20,14,35,土,その他,昼－昼,晴,非市街地,舗装－乾燥,一般交通の場所,施設なし,一般交通の場所,一般交通の場所,その他,規制なし,一般交通の場所,区分あり－縁石・ブロック等,車両相互,乗用車－普通車,乗用車－軽自動車,自家用,自家用,乗用車,乗用車,25～34歳,25～34歳,負傷,負傷,対象外当事者,対象外当事者,20㎞／ｈ以下,指定の速度規制なし等,小破,小破,その他,その他,34.2594672,135.2774572
2019,和歌山,紀の川市,103,0084,負傷,0,1,2019/05/07 10:20,2019,5,7,10,20,火,その他,昼－昼,晴,非市街地,舗装－乾燥,交差点付近－その他,点灯－３灯式,単路－5.5m以上,直線－平坦,単路（交差点付近を含む）,規制なし,中央線－ペイント,区分あり－縁石・ブロック等,車両相互,貨物車－軽自動車,二輪車－自動二輪－原付二種－51～125cc,自家用,自家用,貨物車,対象外当事者,75歳以上,65～74歳,損傷なし,負傷,対象外当事者,対象外当事者,40㎞／ｈ以下,40㎞／ｈ以下,小破,小破,その他,対象外当事者,34.2703239,135.3515683
2019,和歌山,紀の川市,103,0085,負傷,0,1,2019/03/20 09:35,2019,3,20,9,35,水,前日,昼－昼,晴,市街地－その他,舗装－乾燥,交差点－その他,点灯－３灯式,交差点－中（5.5m以上）－中,直線－平坦,交差点内,規制なし,中央分離なし,区分あり－縁石・ブロック等,車両相互,乗用車－普通車,二輪車－一般原付自転車,自家用,自家用,乗用車,対象外当事者,45～54歳,75歳以上,損傷なし,負傷,規制なし,規制なし,30㎞／ｈ以下,30㎞／ｈ以下,小破,小破,その他,対象外当事者,34.2664025,135.3627233
2019,和歌山,紀の川市,103,0086,負傷,0,1,2019/04/10 08:35,2019,4,10,8,35,水,その他,昼－昼,曇,市街地－その他,舗装－乾燥,交差点－その他,点灯－押ボタン式,交差点－中（5.5m以上）－小,直線－平坦,交差点内,規制なし,中央線－ペイント,区分あり－縁石・ブロック等,車両相互,乗用車－普通車,軽車両－駆動補助機付自転車,自家用,対象外当事者,乗用車,対象外当事者,55～64歳,25～34歳,損傷なし,負傷,標準－反射式,規制なし,指定の速度規制なし等,対象外当事者,小破,小破,その他,対象外当事者,34.2684478,135.3978419
2019,和歌山,岩出市,103,0087,負傷,0,2,2019/05/17 10:00,2019,5,17,10,0,金,その他,昼－昼,晴,市街地－その他,舗装－乾燥,交差点－その他,施設なし,交差点－中（5.5m以上）－小,直線－平坦,交差点内,規制なし,中央分離なし,区分あり－縁石・ブロック等,車両相互,乗用車－普通車,乗用車－普通車,自家用,自家用,乗用車,乗用車,55～64歳,35～44歳,損傷なし,負傷,標準－反射式,規制なし,指定の速度規制なし等,50㎞／ｈ以下,小破,中破,その他,その他,34.2667625,135.3152836
2019,和歌山,岩出市,103,0088,負傷,0,1,2019/05/10 16:45,2019,5,10,16,45,金,その他,昼－昼,晴,市街地－その他,舗装－乾燥,一般交通の場所,施設なし,一般交通の場所,一般交通の場所,その他,規制なし,一般交通の場所,区分なし,車両相互,乗用車－軽自動車,二輪車－一般原付自転車,自家用,自家用,乗用車,対象外当事者,45～54歳,75歳以上,損傷なし,負傷,対象外当事者,対象外当事者,指定の速度規制なし等,指定の速度規制なし等,小破,小破,その他,対象外当事者,34.2571361,135.3190131
2019,和歌山,岩出市,103,0089,負傷,0,1,2019/05/23 13:00,2019,5,23,13,0,木,その他,昼－昼,晴,市街地－その他,舗装－乾燥,単路－その他,施設なし,単路－5.5m以上,直線－平坦,単路（交差点付近を含む）,規制なし,中央線－ペイント,区分なし,車両相互,乗用車－軽自動車,乗用車－軽自動車,自家用,自家用,乗用車,乗用車,75歳以上,25～34歳,損傷なし,負傷,対象外当事者,対象外当事者,40㎞／ｈ以下,40㎞／ｈ以下,小破,小破,その他,その他,34.2697461,135.3096589
2019,和歌山,岩出市,103,0090,負傷,0,1,2019/05/23 17:45,2019,5,23,17,45,木,その他,昼－昼,晴,市街地－その他,舗装－乾燥,交差点－その他,点灯－３灯式,交差点－中（5.5m以上）－中,直線－平坦,交差点内,規制なし,中央分離なし,区分あり－縁石・ブロック等,車両相互,乗用車－普通車,軽車両－自転車,自家用,対象外当事者,乗用車,対象外当事者,35～44歳,25～34歳,損傷なし,負傷,規制なし,規制なし,40㎞／ｈ以下,対象外当事者,小破,小破,その他,対象外当事者,34.2713083,135.2948933
2019,和歌山,岩出市,103,0091,負傷,0,2,2019/05/26 17:05,2019,5,26,17,5,日,その他,昼－昼,晴,非市街地,舗装－乾燥,交差点付近－その他,施設なし,単路－13.0m以上,直線－平坦,単路（交差点付近を含む）,規制なし,中央分離帯,区分なし,車両相互,乗用車－普通車,乗用車－軽自動車,自家用,自家用,乗用車,乗用車,55～64歳,55～64歳,負傷,損傷なし,対象外当事者,対象外当事者,指定の速度規制なし等,指定の速度規制なし等,小破,小破,その他,その他,34.2639117,135.2760925
2019,和歌山,岩出市,103,0092,負傷,0,1,2019/05/22 17:35,2019,5,22,17,35,水,その他,昼－昼,晴,市街地－その他,舗装－乾燥,一般交通の場所,施設なし,一般交通の場所,一般交通の場所,その他,規制なし,一般交通の場所,区分なし,車両相互,乗用車－普通車,乗用車－軽自動車,自家用,自家用,乗用車,乗用車,45～54歳,25～34歳,損傷なし,負傷,対象外当事者,対象外当事者,指定の速度規制なし等,指定の速度規制なし等,小破,小破,その他,その他,34.271835,135.2946736
2019,和歌山,岩出市,103,0093,負傷,0,1,2019/05/27 12:40,2019,5,27,12,40,月,その他,昼－昼,晴,市街地－その他,舗装－乾燥,交差点－その他,点灯－３灯式,交差点－大（13.0ｍ以上）－中,直線－平坦,交差点内,規制なし,中央分離帯,区分あり－縁石・ブロック等,車両相互,乗用車－普通車,軽車両－自転車,自家用,対象外当事者,乗用車,対象外当事者,75歳以上,55～64歳,損傷なし,負傷,規制なし,規制なし,50㎞／ｈ以下,対象外当事者,小破,小破,その他,対象外当事者,34.26103,135.3171019
2019,和歌山,和歌山市,104,0154,負傷,0,1,2019/03/30 20:30,2019,3,30,20,30,土,その他,夜－夜,曇,市街地－人口集中,舗装－湿潤,交差点－その他,施設なし,交差点－小（5.5m未満）－小,直線－平坦,交差点内,規制なし,中央分離なし,区分なし,車両相互,二輪車－一般原付自転車,二輪車－一般原付自転車,自家用,自家用,対象外当事者,対象外当事者,0～24歳,45～54歳,損傷なし,負傷,標準－反射式,規制なし,指定の速度規制なし等,指定の速度規制なし等,小破,小破,対象外当事者,対象外当事者,34.2251453,135.1960336
2019,和歌山,和歌山市,104,0155,負傷,0,1,2019/03/09 10:20,2019,3,9,10,20,土,その他,昼－昼,晴,非市街地,舗装－乾燥,単路－その他,施設なし,単路－3.5m以上,直線－平坦,単路（交差点付近を含む）,規制なし,中央分離なし,区分なし,車両相互,貨物車－準中型車,乗用車－普通車,事業用,自家用,貨物車,乗用車,45～54歳,35～44歳,損傷なし,負傷,対象外当事者,対象外当事者,指定の速度規制なし等,指定の速度規制なし等,小破,小破,その他,その他,34.2595689,135.2229475
2019,和歌山,和歌山市,104,0156,負傷,0,2,2019/04/16 10:45,2019,4,16,10,45,火,その他,昼－昼,晴,市街地－人口集中,舗装－乾燥,一般交通の場所,施設なし,一般交通の場所,一般交通の場所,その他,規制なし,一般交通の場所,区分なし,車両相互,乗用車－普通車,乗用車－普通車,自家用,自家用,乗用車,乗用車,75歳以上,25～34歳,損傷なし,負傷,対象外当事者,対象外当事者,指定の速度規制なし等,指定の速度規制なし等,小破,小破,その他,その他,34.2339958,135.1904103
2019,和歌山,和歌山市,104,0157,負傷,0,1,2019/05/01 07:55,2019,5,1,7,55,水,当日,昼－昼,雨,市街地－人口集中,舗装－湿潤,交差点付近－その他,施設なし,単路－3.5m以上,直線－平坦,単路（交差点付近を含む）,規制なし,中央分離なし,区分なし,人対車両,貨物車－軽自動車,歩行者,自家用,対象外当事者,貨物車,対象外当事者,65～74歳,75歳以上,損傷なし,負傷,対象外当事者,対象外当事者,20㎞／ｈ以下,対象外当事者,小破,対象外当事者,その他,対象外当事者,34.2243939,135.1973675
2019,和歌山,和歌山市,104,0158,負傷,0,1,2019/04/04 08:00,2019,4,4,8,0,木,その他,昼－昼,晴,市街地－人口集中,舗装－乾燥,交差点－その他,施設なし,交差点－中（5.5m以上）－小,直線－平坦,交差点内,規制なし,中央分離なし,区分なし,車両相互,貨物車－普通車,二輪車－自動二輪－原付二種－51～125cc,自家用,自家用,貨物車,対象外当事者,35～44歳,55～64歳,損傷なし,負傷,規制なし,規制なし,30㎞／ｈ以下,指定の速度規制なし等,小破,小破,その他,対象外当事者,34.2079306,135.1914767
2019,和歌山,和歌山市,104,0159,負傷,0,2,2019/04/29 13:25,2019,4,29,13,25,月,当日,昼－昼,曇,非市街地,舗装－乾燥,交差点－その他,施設なし,交差点－大（13.0ｍ以上）－中,カーブ・屈折－右－平坦,交差点内,規制なし,中央分離なし,区分あり－縁石・ブロック等,車両相互,貨物車－準中型車,乗用車－普通車,自家用,自家用,貨物車,乗用車,35～44歳,35～44歳,損傷なし,負傷,規制なし,規制なし,40㎞／ｈ以下,40㎞／ｈ以下,小破,中破,その他,その他,34.2577203,135.262125
2019,和歌山,和歌山市,104,0160,負傷,0,1,2019/04/22 10:30,2019,4,22,10,30,月,その他,昼－昼,晴,市街地－人口集中,舗装－乾燥,交差点－その他,点灯－３灯式,交差点－大（13.0ｍ以上）－中,直線－平坦,交差点内,規制なし,中央分離なし,区分あり－縁石・ブロック等,車両相互,乗用車－軽自動車,軽車両－自転車,自家用,対象外当事者,乗用車,対象外当事者,75歳以上,25～34歳,損傷なし,負傷,規制なし,規制なし,50㎞／ｈ以下,対象外当事者,小破,小破,その他,対象外当事者,34.2222628,135.1898217
2019,和歌山,和歌山市,104,0161,負傷,0,1,2019/04/13 08:05,2019,4,13,8,5,土,その他,昼－昼,晴,市街地－人口集中,舗装－乾燥,交差点－その他,施設なし,交差点－小（5.5m未満）－小,カーブ・屈折－左－平坦,交差点内,規制なし,中央分離なし,区分なし,車両相互,乗用車－普通車,二輪車－自動二輪－原付二種－51～125cc,自家用,自家用,乗用車,対象外当事者,35～44歳,65～74歳,損傷なし,負傷,規制なし,規制なし,指定の速度規制なし等,指定の速度規制なし等,小破,小破,その他,対象外当事者,34.2262347,135.1948806
2019,和歌山,和歌山市,104,0162,負傷,0,1,2019/04/17 22:35,2019,4,17,22,35,水,その他,夜－夜,曇,市街地－人口集中,舗装－乾燥,交差点付近－その他,点灯－３灯式,単路－9.0m以上,直線－平坦,単路（交差点付近を含む）,規制なし,中央分離帯,区分あり－縁石・ブロック等,車両相互,乗用車－軽自動車,乗用車－軽自動車,自家用,自家用,乗用車,乗用車,45～54歳,35～44歳,損傷なし,負傷,対象外当事者,対象外当事者,50㎞／ｈ以下,50㎞／ｈ以下,小破,小破,その他,その他,34.1996236,135.1850333
2019,和歌山,和歌山市,104,0163,負傷,0,1,2019/04/21 20:40,2019,4,21,20,40,日,その他,夜－夜,晴,市街地－人口集中,舗装－乾燥,一般交通の場所,施設なし,一般交通の場所,一般交通の場所,その他,規制なし,一般交通の場所,区分なし,人対車両,乗用車－普通車,歩行者,自家用,対象外当事者,乗用車,対象外当事者,35～44歳,55～64歳,損傷なし,負傷,対象外当事者,対象外当事者,指定の速度規制なし等,対象外当事者,小破,対象外当事者,その他,対象外当事者,34.2356181,135.1777078
2019,和歌山,和歌山市,104,0164,負傷,0,1,2019/03/01 14:30,2019,3,1,14,30,金,その他,昼－昼,晴,市街地－人口集中,舗装－乾燥,交差点－その他,点灯－３灯式,交差点－大（13.0ｍ以上）－中,カーブ・屈折－右－平坦,交差点内,規制なし,中央分離なし,区分あり－縁石・ブロック等,車両相互,乗用車－軽自動車,二輪車－一般原付自転車,自家用,自家用,乗用車,対象外当事者,35～44歳,35～44歳,損傷なし,負傷,規制なし,規制なし,50㎞／ｈ以下,30㎞／ｈ以下,小破,小破,その他,対象外当事者,34.2301456,135.1803647