対象年,都道府県,市区町村,警察署等コード,本票番号,事故内容,死者数,負傷者数,発生日時,発生年,発生月,発生日,発生時,発生分,曜日,祝日,昼夜,天候,地形,路面状態,道路形状,信号機,車道幅員,道路線形,衝突地点,ゾーン規制,中央分離帯施設等,歩車道区分,事故類型,当事者A 種別,当事者B 種別,当事者A 用途,当事者B 用途,当事者A 車両形状,当事者B 車両形状,当事者A 年齢,当事者B 年齢,当事者A 人身損傷程度,当事者B 人身損傷程度,当事者A 一時停止規制標識,当事者B 一時停止規制標識,当事者A 速度規制,当事者B 速度規制,当事者A 車両損壊程度,当事者B 車両損壊程度,当事者A エアバッグ,当事者B エアバッグ,緯度,経度
2019,和歌山,和歌山市,104,0193,負傷,0,1,2019/05/25 21:20,2019,5,25,21,20,土,その他,夜－夜,晴,市街地－人口集中,舗装－乾燥,単路－その他,施設なし,単路－9.0m以上,直線－平坦,単路（交差点付近を含む）,規制なし,中央分離帯,区分あり－縁石・ブロック等,人対車両,軽車両－自転車,歩行者,対象外当事者,対象外当事者,対象外当事者,対象外当事者,0～24歳,25～34歳,損傷なし,負傷,対象外当事者,対象外当事者,対象外当事者,対象外当事者,小破,対象外当事者,対象外当事者,対象外当事者,34.1965469,135.1851222
2019,和歌山,和歌山市,104,0194,負傷,0,1,2019/06/21 08:40,2019,6,21,8,40,金,その他,昼－昼,晴,非市街地,舗装－乾燥,単路－その他,施設なし,単路－5.5m以上,直線－平坦,単路（交差点付近を含む）,規制なし,中央分離なし,区分なし,車両相互,乗用車－軽自動車,貨物車－軽自動車,自家用,自家用,乗用車,貨物車,45～54歳,0～24歳,負傷,損傷なし,対象外当事者,対象外当事者,50㎞／ｈ以下,50㎞／ｈ以下,小破,小破,その他,その他,34.2545564,135.2221339
2019,和歌山,和歌山市,104,0195,負傷,0,2,2019/06/21 16:20,2019,6,21,16,20,金,その他,昼－昼,晴,市街地－人口集中,舗装－乾燥,単路－その他,施設なし,単路－9.0m以上,直線－平坦,単路（交差点付近を含む）,規制なし,中央分離帯,区分あり－縁石・ブロック等,車両相互,乗用車－普通車,乗用車－普通車,自家用,自家用,乗用車,乗用車,35～44歳,65～74歳,損傷なし,負傷,対象外当事者,対象外当事者,指定の速度規制なし等,指定の速度規制なし等,小破,小破,その他,その他,34.2026517,135.2102928
2019,和歌山,和歌山市,104,0196,負傷,0,1,2019/05/27 06:00,2019,5,27,6,0,月,その他,昼－昼,晴,市街地－人口集中,舗装－乾燥,一般交通の場所,施設なし,一般交通の場所,一般交通の場所,その他,規制なし,一般交通の場所,区分なし,人対車両,乗用車－軽自動車,歩行者,自家用,対象外当事者,乗用車,対象外当事者,55～64歳,45～54歳,損傷なし,負傷,対象外当事者,対象外当事者,指定の速度規制なし等,対象外当事者,小破,対象外当事者,その他,対象外当事者,34.2054883,135.2248689
2019,和歌山,和歌山市,104,0197,負傷,0,1,2019/05/20 18:02,2019,5,20,18,2,月,その他,昼－暮,曇,市街地－人口集中,舗装－湿潤,交差点付近－その他,施設なし,単路－5.5m以上,直線－平坦,単路（交差点付近を含む）,規制なし,中央線－ペイント,区分あり－路側帯,車両相互,乗用車－普通車,軽車両－自転車,自家用,対象外当事者,乗用車,対象外当事者,35～44歳,0～24歳,損傷なし,負傷,対象外当事者,対象外当事者,指定の速度規制なし等,対象外当事者,小破,小破,その他,対象外当事者,34.2356892,135.1925758
2019,和歌山,和歌山市,104,0198,負傷,0,1,2019/06/18 15:35,2019,6,18,15,35,火,その他,昼－昼,曇,市街地－人口集中,舗装－乾燥,交差点付近－その他,施設なし,単路－3.5m以上,直線－平坦,単路（交差点付近を含む）,規制なし,中央分離なし,区分なし,車両相互,乗用車－軽自動車,乗用車－軽自動車,自家用,自家用,乗用車,乗用車,65～74歳,35～44歳,損傷なし,負傷,対象外当事者,対象外当事者,指定の速度規制なし等,指定の速度規制なし等,小破,小破,その他,その他,34.2225075,135.2049097
2019,和歌山,和歌山市,104,0199,負傷,0,1,2019/06/14 08:57,2019,6,14,8,57,金,その他,昼－昼,曇,市街地－その他,舗装－乾燥,交差点－その他,施設なし,交差点－大（13.0ｍ以上）－中,直線－平坦,交差点内,規制なし,中央分離なし,区分あり－縁石・ブロック等,車両相互,乗用車－軽自動車,乗用車－軽自動車,自家用,自家用,乗用車,乗用車,35～44歳,25～34歳,損傷なし,負傷,規制なし,規制なし,50㎞／ｈ以下,50㎞／ｈ以下,小破,中破,その他,その他,34.2378747,135.2314036
2019,和歌山,和歌山市,104,0200,負傷,0,1,2019/06/19 07:45,2019,6,19,7,45,水,その他,昼－昼,晴,市街地－人口集中,舗装－乾燥,単路－その他,施設なし,単路－9.0m以上,直線－平坦,単路（交差点付近を含む）,規制なし,中央分離帯,区分あり－縁石・ブロック等,車両相互,乗用車－普通車,乗用車－軽自動車,自家用,自家用,乗用車,乗用車,55～64歳,55～64歳,負傷,損傷なし,対象外当事者,対象外当事者,50㎞／ｈ以下,50㎞／ｈ以下,小破,小破,その他,その他,34.21587,135.2021994
2019,和歌山,和歌山市,104,0201,負傷,0,1,2019/06/15 09:00,2019,6,15,9,0,土,その他,昼－昼,曇,市街地－人口集中,舗装－乾燥,交差点付近－その他,施設なし,単路－5.5m以上,直線－平坦,単路（交差点付近を含む）,規制なし,中央線－ペイント,区分なし,車両相互,乗用車－普通車,乗用車－軽自動車,自家用,自家用,乗用車,乗用車,35～44歳,45～54歳,損傷なし,負傷,対象外当事者,対象外当事者,50㎞／ｈ以下,50㎞／ｈ以下,小破,小破,その他,その他,34.2306797,135.2194872
2019,和歌山,和歌山市,104,0202,負傷,0,1,2019/06/11 12:00,2019,6,11,12,0,火,その他,昼－昼,晴,市街地－人口集中,舗装－乾燥,単路－その他,施設なし,単路－3.5m以上,直線－平坦,単路（交差点付近を含む）,規制なし,中央分離なし,区分なし,車両相互,乗用車－普通車,軽車両－自転車,自家用,対象外当事者,乗用車,対象外当事者,75歳以上,45～54歳,損傷なし,負傷,対象外当事者,対象外当事者,指定の速度規制なし等,対象外当事者,小破,小破,その他,対象外当事者,34.2350653,135.1883647
2019,和歌山,和歌山市,104,0203,負傷,0,1,2019/06/19 21:50,2019,6,19,21,50,水,その他,夜－夜,晴,市街地－人口集中,舗装－乾燥,交差点－その他,点灯－３灯式,交差点－小（5.5m未満）－小,直線－平坦,交差点内,規制なし,中央分離なし,区分なし,車両相互,乗用車－普通車,乗用車－普通車,自家用,自家用,乗用車,乗用車,45～54歳,45～54歳,損傷なし,負傷,規制なし,規制なし,指定の速度規制なし等,50㎞／ｈ以下,小破,小破,その他,その他,34.2289383,135.1933444
2019,和歌山,和歌山市,104,0204,負傷,0,1,2019/06/03 07:25,2019,6,3,7,25,月,その他,昼－昼,晴,市街地－人口集中,舗装－乾燥,交差点付近－その他,点灯－３灯式,単路－13.0m以上,直線－平坦,単路（交差点付近を含む）,規制なし,中央分離帯,区分あり－路側帯,車両相互,乗用車－普通車,乗用車－軽自動車,自家用,自家用,乗用車,乗用車,35～44歳,25～34歳,損傷なし,負傷,対象外当事者,対象外当事者,50㎞／ｈ以下,50㎞／ｈ以下,小破,小破,その他,その他,34.2288394,135.1935197
2019,和歌山,和歌山市,104,0205,負傷,0,1,2019/06/22 17:58,2019,6,22,17,58,土,その他,昼－昼,晴,市街地－その他,舗装－乾燥,単路－その他,施設なし,単路－9.0m以上,直線－下り,単路（交差点付近を含む）,規制なし,中央分離帯,区分なし,車両相互,乗用車－普通車,乗用車－普通車,自家用,自家用,乗用車,乗用車,25～34歳,55～64歳,損傷なし,負傷,対象外当事者,対象外当事者,指定の速度規制なし等,指定の速度規制なし等,小破,中破,その他,その他,34.23959,135.2169481
2019,和歌山,和歌山市,105,0094,負傷,0,1,2019/05/24 16:42,2019,5,24,16,42,金,その他,昼－昼,晴,市街地－人口集中,舗装－乾燥,交差点－その他,点灯－３灯式,交差点－大（13.0ｍ以上）－中,直線－平坦,交差点内,規制なし,中央分離帯,区分あり－縁石・ブロック等,車両相互,二輪車－自動二輪－軽二輪－126～250cc,軽車両－自転車,自家用,対象外当事者,対象外当事者,対象外当事者,0～24歳,0～24歳,損傷なし,負傷,規制なし,規制なし,50㎞／ｈ以下,対象外当事者,小破,小破,対象外当事者,対象外当事者,34.2189356,135.1694019
2019,和歌山,和歌山市,105,0095,負傷,0,1,2019/05/01 09:10,2019,5,1,9,10,水,当日,昼－昼,雨,市街地－人口集中,舗装－湿潤,交差点付近－その他,点灯－３灯式,単路－9.0m以上,直線－平坦,単路（交差点付近を含む）,規制なし,中央線－ポストコーン,区分あり－縁石・ブロック等,車両相互,乗用車－普通車,乗用車－軽自動車,自家用,自家用,乗用車,乗用車,25～34歳,75歳以上,負傷,損傷なし,対象外当事者,対象外当事者,50㎞／ｈ以下,50㎞／ｈ以下,小破,小破,その他,その他,34.2055708,135.1709911
2019,和歌山,和歌山市,105,0096,負傷,0,1,2019/05/22 06:27,2019,5,22,6,27,水,その他,昼－昼,晴,市街地－人口集中,舗装－乾燥,交差点－その他,点灯－３灯式,交差点－中（5.5m以上）－中,直線－平坦,交差点内,規制なし,中央分離なし,区分あり－縁石・ブロック等,車両相互,乗用車－普通車,二輪車－一般原付自転車,自家用,自家用,乗用車,対象外当事者,25～34歳,35～44歳,損傷なし,負傷,規制なし,規制なし,30㎞／ｈ以下,30㎞／ｈ以下,小破,小破,その他,対象外当事者,34.2024631,135.1592331
2019,和歌山,和歌山市,105,0097,負傷,0,1,2019/05/27 20:20,2019,5,27,20,20,月,その他,夜－夜,曇,市街地－人口集中,舗装－乾燥,交差点－その他,施設なし,交差点－中（5.5m以上）－中,直線－平坦,交差点内,規制なし,中央分離なし,区分なし,車両相互,二輪車－一般原付自転車,軽車両－自転車,自家用,対象外当事者,対象外当事者,対象外当事者,45～54歳,0～24歳,負傷,損傷なし,規制なし,拡大－反射式,指定の速度規制なし等,対象外当事者,小破,中破,対象外当事者,対象外当事者,34.2287,135.1808544
2019,和歌山,和歌山市,105,0098,負傷,0,2,2019/04/03 20:40,2019,4,3,20,40,水,その他,夜－夜,晴,市街地－人口集中,舗装－乾燥,単路－その他,施設なし,単路－9.0m以上,直線－平坦,単路（交差点付近を含む）,規制なし,中央線－ペイント,区分あり－縁石・ブロック等,車両相互,二輪車－一般原付自転車,軽車両－自転車,自家用,対象外当事者,対象外当事者,対象外当事者,0～24歳,65～74歳,負傷,負傷,対象外当事者,対象外当事者,30㎞／ｈ以下,対象外当事者,小破,小破,対象外当事者,対象外当事者,34.2080114,135.1593808
2019,和歌山,和歌山市,105,0099,負傷,0,1,2019/03/30 10:00,2019,3,30,10,0,土,その他,昼－昼,曇,市街地－人口集中,舗装－乾燥,交差点－その他,点灯－３灯式,交差点－中（5.5m以上）－中,直線－平坦,交差点内,規制なし,中央分離なし,区分あり－縁石・ブロック等,車両相互,乗用車－普通車,軽車両－自転車,自家用,対象外当事者,乗用車,対象外当事者,55～64歳,0～24歳,損傷なし,負傷,規制なし,規制なし,40㎞／ｈ以下,対象外当事者,小破,小破,その他,対象外当事者,34.2177653,135.1572328
2019,和歌山,和歌山市,105,0100,負傷,0,1,2019/05/15 10:35,2019,5,15,10,35,水,その他,昼－昼,晴,市街地－人口集中,舗装－乾燥,一般交通の場所,施設なし,一般交通の場所,一般交通の場所,その他,規制なし,一般交通の場所,区分なし,車両相互,乗用車－普通車,乗用車－軽自動車,自家用,自家用,乗用車,乗用車,55～64歳,75歳以上,負傷,損傷なし,対象外当事者,対象外当事者,指定の速度規制なし等,指定の速度規制なし等,小破,小破,その他,その他,34.1874106,135.1808347
2019,和歌山,和歌山市,105,0101,負傷,0,1,2019/04/25 07:15,2019,4,25,7,15,木,その他,昼－昼,曇,市街地－人口集中,舗装－乾燥,単路－その他,施設なし,単路－9.0m以上,直線－平坦,単路（交差点付近を含む）,規制なし,中央分離帯,区分あり－縁石・ブロック等,車両相互,乗用車－普通車,軽車両－自転車,自家用,対象外当事者,乗用車,対象外当事者,35～44歳,0～24歳,損傷なし,負傷,対象外当事者,対象外当事者,50㎞／ｈ以下,対象外当事者,小破,中破,その他,対象外当事者,34.1764444,135.1865839
2019,和歌山,和歌山市,105,0102,負傷,0,1,2019/05/31 20:00,2019,5,31,20,0,金,その他,夜－暮,雨,市街地－人口集中,舗装－湿潤,交差点－その他,点灯－３灯式,交差点－中（5.5m以上）－中,直線－平坦,交差点内,規制なし,中央線－ペイント,区分あり－縁石・ブロック等,人対車両,乗用車－普通車,歩行者,自家用,対象外当事者,乗用車,対象外当事者,35～44歳,0～24歳,損傷なし,負傷,規制なし,対象外当事者,50㎞／ｈ以下,対象外当事者,小破,対象外当事者,その他,対象外当事者,34.2123494,135.1594286
2019,和歌山,和歌山市,105,0103,負傷,0,1,2019/04/27 09:59,2019,4,27,9,59,土,その他,昼－昼,晴,市街地－人口集中,舗装－乾燥,交差点－その他,故障,交差点－中（5.5m以上）－中,直線－平坦,交差点内,規制なし,中央分離なし,区分あり－路側帯,車両相互,乗用車－普通車,乗用車－普通車,自家用,自家用,乗用車,乗用車,55～64歳,45～54歳,損傷なし,負傷,標準－反射式,規制なし,指定の速度規制なし等,指定の速度規制なし等,小破,小破,その他,その他,34.2331317,135.1702719
2019,和歌山,和歌山市,105,0104,負傷,0,1,2019/06/11 10:00,2019,6,11,10,0,火,その他,昼－昼,曇,市街地－人口集中,舗装－乾燥,交差点－その他,施設なし,交差点－中（5.5m以上）－中,直線－上り,交差点内,規制なし,中央分離なし,区分あり－縁石・ブロック等,車両相互,貨物車－準中型車,乗用車－普通車,自家用,自家用,貨物車,乗用車,65～74歳,35～44歳,負傷,損傷なし,規制なし,標準－反射式,50㎞／ｈ以下,指定の速度規制なし等,中破,小破,その他,その他,34.2221883,135.1444922
2019,和歌山,和歌山市,105,0105,負傷,0,1,2019/06/10 17:05,2019,6,10,17,5,月,その他,昼－昼,晴,市街地－人口集中,舗装－乾燥,一般交通の場所,施設なし,一般交通の場所,一般交通の場所,その他,規制なし,一般交通の場所,区分なし,車両相互,乗用車－軽自動車,貨物車－軽自動車,自家用,自家用,乗用車,貨物車,25～34歳,75歳以上,負傷,損傷なし,対象外当事者,対象外当事者,指定の速度規制なし等,指定の速度規制なし等,小破,小破,その他,その他,34.2011781,135.1784678
2019,和歌山,和歌山市,105,0106,負傷,0,1,2019/06/02 11:45,2019,6,2,11,45,日,その他,昼－昼,曇,市街地－人口集中,舗装－乾燥,単路－その他,施設なし,単路－13.0m以上,直線－平坦,単路（交差点付近を含む）,規制なし,中央分離帯,区分あり－縁石・ブロック等,車両相互,乗用車－普通車,二輪車－自動二輪－原付二種－51～125cc,自家用,自家用,乗用車,対象外当事者,65～74歳,65～74歳,損傷なし,負傷,対象外当事者,対象外当事者,50㎞／ｈ以下,50㎞／ｈ以下,小破,小破,その他,対象外当事者,34.2211531,135.1692975
2019,和歌山,和歌山市,105,0107,負傷,0,1,2019/05/27 13:45,2019,5,27,13,45,月,その他,昼－昼,曇,市街地－人口集中,舗装－乾燥,交差点－その他,施設なし,交差点－小（5.5m未満）－小,直線－平坦,交差点内,規制なし,中央分離なし,区分なし,車両相互,乗用車－普通車,二輪車－一般原付自転車,自家用,自家用,乗用車,対象外当事者,65～74歳,75歳以上,損傷なし,負傷,標準－反射式,規制なし,指定の速度規制なし等,指定の速度規制なし等,小破,小破,その他,対象外当事者,34.2053289,135.1785214
2019,和歌山,和歌山市,105,0108,負傷,0,1,2019/05/31 17:35,2019,5,31,17,35,金,その他,昼－昼,晴,市街地－人口集中,舗装－乾燥,単路－その他,施設なし,単路－9.0m以上,直線－平坦,単路（交差点付近を含む）,規制なし,中央分離なし,区分あり－縁石・ブロック等,車両相互,乗用車－軽自動車,二輪車－一般原付自転車,自家用,自家用,乗用車,対象外当事者,0～24歳,45～54歳,損傷なし,負傷,対象外当事者,対象外当事者,50㎞／ｈ以下,30㎞／ｈ以下,小破,小破,その他,対象外当事者,34.2068925,135.1593275
2019,和歌山,和歌山市,105,0109,負傷,0,1,2019/05/08 19:55,2019,5,8,19,55,水,その他,夜－夜,晴,市街地－人口集中,舗装－乾燥,交差点－その他,点灯－３灯式,交差点－大（13.0ｍ以上）－中,直線－下り,交差点内,規制なし,中央分離なし,区分あり－防護柵等,車両相互,乗用車－普通車,乗用車－軽自動車,自家用,自家用,乗用車,乗用車,25～34歳,25～34歳,負傷,損傷なし,規制なし,規制なし,50㎞／ｈ以下,50㎞／ｈ以下,中破,中破,その他,装備あり 作動,34.2297428,135.1674319
2019,和歌山,和歌山市,105,0110,負傷,0,1,2019/06/22 07:15,2019,6,22,7,15,土,その他,昼－昼,晴,市街地－人口集中,舗装－乾燥,交差点－その他,施設なし,交差点－中（5.5m以上）－小,直線－平坦,交差点内,規制なし,中央線－ペイント,区分あり－縁石・ブロック等,車両相互,乗用車－軽自動車,二輪車－自動二輪－原付二種－51～125cc,自家用,自家用,乗用車,対象外当事者,55～64歳,35～44歳,損傷なし,負傷,規制なし,規制なし,50㎞／ｈ以下,50㎞／ｈ以下,小破,小破,その他,対象外当事者,34.2026897,135.1705408
2019,和歌山,海南市,106,0026,負傷,0,2,2019/04/06 08:45,2019,4,6,8,45,土,その他,昼－昼,晴,市街地－その他,舗装－乾燥,単路－その他,施設なし,単路－5.5m以上,直線－平坦,単路（交差点付近を含む）,規制なし,中央線－ペイント,区分あり－路側帯,車両相互,乗用車－普通車,貨物車－軽自動車,自家用,自家用,乗用車,貨物車,65～74歳,45～54歳,負傷,損傷なし,対象外当事者,対象外当事者,50㎞／ｈ以下,指定の速度規制なし等,中破,中破,その他,その他,34.1098725,135.151065
2019,和歌山,海南市,106,0027,負傷,0,1,2019/05/10 12:40,2019,5,10,12,40,金,その他,昼－昼,晴,市街地－人口集中,舗装－乾燥,交差点－その他,施設なし,交差点－小（5.5m未満）－小,直線－平坦,交差点内,ゾーン30,中央分離なし,区分なし,車両相互,乗用車－普通車,二輪車－一般原付自転車,自家用,自家用,乗用車,対象外当事者,45～54歳,55～64歳,損傷なし,負傷,標準－反射式,規制なし,指定の速度規制なし等,指定の速度規制なし等,小破,小破,その他,対象外当事者,34.1492822,135.2182908
2019,和歌山,海南市,106,0028,負傷,0,1,2019/05/01 17:45,2019,5,1,17,45,水,当日,昼－暮,曇,市街地－その他,舗装－湿潤,単路－その他,施設なし,単路－9.0m以上,直線－平坦,単路（交差点付近を含む）,規制なし,中央線－ペイント,区分あり－縁石・ブロック等,車両相互,貨物車－普通車,乗用車－軽自動車,自家用,自家用,貨物車,乗用車,25～34歳,75歳以上,負傷,損傷なし,対象外当事者,対象外当事者,50㎞／ｈ以下,指定の速度規制なし等,小破,中破,その他,その他,34.1544483,135.2405244
2019,和歌山,海南市,106,0029,負傷,0,1,2019/05/26 18:35,2019,5,26,18,35,日,その他,昼－暮,晴,市街地－人口集中,舗装－乾燥,交差点付近－その他,施設なし,単路－3.5m以上,直線－平坦,単路（交差点付近を含む）,規制なし,中央分離なし,区分あり－路側帯,車両相互,乗用車－普通車,乗用車－軽自動車,自家用,自家用,乗用車,乗用車,0～24歳,35～44歳,損傷なし,負傷,対象外当事者,対象外当事者,指定の速度規制なし等,指定の速度規制なし等,小破,小破,その他,その他,34.1526592,135.2299144
2019,和歌山,海南市,106,0030,負傷,0,2,2019/05/31 10:10,2019,5,31,10,10,金,その他,昼－昼,曇,市街地－人口集中,舗装－乾燥,交差点付近－その他,点灯－３灯式,単路－9.0m以上,直線－平坦,単路（交差点付近を含む）,規制なし,中央分離帯,区分あり－縁石・ブロック等,車両相互,乗用車－軽自動車,貨物車－軽自動車,自家用,自家用,乗用車,貨物車,75歳以上,55～64歳,損傷なし,負傷,対象外当事者,対象外当事者,50㎞／ｈ以下,50㎞／ｈ以下,小破,小破,その他,その他,34.1531686,135.2077403
2019,和歌山,海南市,106,0031,負傷,0,2,2019/04/27 14:25,2019,4,27,14,25,土,その他,昼－昼,晴,非市街地,舗装－乾燥,単路－トンネル,施設なし,単路－5.5m以上,直線－平坦,単路（交差点付近を含む）,規制なし,中央線－ペイント,区分あり－路側帯,車両相互,乗用車－普通車,乗用車－軽自動車,自家用,自家用,乗用車,乗用車,0～24歳,45～54歳,損傷なし,負傷,対象外当事者,対象外当事者,50㎞／ｈ以下,50㎞／ｈ以下,大破,大破,装備あり 作動,装備あり 作動,34.1300844,135.1704814
2019,和歌山,海南市,106,0032,負傷,0,5,2019/06/11 09:35,2019,6,11,9,35,火,その他,昼－昼,曇,市街地－その他,舗装－乾燥,交差点付近－その他,点灯－３灯式,単路－5.5m以上,直線－平坦,単路（交差点付近を含む）,規制なし,中央線－ペイント,区分あり－縁石・ブロック等,車両相互,乗用車－普通車,乗用車－軽自動車,自家用,自家用,乗用車,乗用車,55～64歳,75歳以上,損傷なし,負傷,対象外当事者,対象外当事者,50㎞／ｈ以下,50㎞／ｈ以下,小破,小破,その他,その他,34.1622856,135.2845575
2019,和歌山,海南市,106,0033,負傷,0,1,2019/06/26 14:55,2019,6,26,14,55,水,その他,昼－昼,曇,市街地－人口集中,舗装－乾燥,単路－その他,施設なし,単路－9.0m以上,直線－下り,単路（交差点付近を含む）,規制なし,中央分離帯,区分あり－路側帯,車両相互,貨物車－普通車,貨物車－普通車,自家用,自家用,貨物車,貨物車,0～24歳,0～24歳,損傷なし,負傷,対象外当事者,対象外当事者,50㎞／ｈ以下,50㎞／ｈ以下,中破,小破,その他,その他,34.1452717,135.2083325
2019,和歌山,有田市,107,0011,負傷,0,1,2019/05/31 14:30,2019,5,31,14,30,金,その他,昼－昼,曇,市街地－人口集中,舗装－乾燥,一般交通の場所,施設なし,一般交通の場所,一般交通の場所,その他,規制なし,一般交通の場所,区分なし,車両相互,乗用車－軽自動車,乗用車－軽自動車,自家用,自家用,乗用車,乗用車,55～64歳,35～44歳,損傷なし,負傷,対象外当事者,対象外当事者,指定の速度規制なし等,指定の速度規制なし等,小破,小破,その他,その他,34.0860792,135.1214331
2019,和歌山,有田市,107,0012,負傷,0,1,2019/05/30 16:50,2019,5,30,16,50,木,その他,昼－昼,晴,非市街地,舗装－乾燥,交差点付近－その他,施設なし,単路－5.5m以上,直線－平坦,単路（交差点付近を含む）,規制なし,中央線－ペイント,区分なし,車両相互,乗用車－普通車,貨物車－軽自動車,自家用,自家用,乗用車,貨物車,25～34歳,0～24歳,負傷,損傷なし,対象外当事者,対象外当事者,50㎞／ｈ以下,50㎞／ｈ以下,小破,小破,その他,その他,34.0678519,135.1842194
2019,和歌山,有田市,107,0013,負傷,0,1,2019/06/03 20:25,2019,6,3,20,25,月,その他,夜－夜,晴,市街地－その他,舗装－乾燥,交差点付近－その他,点灯－３灯式,単路－5.5m以上,直線－平坦,単路（交差点付近を含む）,規制なし,中央線－ペイント,区分あり－縁石・ブロック等,車両相互,乗用車－普通車,貨物車－軽自動車,自家用,自家用,乗用車,貨物車,25～34歳,0～24歳,負傷,損傷なし,対象外当事者,対象外当事者,50㎞／ｈ以下,50㎞／ｈ以下,小破,小破,その他,その他,34.0798258,135.1190267
2019,和歌山,有田市,107,0014,負傷,0,1,2019/06/14 14:15,2019,6,14,14,15,金,その他,昼－昼,曇,市街地－その他,舗装－乾燥,交差点－その他,施設なし,交差点－小（5.5m未満）－小,直線－平坦,交差点内,規制なし,中央分離なし,区分あり－路側帯,車両相互,乗用車－軽自動車,貨物車－軽自動車,自家用,事業用,乗用車,貨物車,45～54歳,65～74歳,負傷,損傷なし,規制なし,標準－反射式,指定の速度規制なし等,指定の速度規制なし等,小破,小破,その他,その他,34.0721083,135.1462736
2019,和歌山,湯浅町,108,0023,負傷,0,1,2019/05/23 14:40,2019,5,23,14,40,木,その他,昼－昼,晴,市街地－その他,舗装－乾燥,一般交通の場所,施設なし,一般交通の場所,一般交通の場所,その他,規制なし,一般交通の場所,区分なし,車両相互,貨物車－軽自動車,貨物車－軽自動車,自家用,自家用,貨物車,貨物車,0～24歳,45～54歳,損傷なし,負傷,対象外当事者,対象外当事者,指定の速度規制なし等,指定の速度規制なし等,小破,小破,その他,その他,34.0493572,135.1839411
2019,和歌山,有田川町,108,0024,負傷,0,1,2019/06/02 09:03,2019,6,2,9,3,日,その他,昼－昼,曇,非市街地,舗装－乾燥,単路－その他,施設なし,単路－9.0m以上,直線－平坦,単路（交差点付近を含む）,規制なし,中央分離なし,区分あり－縁石・ブロック等,車両相互,乗用車－軽自動車,乗用車－軽自動車,自家用,自家用,乗用車,乗用車,35～44歳,45～54歳,負傷,損傷なし,対象外当事者,対象外当事者,50㎞／ｈ以下,50㎞／ｈ以下,小破,小破,その他,その他,34.0510775,135.1915725
2019,和歌山,有田川町,108,0025,負傷,0,1,2019/06/15 14:50,2019,6,15,14,50,土,その他,昼－昼,雨,非市街地,舗装－湿潤,単路－その他,施設なし,単路－5.5m以上,直線－下り,単路（交差点付近を含む）,規制なし,中央線－ペイント,区分あり－縁石・ブロック等,車両相互,貨物車－普通車,乗用車－軽自動車,自家用,自家用,貨物車,乗用車,75歳以上,45～54歳,損傷なし,負傷,対象外当事者,対象外当事者,指定の速度規制なし等,60㎞／ｈ以下,小破,小破,その他,その他,34.05974,135.2231086
2019,和歌山,有田川町,108,0026,負傷,0,1,2019/06/14 16:00,2019,6,14,16,0,金,その他,昼－昼,曇,非市街地,舗装－乾燥,交差点－その他,施設なし,交差点－小（5.5m未満）－小,直線－平坦,交差点内,規制なし,中央分離なし,区分なし,車両相互,乗用車－軽自動車,軽車両－自転車,自家用,対象外当事者,乗用車,対象外当事者,0～24歳,0～24歳,損傷なし,負傷,規制なし,規制なし,指定の速度規制なし等,対象外当事者,小破,小破,その他,対象外当事者,34.0681367,135.2286139
2019,和歌山,有田川町,108,0027,負傷,0,1,2019/06/11 17:00,2019,6,11,17,0,火,その他,昼－昼,雨,市街地－その他,舗装－湿潤,単路－その他,施設なし,単路－5.5m以上,直線－平坦,単路（交差点付近を含む）,規制なし,中央線－ペイント,区分あり－縁石・ブロック等,車両単独,軽車両－自転車,相手なし,対象外当事者,対象外当事者,対象外当事者,対象外当事者,75歳以上,不明,負傷,対象外当事者,対象外当事者,対象外当事者,対象外当事者,対象外当事者,小破,対象外当事者,対象外当事者,対象外当事者,34.0579064,135.2075842
2019,和歌山,美浜町,109,0033,負傷,0,3,2019/05/30 02:40,2019,5,30,2,40,木,その他,夜－夜,曇,市街地－その他,舗装－乾燥,一般交通の場所,施設なし,一般交通の場所,一般交通の場所,その他,規制なし,一般交通の場所,区分なし,車両相互,乗用車－軽自動車,乗用車－軽自動車,自家用,自家用,乗用車,乗用車,0～24歳,0～24歳,損傷なし,負傷,対象外当事者,対象外当事者,指定の速度規制なし等,指定の速度規制なし等,小破,小破,その他,その他,33.8865214,135.1520758
2019,和歌山,日高川町,109,0034,負傷,0,2,2019/05/20 17:03,2019,5,20,17,3,月,その他,昼－昼,曇,非市街地,舗装－乾燥,交差点－その他,施設なし,交差点－中（5.5m以上）－小,直線－平坦,交差点内,規制なし,中央分離なし,区分あり－路側帯,車両相互,乗用車－普通車,貨物車－軽自動車,自家用,自家用,乗用車,貨物車,35～44歳,75歳以上,負傷,負傷,規制なし,規制なし,指定の速度規制なし等,指定の速度規制なし等,小破,小破,その他,その他,33.9320447,135.2375325
2019,和歌山,御坊市,109,0035,負傷,0,1,2019/05/28 13:15,2019,5,28,13,15,火,その他,昼－昼,雨,市街地－その他,舗装－湿潤,交差点付近－その他,施設なし,単路－3.5m以上,直線－平坦,単路（交差点付近を含む）,規制なし,中央分離なし,区分なし,車両相互,乗用車－普通車,乗用車－軽自動車,自家用,自家用,乗用車,乗用車,65～74歳,0～24歳,損傷なし,負傷,対象外当事者,対象外当事者,30㎞／ｈ以下,30㎞／ｈ以下,小破,小破,その他,その他,33.8299625,135.1815953