対象年,都道府県,市区町村,警察署等コード,本票番号,事故内容,死者数,負傷者数,発生日時,発生年,発生月,発生日,発生時,発生分,曜日,祝日,昼夜,天候,地形,路面状態,道路形状,信号機,車道幅員,道路線形,衝突地点,ゾーン規制,中央分離帯施設等,歩車道区分,事故類型,当事者A 種別,当事者B 種別,当事者A 用途,当事者B 用途,当事者A 車両形状,当事者B 車両形状,当事者A 年齢,当事者B 年齢,当事者A 人身損傷程度,当事者B 人身損傷程度,当事者A 一時停止規制標識,当事者B 一時停止規制標識,当事者A 速度規制,当事者B 速度規制,当事者A 車両損壊程度,当事者B 車両損壊程度,当事者A エアバッグ,当事者B エアバッグ,緯度,経度
2019,和歌山,和歌山市,104,0232,負傷,0,1,2019/06/08 09:10,2019,6,8,9,10,土,その他,昼－昼,曇,市街地－人口集中,舗装－乾燥,交差点－その他,施設なし,交差点－大（13.0ｍ以上）－小,直線－平坦,交差点内,規制なし,中央分離帯,区分あり－縁石・ブロック等,車両相互,乗用車－普通車,二輪車－一般原付自転車,自家用,自家用,乗用車,対象外当事者,55～64歳,0～24歳,損傷なし,負傷,規制なし,標準－反射式,50㎞／ｈ以下,指定の速度規制なし等,小破,小破,その他,対象外当事者,34.2149894,135.1785339
2019,和歌山,和歌山市,104,0233,負傷,0,1,2019/06/08 14:30,2019,6,8,14,30,土,その他,昼－昼,曇,市街地－人口集中,舗装－乾燥,交差点－その他,施設なし,交差点－中（5.5m以上）－中,直線－平坦,交差点内,規制なし,中央分離帯,区分あり－縁石・ブロック等,車両相互,乗用車－軽自動車,二輪車－一般原付自転車,自家用,自家用,乗用車,対象外当事者,25～34歳,0～24歳,損傷なし,負傷,規制なし,規制なし,50㎞／ｈ以下,30㎞／ｈ以下,小破,小破,その他,対象外当事者,34.2368547,135.1883611
2019,和歌山,和歌山市,104,0234,負傷,0,1,2019/07/16 08:00,2019,7,16,8,0,火,その他,昼－昼,晴,市街地－その他,舗装－乾燥,交差点－その他,施設なし,交差点－中（5.5m以上）－小,直線－平坦,交差点内,規制なし,中央分離なし,区分なし,車両相互,二輪車－自動二輪－原付二種－51～125cc,二輪車－一般原付自転車,自家用,自家用,対象外当事者,対象外当事者,75歳以上,0～24歳,負傷,損傷なし,規制なし,標準－反射式,指定の速度規制なし等,指定の速度規制なし等,小破,小破,対象外当事者,対象外当事者,34.2626467,135.2545967
2019,和歌山,和歌山市,104,0235,負傷,0,1,2019/07/12 17:00,2019,7,12,17,0,金,その他,昼－昼,晴,市街地－人口集中,舗装－乾燥,交差点－その他,施設なし,交差点－小（5.5m未満）－小,直線－平坦,交差点内,規制なし,中央線－ペイント,区分なし,車両相互,乗用車－軽自動車,軽車両－自転車,自家用,対象外当事者,乗用車,対象外当事者,25～34歳,0～24歳,損傷なし,負傷,規制なし,規制なし,指定の速度規制なし等,対象外当事者,小破,小破,その他,対象外当事者,34.2208658,135.2024047
2019,和歌山,和歌山市,104,0236,負傷,0,1,2019/07/12 15:20,2019,7,12,15,20,金,その他,昼－昼,晴,市街地－その他,舗装－乾燥,交差点－その他,施設なし,交差点－小（5.5m未満）－小,直線－平坦,交差点内,規制なし,中央分離なし,区分あり－路側帯,車両相互,乗用車－軽自動車,二輪車－自動二輪－原付二種－51～125cc,自家用,自家用,乗用車,対象外当事者,65～74歳,35～44歳,損傷なし,負傷,規制なし,規制なし,指定の速度規制なし等,指定の速度規制なし等,小破,小破,その他,対象外当事者,34.1754792,135.2082139
2019,和歌山,和歌山市,104,0237,負傷,0,1,2019/05/23 17:51,2019,5,23,17,51,木,その他,昼－昼,晴,市街地－人口集中,舗装－乾燥,交差点－その他,施設なし,交差点－中（5.5m以上）－小,直線－平坦,交差点内,規制なし,中央分離なし,区分あり－路側帯,車両相互,乗用車－普通車,二輪車－一般原付自転車,自家用,自家用,乗用車,対象外当事者,25～34歳,0～24歳,損傷なし,負傷,規制なし,標準－反射式,40㎞／ｈ以下,30㎞／ｈ以下,小破,中破,その他,対象外当事者,34.2123158,135.1961503
2019,和歌山,和歌山市,104,0238,負傷,0,1,2019/07/12 10:53,2019,7,12,10,53,金,その他,昼－昼,晴,市街地－人口集中,舗装－乾燥,単路－その他,施設なし,単路－9.0m以上,直線－平坦,単路（交差点付近を含む）,規制なし,中央分離帯,区分あり－縁石・ブロック等,車両相互,乗用車－普通車,貨物車－軽自動車,自家用,自家用,乗用車,貨物車,65～74歳,35～44歳,損傷なし,負傷,対象外当事者,対象外当事者,50㎞／ｈ以下,50㎞／ｈ以下,小破,小破,その他,その他,34.2120047,135.1853414
2019,和歌山,和歌山市,104,0239,負傷,0,1,2019/07/17 10:55,2019,7,17,10,55,水,その他,昼－昼,晴,市街地－人口集中,舗装－乾燥,交差点－その他,施設なし,交差点－小（5.5m未満）－小,直線－平坦,交差点内,規制なし,中央分離なし,区分あり－路側帯,車両相互,乗用車－軽自動車,軽車両－自転車,自家用,対象外当事者,乗用車,対象外当事者,45～54歳,75歳以上,損傷なし,負傷,規制なし,標準－反射式,指定の速度規制なし等,対象外当事者,小破,小破,その他,対象外当事者,34.2412903,135.1910394
2019,和歌山,和歌山市,104,0240,負傷,0,1,2019/02/18 14:50,2019,2,18,14,50,月,その他,昼－昼,晴,市街地－その他,舗装－乾燥,交差点付近－その他,点灯－３灯式,単路－9.0m以上,直線－平坦,単路（交差点付近を含む）,規制なし,中央線－ペイント,区分あり－縁石・ブロック等,車両相互,乗用車－軽自動車,貨物車－軽自動車,自家用,自家用,乗用車,貨物車,45～54歳,35～44歳,損傷なし,負傷,対象外当事者,対象外当事者,指定の速度規制なし等,指定の速度規制なし等,小破,小破,その他,その他,34.2555961,135.2290842
2019,和歌山,和歌山市,104,0241,負傷,0,1,2019/07/25 18:25,2019,7,25,18,25,木,その他,昼－暮,晴,市街地－人口集中,舗装－乾燥,単路－その他,施設なし,単路－5.5m以上,直線－平坦,単路（交差点付近を含む）,規制なし,中央線－ペイント,区分あり－縁石・ブロック等,車両相互,二輪車－一般原付自転車,軽車両－自転車,自家用,対象外当事者,対象外当事者,対象外当事者,45～54歳,25～34歳,損傷なし,負傷,対象外当事者,対象外当事者,30㎞／ｈ以下,対象外当事者,小破,小破,対象外当事者,対象外当事者,34.2442328,135.1908314
2019,和歌山,和歌山市,104,0242,負傷,0,1,2019/07/26 14:05,2019,7,26,14,5,金,その他,昼－昼,晴,市街地－人口集中,舗装－湿潤,交差点付近－その他,点灯－３灯式,単路－5.5m以上,直線－平坦,単路（交差点付近を含む）,規制なし,中央線－ペイント,区分あり－縁石・ブロック等,車両相互,乗用車－軽自動車,乗用車－軽自動車,自家用,自家用,乗用車,乗用車,55～64歳,45～54歳,損傷なし,負傷,対象外当事者,対象外当事者,50㎞／ｈ以下,50㎞／ｈ以下,小破,小破,その他,その他,34.2452097,135.2173867
2019,和歌山,和歌山市,104,0243,負傷,0,1,2019/07/30 17:05,2019,7,30,17,5,火,その他,昼－昼,晴,市街地－人口集中,舗装－乾燥,交差点付近－その他,施設なし,単路－3.5m以上,直線－平坦,単路（交差点付近を含む）,規制なし,中央分離なし,区分あり－路側帯,車両相互,乗用車－軽自動車,乗用車－軽自動車,自家用,自家用,乗用車,乗用車,25～34歳,25～34歳,損傷なし,負傷,対象外当事者,対象外当事者,指定の速度規制なし等,指定の速度規制なし等,小破,小破,その他,その他,34.2062728,135.1881069
2019,和歌山,和歌山市,105,0111,負傷,0,1,2019/06/12 11:25,2019,6,12,11,25,水,その他,昼－昼,晴,市街地－人口集中,舗装－乾燥,単路－その他,施設なし,単路－5.5m以上,直線－平坦,単路（交差点付近を含む）,規制なし,中央線－ペイント,区分なし,人対車両,貨物車－大型車,歩行者,自家用,対象外当事者,貨物車,対象外当事者,35～44歳,45～54歳,損傷なし,負傷,対象外当事者,対象外当事者,指定の速度規制なし等,対象外当事者,小破,対象外当事者,その他,対象外当事者,34.2065242,135.1511311
2019,和歌山,和歌山市,105,0112,負傷,0,1,2019/06/26 06:15,2019,6,26,6,15,水,その他,昼－昼,晴,市街地－人口集中,舗装－乾燥,交差点－その他,点灯－３灯式,交差点－中（5.5m以上）－小,直線－上り,交差点内,規制なし,中央線－ポストコーン,区分あり－縁石・ブロック等,車両相互,乗用車－普通車,二輪車－一般原付自転車,自家用,自家用,乗用車,対象外当事者,55～64歳,35～44歳,損傷なし,負傷,規制なし,規制なし,50㎞／ｈ以下,指定の速度規制なし等,小破,中破,その他,対象外当事者,34.2053172,135.1796114
2019,和歌山,和歌山市,105,0113,負傷,0,1,2019/07/01 10:40,2019,7,1,10,40,月,その他,昼－昼,雨,市街地－人口集中,舗装－湿潤,交差点付近－その他,施設なし,単路－9.0m以上,直線－平坦,単路（交差点付近を含む）,規制なし,中央分離帯,区分あり－縁石・ブロック等,車両相互,乗用車－軽自動車,貨物車－軽自動車,自家用,自家用,乗用車,貨物車,35～44歳,35～44歳,損傷なし,負傷,対象外当事者,対象外当事者,50㎞／ｈ以下,50㎞／ｈ以下,小破,小破,その他,その他,34.1759,135.1865078
2019,和歌山,和歌山市,105,0114,負傷,0,1,2019/07/04 07:20,2019,7,4,7,20,木,その他,昼－昼,晴,市街地－人口集中,舗装－湿潤,単路－その他,施設なし,単路－13.0m以上,直線－平坦,単路（交差点付近を含む）,規制なし,中央分離帯,区分あり－縁石・ブロック等,車両相互,貨物車－中型車,乗用車－軽自動車,自家用,自家用,貨物車,乗用車,35～44歳,35～44歳,損傷なし,負傷,対象外当事者,対象外当事者,50㎞／ｈ以下,50㎞／ｈ以下,小破,中破,その他,その他,34.1683364,135.1872075
2019,和歌山,和歌山市,105,0115,負傷,0,1,2019/07/01 11:35,2019,7,1,11,35,月,その他,昼－昼,雨,市街地－人口集中,舗装－湿潤,交差点－その他,施設なし,交差点－中（5.5m以上）－小,直線－平坦,交差点内,規制なし,中央分離なし,区分あり－路側帯,車両相互,貨物車－軽自動車,軽車両－自転車,自家用,対象外当事者,貨物車,対象外当事者,55～64歳,65～74歳,損傷なし,負傷,規制なし,標準－反射式,60㎞／ｈ以下,対象外当事者,小破,小破,その他,対象外当事者,34.2217581,135.1623467
2019,和歌山,和歌山市,105,0116,負傷,0,3,2019/06/29 17:30,2019,6,29,17,30,土,その他,昼－昼,雨,市街地－人口集中,舗装－湿潤,単路－その他,施設なし,単路－9.0m以上,直線－平坦,単路（交差点付近を含む）,規制なし,中央分離帯,区分あり－縁石・ブロック等,車両相互,乗用車－普通車,乗用車－普通車,自家用,自家用,乗用車,乗用車,25～34歳,25～34歳,損傷なし,負傷,対象外当事者,対象外当事者,50㎞／ｈ以下,50㎞／ｈ以下,小破,中破,その他,その他,34.1740231,135.1867611
2019,和歌山,和歌山市,105,0117,負傷,0,1,2019/06/06 17:40,2019,6,6,17,40,木,その他,昼－昼,晴,市街地－その他,舗装－乾燥,単路－その他,施設なし,単路－9.0m以上,直線－平坦,単路（交差点付近を含む）,規制なし,中央分離帯,区分あり－縁石・ブロック等,車両相互,乗用車－軽自動車,二輪車－一般原付自転車,自家用,自家用,乗用車,対象外当事者,55～64歳,65～74歳,損傷なし,負傷,対象外当事者,対象外当事者,50㎞／ｈ以下,30㎞／ｈ以下,小破,小破,その他,対象外当事者,34.2006889,135.1792167
2019,和歌山,和歌山市,105,0118,負傷,0,2,2019/06/27 10:45,2019,6,27,10,45,木,その他,昼－昼,雨,市街地－人口集中,舗装－湿潤,交差点付近－その他,点灯－３灯式,単路－5.5m以上,直線－平坦,単路（交差点付近を含む）,規制なし,中央分離なし,区分あり－縁石・ブロック等,車両相互,貨物車－中型車,乗用車－普通車,自家用,自家用,貨物車,乗用車,25～34歳,75歳以上,損傷なし,負傷,対象外当事者,対象外当事者,50㎞／ｈ以下,50㎞／ｈ以下,小破,小破,その他,その他,34.2428478,135.1774225
2019,和歌山,和歌山市,105,0119,負傷,0,1,2019/06/03 00:13,2019,6,3,0,13,月,その他,夜－夜,雨,市街地－人口集中,舗装－湿潤,交差点付近－その他,施設なし,単路－5.5m以上,直線－平坦,単路（交差点付近を含む）,規制なし,中央線－ペイント,区分なし,車両相互,乗用車－普通車,二輪車－一般原付自転車,自家用,自家用,乗用車,対象外当事者,65～74歳,35～44歳,損傷なし,負傷,対象外当事者,対象外当事者,40㎞／ｈ以下,指定の速度規制なし等,損壊なし,小破,その他,対象外当事者,34.2148747,135.1740144
2019,和歌山,和歌山市,105,0120,負傷,0,1,2019/07/02 09:08,2019,7,2,9,8,火,その他,昼－昼,雨,市街地－人口集中,舗装－湿潤,単路－橋,施設なし,単路－9.0m以上,直線－平坦,単路（交差点付近を含む）,規制なし,中央分離帯,区分あり－縁石・ブロック等,車両相互,乗用車－普通車,乗用車－軽自動車,自家用,自家用,乗用車,乗用車,35～44歳,0～24歳,損傷なし,負傷,対象外当事者,対象外当事者,指定の速度規制なし等,60㎞／ｈ以下,小破,小破,その他,その他,34.2453672,135.1761494
2019,和歌山,和歌山市,105,0121,負傷,0,2,2019/06/28 09:00,2019,6,28,9,0,金,その他,昼－昼,晴,市街地－人口集中,舗装－乾燥,一般交通の場所,施設なし,一般交通の場所,一般交通の場所,その他,規制なし,一般交通の場所,区分なし,車両相互,乗用車－普通車,貨物車－普通車,自家用,自家用,乗用車,貨物車,0～24歳,35～44歳,負傷,損傷なし,対象外当事者,対象外当事者,指定の速度規制なし等,指定の速度規制なし等,小破,小破,その他,その他,34.2147572,135.1740256
2019,和歌山,和歌山市,105,0122,負傷,0,1,2019/06/19 05:00,2019,6,19,5,0,水,その他,昼－明,晴,市街地－人口集中,舗装－乾燥,交差点－その他,施設なし,交差点－中（5.5m以上）－小,直線－平坦,交差点内,規制なし,中央分離なし,区分あり－縁石・ブロック等,車両相互,貨物車－準中型車,二輪車－一般原付自転車,事業用,自家用,貨物車,対象外当事者,55～64歳,65～74歳,損傷なし,負傷,規制なし,規制なし,40㎞／ｈ以下,指定の速度規制なし等,小破,小破,その他,対象外当事者,34.1947472,135.1696425
2019,和歌山,和歌山市,105,0123,負傷,0,1,2019/06/26 08:00,2019,6,26,8,0,水,その他,昼－昼,晴,市街地－人口集中,舗装－乾燥,交差点－その他,施設なし,交差点－中（5.5m以上）－小,直線－平坦,交差点内,規制なし,中央分離なし,区分あり－縁石・ブロック等,車両相互,貨物車－普通車,軽車両－自転車,自家用,対象外当事者,貨物車,対象外当事者,25～34歳,45～54歳,損傷なし,負傷,規制なし,規制なし,指定の速度規制なし等,対象外当事者,小破,小破,その他,対象外当事者,34.2097244,135.1592917
2019,和歌山,和歌山市,105,0124,負傷,0,1,2019/07/08 07:47,2019,7,8,7,47,月,その他,昼－昼,晴,市街地－人口集中,舗装－乾燥,交差点付近－その他,施設なし,単路－5.5m以上,直線－平坦,単路（交差点付近を含む）,規制なし,中央線－ペイント,区分あり－縁石・ブロック等,車両相互,乗用車－普通車,貨物車－普通車,自家用,自家用,乗用車,貨物車,35～44歳,45～54歳,損傷なし,負傷,対象外当事者,対象外当事者,50㎞／ｈ以下,50㎞／ｈ以下,小破,小破,その他,その他,34.1983033,135.1588997
2019,和歌山,和歌山市,105,0125,負傷,0,1,2019/06/19 21:20,2019,6,19,21,20,水,その他,夜－夜,晴,市街地－人口集中,舗装－乾燥,単路－その他,施設なし,単路－9.0m以上,直線－平坦,単路（交差点付近を含む）,規制なし,中央分離帯,区分あり－縁石・ブロック等,車両相互,乗用車－普通車,乗用車－普通車,自家用,自家用,乗用車,乗用車,55～64歳,55～64歳,損傷なし,負傷,対象外当事者,対象外当事者,指定の速度規制なし等,指定の速度規制なし等,小破,小破,その他,その他,34.2007506,135.1773797
2019,和歌山,和歌山市,105,0126,負傷,0,1,2019/07/09 13:55,2019,7,9,13,55,火,その他,昼－昼,曇,市街地－人口集中,舗装－乾燥,一般交通の場所,施設なし,一般交通の場所,一般交通の場所,その他,規制なし,一般交通の場所,区分なし,車両相互,乗用車－普通車,乗用車－普通車,自家用,自家用,乗用車,乗用車,45～54歳,45～54歳,損傷なし,負傷,対象外当事者,対象外当事者,指定の速度規制なし等,指定の速度規制なし等,小破,小破,その他,その他,34.2023856,135.1785289
2019,和歌山,和歌山市,105,0127,負傷,0,1,2019/06/17 07:05,2019,6,17,7,5,月,その他,昼－昼,晴,市街地－人口集中,舗装－乾燥,交差点－その他,点灯－３灯式,交差点－大（13.0ｍ以上）－中,直線－平坦,交差点内,規制なし,中央分離なし,区分あり－縁石・ブロック等,車両相互,乗用車－軽自動車,軽車両－自転車,自家用,対象外当事者,乗用車,対象外当事者,55～64歳,65～74歳,損傷なし,負傷,規制なし,規制なし,50㎞／ｈ以下,対象外当事者,小破,小破,その他,対象外当事者,34.2155075,135.1775725
2019,和歌山,和歌山市,105,0128,負傷,0,1,2019/07/14 13:06,2019,7,14,13,6,日,前日,昼－昼,雨,市街地－人口集中,舗装－湿潤,交差点付近－その他,点灯－３灯式,単路－9.0m以上,直線－平坦,単路（交差点付近を含む）,規制なし,中央分離帯,区分あり－縁石・ブロック等,車両相互,乗用車－普通車,乗用車－軽自動車,自家用,自家用,乗用車,乗用車,75歳以上,35～44歳,損傷なし,負傷,対象外当事者,対象外当事者,50㎞／ｈ以下,50㎞／ｈ以下,小破,小破,その他,その他,34.1665514,135.1872375
2019,和歌山,和歌山市,105,0129,負傷,0,1,2019/06/26 07:45,2019,6,26,7,45,水,その他,昼－昼,晴,市街地－人口集中,舗装－乾燥,交差点－その他,施設なし,交差点－中（5.5m以上）－小,直線－平坦,交差点内,規制なし,中央分離なし,区分なし,人対車両,二輪車－自動二輪－軽二輪－126～250cc,歩行者,自家用,対象外当事者,対象外当事者,対象外当事者,25～34歳,0～24歳,損傷なし,負傷,拡大－反射式,対象外当事者,指定の速度規制なし等,対象外当事者,小破,対象外当事者,対象外当事者,対象外当事者,34.1843408,135.1878139
2019,和歌山,和歌山市,105,0130,負傷,0,2,2019/07/19 18:45,2019,7,19,18,45,金,その他,昼－暮,雨,市街地－人口集中,舗装－湿潤,交差点付近－その他,点灯－３灯式,単路－13.0m以上,直線－下り,単路（交差点付近を含む）,規制なし,中央分離帯,区分あり－縁石・ブロック等,車両相互,乗用車－普通車,乗用車－軽自動車,自家用,自家用,乗用車,乗用車,45～54歳,45～54歳,損傷なし,負傷,対象外当事者,対象外当事者,50㎞／ｈ以下,50㎞／ｈ以下,小破,小破,その他,その他,34.1887597,135.1856925
2019,和歌山,和歌山市,105,0131,負傷,0,1,2019/07/16 15:05,2019,7,16,15,5,火,その他,昼－昼,晴,市街地－その他,舗装－乾燥,交差点－その他,施設なし,交差点－小（5.5m未満）－小,直線－平坦,交差点内,規制なし,中央分離なし,区分あり－路側帯,車両相互,貨物車－軽自動車,二輪車－一般原付自転車,自家用,自家用,貨物車,対象外当事者,25～34歳,0～24歳,損傷なし,負傷,標準－反射式,規制なし,20㎞／ｈ以下,30㎞／ｈ以下,小破,小破,その他,対象外当事者,34.2234831,135.1846836
2019,和歌山,和歌山市,105,0132,負傷,0,1,2019/06/27 12:00,2019,6,27,12,0,木,その他,昼－昼,雨,市街地－人口集中,舗装－湿潤,交差点付近－その他,点灯－３灯式,単路－9.0m以上,直線－平坦,単路（交差点付近を含む）,規制なし,中央分離帯,区分あり－縁石・ブロック等,車両相互,乗用車－普通車,二輪車－一般原付自転車,自家用,自家用,乗用車,対象外当事者,45～54歳,65～74歳,損傷なし,負傷,対象外当事者,対象外当事者,50㎞／ｈ以下,指定の速度規制なし等,小破,小破,その他,対象外当事者,34.2106181,135.1707122
2019,和歌山,和歌山市,105,0133,負傷,0,2,2019/07/11 10:30,2019,7,11,10,30,木,その他,昼－昼,曇,市街地－人口集中,舗装－湿潤,交差点－その他,施設なし,交差点－小（5.5m未満）－小,直線－平坦,交差点内,規制なし,中央分離なし,区分なし,車両相互,乗用車－軽自動車,乗用車－軽自動車,自家用,自家用,乗用車,乗用車,55～64歳,65～74歳,負傷,負傷,標準－反射式,規制なし,指定の速度規制なし等,指定の速度規制なし等,中破,中破,装備あり 作動,その他,34.2208839,135.1570925
2019,和歌山,和歌山市,105,0134,負傷,0,1,2019/07/22 15:48,2019,7,22,15,48,月,その他,昼－昼,雨,市街地－人口集中,舗装－湿潤,交差点－その他,点灯－３灯式,交差点－中（5.5m以上）－中,カーブ・屈折－左－下り,交差点内,規制なし,中央分離なし,区分あり－縁石・ブロック等,車両相互,乗用車－普通車,軽車両－自転車,自家用,対象外当事者,乗用車,対象外当事者,45～54歳,0～24歳,損傷なし,負傷,規制なし,規制なし,50㎞／ｈ以下,対象外当事者,小破,小破,その他,対象外当事者,34.2263631,135.1831211
2019,和歌山,和歌山市,105,0135,負傷,0,1,2019/07/26 12:35,2019,7,26,12,35,金,その他,昼－昼,晴,市街地－人口集中,舗装－乾燥,単路－その他,施設なし,単路－13.0m以上,直線－平坦,単路（交差点付近を含む）,規制なし,中央線－ポストコーン,区分あり－縁石・ブロック等,車両相互,乗用車－普通車,軽車両－自転車,自家用,対象外当事者,乗用車,対象外当事者,55～64歳,0～24歳,損傷なし,負傷,対象外当事者,対象外当事者,指定の速度規制なし等,対象外当事者,小破,小破,その他,対象外当事者,34.2215319,135.1821794
2019,和歌山,和歌山市,105,0136,負傷,0,1,2019/07/26 17:40,2019,7,26,17,40,金,その他,昼－昼,晴,市街地－人口集中,舗装－乾燥,単路－その他,施設なし,単路－9.0m以上,直線－平坦,単路（交差点付近を含む）,規制なし,中央分離帯,区分あり－縁石・ブロック等,車両相互,乗用車－普通車,対象外当事者,自家用,対象外当事者,乗用車,対象外当事者,45～54歳,不明,負傷,対象外当事者,対象外当事者,対象外当事者,50㎞／ｈ以下,対象外当事者,小破,対象外当事者,その他,対象外当事者,34.1921661,135.185395
2019,和歌山,和歌山市,105,0137,負傷,0,1,2019/06/26 16:05,2019,6,26,16,5,水,その他,昼－昼,曇,市街地－人口集中,舗装－乾燥,交差点－その他,施設なし,交差点－小（5.5m未満）－小,直線－平坦,交差点内,規制なし,中央分離なし,区分あり－路側帯,人対車両,乗用車－軽自動車,歩行者,自家用,対象外当事者,乗用車,対象外当事者,0～24歳,0～24歳,損傷なし,負傷,規制なし,対象外当事者,指定の速度規制なし等,対象外当事者,小破,対象外当事者,その他,対象外当事者,34.2103653,135.1630272
2019,和歌山,和歌山市,105,0138,負傷,0,1,2019/07/13 10:10,2019,7,13,10,10,土,その他,昼－昼,雨,市街地－人口集中,舗装－湿潤,単路－その他,施設なし,単路－9.0m以上,直線－平坦,単路（交差点付近を含む）,規制なし,中央線－ペイント,区分あり－縁石・ブロック等,車両相互,乗用車－普通車,軽車両－駆動補助機付自転車,自家用,対象外当事者,乗用車,対象外当事者,75歳以上,55～64歳,損傷なし,負傷,対象外当事者,対象外当事者,50㎞／ｈ以下,対象外当事者,小破,小破,その他,対象外当事者,34.2253781,135.1683261
2019,和歌山,海南市,106,0034,負傷,0,1,2019/05/08 20:25,2019,5,8,20,25,水,その他,夜－夜,晴,市街地－人口集中,舗装－乾燥,単路－その他,施設なし,単路－9.0m以上,直線－平坦,単路（交差点付近を含む）,規制なし,中央線－ペイント,区分あり－防護柵等,車両相互,乗用車－普通車,乗用車－軽自動車,自家用,自家用,乗用車,乗用車,25～34歳,25～34歳,損傷なし,負傷,対象外当事者,対象外当事者,50㎞／ｈ以下,50㎞／ｈ以下,小破,小破,その他,その他,34.1587539,135.2015947
2019,和歌山,海南市,106,0035,負傷,0,2,2019/06/10 15:15,2019,6,10,15,15,月,その他,昼－昼,晴,市街地－人口集中,舗装－乾燥,単路－その他,施設なし,単路－5.5m以上,直線－下り,単路（交差点付近を含む）,規制なし,中央線－ペイント,区分あり－縁石・ブロック等,車両相互,貨物車－大型車,乗用車－軽自動車,事業用,自家用,貨物車,乗用車,35～44歳,55～64歳,損傷なし,負傷,対象外当事者,対象外当事者,50㎞／ｈ以下,50㎞／ｈ以下,中破,大破,その他,装備あり 作動,34.1268556,135.1641067
2019,和歌山,紀美野町,106,0036,負傷,0,1,2019/07/10 08:20,2019,7,10,8,20,水,その他,昼－昼,曇,非市街地,舗装－乾燥,交差点－その他,施設なし,交差点－中（5.5m以上）－小,直線－平坦,交差点内,規制なし,中央線－ペイント,区分あり－縁石・ブロック等,車両相互,乗用車－軽自動車,軽車両－自転車,自家用,対象外当事者,乗用車,対象外当事者,65～74歳,0～24歳,損傷なし,負傷,規制なし,規制なし,指定の速度規制なし等,対象外当事者,小破,損壊なし,その他,対象外当事者,34.1480408,135.3465675
2019,和歌山,海南市,106,0037,負傷,0,1,2019/06/25 12:25,2019,6,25,12,25,火,その他,昼－昼,晴,市街地－その他,舗装－乾燥,交差点－その他,施設なし,交差点－中（5.5m以上）－中,直線－平坦,交差点内,規制なし,中央線－ペイント,区分あり－縁石・ブロック等,車両相互,貨物車－大型車,軽車両－駆動補助機付自転車,事業用,対象外当事者,貨物車,対象外当事者,35～44歳,65～74歳,損傷なし,負傷,規制なし,規制なし,40㎞／ｈ以下,対象外当事者,小破,小破,その他,対象外当事者,34.1553778,135.2523364
2019,和歌山,海南市,106,0038,負傷,0,1,2019/03/23 10:15,2019,3,23,10,15,土,その他,昼－昼,晴,市街地－その他,舗装－乾燥,交差点－その他,施設なし,交差点－小（5.5m未満）－小,直線－平坦,交差点内,規制なし,中央分離なし,区分あり－路側帯,車両相互,貨物車－準中型車,乗用車－普通車,自家用,自家用,貨物車,乗用車,55～64歳,0～24歳,損傷なし,負傷,標準－反射式,規制なし,指定の速度規制なし等,30㎞／ｈ以下,小破,小破,その他,その他,34.1286656,135.1583161
2019,和歌山,海南市,106,0039,負傷,0,1,2019/07/18 00:45,2019,7,18,0,45,木,その他,夜－夜,曇,市街地－その他,舗装－乾燥,単路－その他,施設なし,単路－9.0m以上,直線－平坦,単路（交差点付近を含む）,規制なし,中央線－ペイント,区分あり－縁石・ブロック等,車両相互,乗用車－普通車,乗用車－軽自動車,自家用,自家用,乗用車,乗用車,0～24歳,0～24歳,負傷,損傷なし,対象外当事者,対象外当事者,指定の速度規制なし等,指定の速度規制なし等,小破,大破,その他,装備あり 作動,34.1585814,135.2648114
2019,和歌山,有田市,107,0015,負傷,0,1,2019/06/30 12:25,2019,6,30,12,25,日,その他,昼－昼,雨,市街地－その他,舗装－湿潤,単路－その他,施設なし,単路－5.5m以上,直線－平坦,単路（交差点付近を含む）,規制なし,中央線－ペイント,区分あり－縁石・ブロック等,車両相互,乗用車－軽自動車,乗用車－軽自動車,自家用,自家用,乗用車,乗用車,35～44歳,35～44歳,損傷なし,負傷,対象外当事者,対象外当事者,50㎞／ｈ以下,50㎞／ｈ以下,小破,小破,その他,その他,34.0796767,135.1197361
2019,和歌山,有田市,107,0016,負傷,0,1,2019/06/01 17:40,2019,6,1,17,40,土,その他,昼－昼,晴,非市街地,舗装－乾燥,交差点－その他,点灯－押ボタン式,交差点－小（5.5m未満）－小,直線－平坦,交差点内,規制なし,中央線－ペイント,区分あり－縁石・ブロック等,車両相互,乗用車－軽自動車,二輪車－一般原付自転車,自家用,自家用,乗用車,対象外当事者,45～54歳,75歳以上,損傷なし,負傷,規制なし,規制なし,40㎞／ｈ以下,指定の速度規制なし等,小破,中破,その他,対象外当事者,34.0785,135.1427872
2019,和歌山,湯浅町,108,0028,負傷,0,1,2019/07/15 10:21,2019,7,15,10,21,月,当日,昼－昼,曇,市街地－人口集中,舗装－乾燥,交差点－その他,点灯－３灯式,交差点－中（5.5m以上）－小,直線－平坦,交差点内,規制なし,中央分離なし,区分あり－縁石・ブロック等,車両相互,貨物車－軽自動車,二輪車－一般原付自転車,自家用,自家用,貨物車,対象外当事者,75歳以上,65～74歳,損傷なし,負傷,規制なし,規制なし,40㎞／ｈ以下,指定の速度規制なし等,小破,小破,その他,対象外当事者,34.0385567,135.1818081