対象年,都道府県,市区町村,警察署等コード,本票番号,事故内容,死者数,負傷者数,発生日時,発生年,発生月,発生日,発生時,発生分,曜日,祝日,昼夜,天候,地形,路面状態,道路形状,信号機,車道幅員,道路線形,衝突地点,ゾーン規制,中央分離帯施設等,歩車道区分,事故類型,当事者A 種別,当事者B 種別,当事者A 用途,当事者B 用途,当事者A 車両形状,当事者B 車両形状,当事者A 年齢,当事者B 年齢,当事者A 人身損傷程度,当事者B 人身損傷程度,当事者A 一時停止規制標識,当事者B 一時停止規制標識,当事者A 速度規制,当事者B 速度規制,当事者A 車両損壊程度,当事者B 車両損壊程度,当事者A エアバッグ,当事者B エアバッグ,緯度,経度
2019,和歌山,和歌山市,104,0253,負傷,0,5,2019/07/07 15:55,2019,7,7,15,55,日,その他,昼－昼,晴,市街地－人口集中,舗装－乾燥,交差点－その他,点灯－３灯式,交差点－中（5.5m以上）－中,直線－平坦,交差点内,規制なし,中央分離帯,区分あり－縁石・ブロック等,車両相互,乗用車－普通車,乗用車－普通車,自家用,自家用,乗用車,乗用車,0～24歳,75歳以上,損傷なし,負傷,規制なし,規制なし,50㎞／ｈ以下,50㎞／ｈ以下,小破,小破,その他,その他,34.2208817,135.1893525
2019,和歌山,和歌山市,104,0254,負傷,0,1,2019/07/31 12:00,2019,7,31,12,0,水,その他,昼－昼,晴,市街地－その他,舗装－乾燥,交差点－その他,施設なし,交差点－中（5.5m以上）－小,直線－平坦,交差点内,規制なし,中央線－ペイント,区分あり－路側帯,車両相互,乗用車－普通車,軽車両－自転車,自家用,対象外当事者,乗用車,対象外当事者,45～54歳,0～24歳,損傷なし,負傷,規制なし,規制なし,40㎞／ｈ以下,対象外当事者,小破,小破,その他,対象外当事者,34.2123928,135.22164
2019,和歌山,和歌山市,104,0255,負傷,0,2,2019/06/15 06:35,2019,6,15,6,35,土,その他,昼－昼,曇,市街地－人口集中,舗装－乾燥,交差点－その他,点灯－３灯式,交差点－大（13.0ｍ以上）－大,直線－平坦,交差点内,規制なし,中央分離なし,区分あり－縁石・ブロック等,車両相互,貨物車－大型車,貨物車－軽自動車,事業用,自家用,貨物車,貨物車,35～44歳,25～34歳,負傷,負傷,規制なし,規制なし,50㎞／ｈ以下,50㎞／ｈ以下,小破,中破,その他,装備あり 作動,34.2282922,135.1897817
2019,和歌山,和歌山市,104,0256,負傷,0,1,2019/06/28 16:30,2019,6,28,16,30,金,その他,昼－昼,晴,市街地－人口集中,舗装－乾燥,交差点－その他,点灯－３灯式,交差点－中（5.5m以上）－中,直線－平坦,交差点内,規制なし,中央線－ペイント,区分あり－路側帯,車両相互,乗用車－軽自動車,二輪車－自動二輪－軽二輪－126～250cc,自家用,自家用,乗用車,対象外当事者,35～44歳,35～44歳,負傷,損傷なし,規制なし,規制なし,30㎞／ｈ以下,30㎞／ｈ以下,小破,小破,その他,対象外当事者,34.2296047,135.1933831
2019,和歌山,和歌山市,104,0257,負傷,0,2,2019/08/09 18:07,2019,8,9,18,7,金,その他,昼－暮,晴,市街地－人口集中,舗装－乾燥,単路－その他,施設なし,単路－9.0m以上,直線－平坦,単路（交差点付近を含む）,規制なし,中央分離帯,区分あり－縁石・ブロック等,車両相互,乗用車－普通車,乗用車－軽自動車,自家用,自家用,乗用車,乗用車,0～24歳,25～34歳,損傷なし,負傷,対象外当事者,対象外当事者,50㎞／ｈ以下,50㎞／ｈ以下,小破,小破,その他,その他,34.1978692,135.1851239
2019,和歌山,和歌山市,104,0258,負傷,0,1,2019/08/01 18:50,2019,8,1,18,50,木,その他,昼－暮,晴,市街地－その他,舗装－乾燥,交差点－その他,点灯－３灯式,交差点－中（5.5m以上）－小,直線－平坦,交差点内,規制なし,中央分離なし,区分あり－縁石・ブロック等,車両相互,乗用車－普通車,乗用車－軽自動車,自家用,自家用,乗用車,乗用車,55～64歳,55～64歳,負傷,損傷なし,規制なし,規制なし,指定の速度規制なし等,指定の速度規制なし等,小破,小破,その他,その他,34.2568083,135.2602772
2019,和歌山,和歌山市,104,0259,負傷,0,2,2019/07/27 23:00,2019,7,27,23,0,土,その他,夜－夜,晴,市街地－人口集中,舗装－乾燥,交差点－その他,点灯－３灯式,交差点－大（13.0ｍ以上）－中,直線－平坦,交差点内,規制なし,中央分離なし,区分あり－縁石・ブロック等,車両相互,乗用車－軽自動車,乗用車－軽自動車,自家用,自家用,乗用車,乗用車,0～24歳,25～34歳,損傷なし,負傷,規制なし,規制なし,50㎞／ｈ以下,50㎞／ｈ以下,小破,小破,その他,その他,34.2314586,135.1828569
2019,和歌山,和歌山市,104,0260,負傷,0,1,2019/08/14 22:35,2019,8,14,22,35,水,その他,夜－夜,曇,市街地－人口集中,舗装－湿潤,交差点付近－その他,点灯－３灯式,単路－9.0m以上,直線－平坦,単路（交差点付近を含む）,規制なし,中央分離帯,区分あり－縁石・ブロック等,車両相互,乗用車－普通車,乗用車－普通車,自家用,自家用,乗用車,乗用車,55～64歳,0～24歳,損傷なし,負傷,対象外当事者,対象外当事者,50㎞／ｈ以下,50㎞／ｈ以下,小破,小破,その他,その他,34.2344606,135.1890753
2019,和歌山,和歌山市,104,0261,負傷,0,1,2019/08/02 17:45,2019,8,2,17,45,金,その他,昼－昼,晴,市街地－人口集中,舗装－乾燥,交差点－その他,施設なし,交差点－中（5.5m以上）－小,直線－平坦,交差点内,規制なし,中央分離帯,区分あり－縁石・ブロック等,車両相互,乗用車－普通車,軽車両－自転車,自家用,対象外当事者,乗用車,対象外当事者,0～24歳,55～64歳,損傷なし,負傷,標準－反射式,規制なし,指定の速度規制なし等,対象外当事者,小破,中破,その他,対象外当事者,34.2149481,135.1785211
2019,和歌山,和歌山市,104,0262,負傷,0,1,2019/07/28 18:47,2019,7,28,18,47,日,その他,昼－暮,晴,市街地－人口集中,舗装－乾燥,交差点－その他,点灯－３灯式,交差点－大（13.0ｍ以上）－中,直線－平坦,交差点内,規制なし,中央分離なし,区分あり－縁石・ブロック等,車両相互,乗用車－普通車,貨物車－軽自動車,自家用,自家用,乗用車,貨物車,35～44歳,35～44歳,損傷なし,負傷,規制なし,規制なし,50㎞／ｈ以下,50㎞／ｈ以下,中破,中破,その他,その他,34.2242936,135.1901931
2019,和歌山,和歌山市,104,0263,負傷,0,1,2019/08/09 21:35,2019,8,9,21,35,金,その他,夜－夜,晴,市街地－人口集中,舗装－乾燥,単路－その他,施設なし,単路－3.5m以上,直線－平坦,単路（交差点付近を含む）,規制なし,中央分離なし,区分なし,人対車両,乗用車－普通車,歩行者,事業用,対象外当事者,乗用車,対象外当事者,55～64歳,55～64歳,損傷なし,負傷,対象外当事者,対象外当事者,指定の速度規制なし等,対象外当事者,小破,対象外当事者,その他,対象外当事者,34.2322619,135.1850364
2019,和歌山,和歌山市,104,0264,負傷,0,3,2019/08/01 13:13,2019,8,1,13,13,木,その他,昼－昼,晴,非市街地,舗装－乾燥,交差点－その他,点灯－３灯式,交差点－大（13.0ｍ以上）－大,直線－平坦,交差点内,規制なし,中央分離なし,区分あり－縁石・ブロック等,車両相互,乗用車－軽自動車,乗用車－軽自動車,自家用,自家用,乗用車,乗用車,45～54歳,35～44歳,負傷,負傷,規制なし,規制なし,指定の速度規制なし等,指定の速度規制なし等,小破,小破,その他,その他,34.2018686,135.2103706
2019,和歌山,和歌山市,104,0265,負傷,0,2,2019/08/11 20:45,2019,8,11,20,45,日,当日,夜－夜,晴,市街地－人口集中,舗装－乾燥,交差点付近－その他,点灯－３灯式,単路－5.5m以上,直線－平坦,単路（交差点付近を含む）,規制なし,中央分離なし,区分あり－路側帯,車両相互,乗用車－普通車,乗用車－普通車,自家用,自家用,乗用車,乗用車,45～54歳,25～34歳,損傷なし,負傷,対象外当事者,対象外当事者,指定の速度規制なし等,指定の速度規制なし等,小破,小破,その他,その他,34.231505,135.1877294
2019,和歌山,和歌山市,104,0266,負傷,0,1,2019/08/15 02:58,2019,8,15,2,58,木,その他,夜－夜,曇,市街地－人口集中,舗装－湿潤,単路－その他,点灯－３灯式,単路－9.0m以上,直線－平坦,単路（交差点付近を含む）,規制なし,中央線－ペイント,区分あり－縁石・ブロック等,車両相互,乗用車－軽自動車,軽車両－自転車,自家用,対象外当事者,乗用車,対象外当事者,25～34歳,35～44歳,損傷なし,負傷,対象外当事者,対象外当事者,指定の速度規制なし等,対象外当事者,小破,小破,その他,対象外当事者,34.2356028,135.1846778
2019,和歌山,和歌山市,104,0267,負傷,0,1,2019/07/18 12:10,2019,7,18,12,10,木,その他,昼－昼,曇,市街地－人口集中,舗装－乾燥,交差点－その他,施設なし,交差点－小（5.5m未満）－小,直線－平坦,交差点内,ゾーン30,中央分離なし,区分あり－路側帯,車両相互,貨物車－軽自動車,二輪車－一般原付自転車,自家用,自家用,貨物車,対象外当事者,65～74歳,25～34歳,損傷なし,負傷,規制なし,規制なし,30㎞／ｈ以下,指定の速度規制なし等,小破,小破,その他,対象外当事者,34.2346953,135.1963008
2019,和歌山,和歌山市,104,0268,負傷,0,1,2019/08/07 22:45,2019,8,7,22,45,水,その他,夜－夜,晴,市街地－人口集中,舗装－乾燥,交差点－その他,点灯－３灯式,交差点－大（13.0ｍ以上）－大,直線－平坦,交差点内,規制なし,中央分離なし,区分あり－縁石・ブロック等,車両相互,乗用車－軽自動車,軽車両－自転車,自家用,対象外当事者,乗用車,対象外当事者,25～34歳,65～74歳,損傷なし,負傷,規制なし,規制なし,50㎞／ｈ以下,対象外当事者,小破,小破,その他,対象外当事者,34.2009681,135.1851147
2019,和歌山,和歌山市,104,0269,負傷,0,1,2019/08/07 16:35,2019,8,7,16,35,水,その他,昼－昼,晴,市街地－人口集中,舗装－乾燥,交差点－その他,施設なし,交差点－中（5.5m以上）－中,直線－平坦,交差点内,規制なし,中央分離なし,区分あり－縁石・ブロック等,車両相互,乗用車－普通車,軽車両－自転車,自家用,対象外当事者,乗用車,対象外当事者,45～54歳,55～64歳,損傷なし,負傷,標準－反射式,規制なし,指定の速度規制なし等,対象外当事者,小破,小破,その他,対象外当事者,34.2295533,135.1849547
2019,和歌山,和歌山市,104,0270,負傷,0,1,2019/08/22 12:40,2019,8,22,12,40,木,その他,昼－昼,晴,市街地－人口集中,舗装－乾燥,交差点－その他,施設なし,交差点－中（5.5m以上）－小,直線－平坦,交差点内,規制なし,中央分離なし,区分あり－路側帯,車両相互,乗用車－普通車,貨物車－軽自動車,自家用,自家用,乗用車,貨物車,45～54歳,25～34歳,損傷なし,負傷,標準－反射式,規制なし,指定の速度規制なし等,30㎞／ｈ以下,小破,小破,その他,その他,34.2276533,135.2054503
2019,和歌山,和歌山市,104,0271,負傷,0,1,2019/07/31 08:50,2019,7,31,8,50,水,その他,昼－昼,晴,市街地－その他,舗装－乾燥,交差点付近－その他,施設なし,単路－3.5m未満,直線－平坦,その他,規制なし,中央分離なし,区分なし,車両相互,乗用車－普通車,軽車両－自転車,自家用,対象外当事者,乗用車,対象外当事者,45～54歳,45～54歳,損傷なし,負傷,対象外当事者,対象外当事者,指定の速度規制なし等,対象外当事者,小破,小破,その他,対象外当事者,34.2422494,135.2579714
2019,和歌山,和歌山市,104,0272,負傷,0,2,2019/08/26 11:40,2019,8,26,11,40,月,その他,昼－昼,晴,市街地－人口集中,舗装－乾燥,単路－その他,施設なし,単路－5.5m以上,直線－平坦,単路（交差点付近を含む）,規制なし,中央線－ペイント,区分あり－縁石・ブロック等,車両相互,乗用車－普通車,乗用車－軽自動車,自家用,自家用,乗用車,乗用車,75歳以上,55～64歳,損傷なし,負傷,対象外当事者,対象外当事者,50㎞／ｈ以下,50㎞／ｈ以下,小破,小破,その他,その他,34.2448689,135.2057161
2019,和歌山,和歌山市,104,0273,負傷,0,1,2019/07/06 11:00,2019,7,6,11,0,土,その他,昼－昼,晴,市街地－人口集中,舗装－乾燥,交差点－その他,点灯－３灯式,交差点－中（5.5m以上）－中,直線－平坦,交差点内,規制なし,中央分離なし,区分あり－縁石・ブロック等,車両相互,乗用車－軽自動車,二輪車－一般原付自転車,自家用,自家用,乗用車,対象外当事者,65～74歳,55～64歳,損傷なし,負傷,規制なし,規制なし,50㎞／ｈ以下,指定の速度規制なし等,小破,小破,その他,対象外当事者,34.2448694,135.1975028
2019,和歌山,和歌山市,104,0274,負傷,0,1,2019/08/04 21:25,2019,8,4,21,25,日,その他,夜－夜,晴,市街地－人口集中,舗装－乾燥,交差点－その他,点灯－３灯式,交差点－中（5.5m以上）－小,直線－平坦,交差点内,規制なし,中央分離なし,区分あり－縁石・ブロック等,車両相互,乗用車－普通車,乗用車－普通車,自家用,自家用,乗用車,乗用車,65～74歳,25～34歳,損傷なし,負傷,規制なし,規制なし,50㎞／ｈ以下,50㎞／ｈ以下,小破,小破,その他,その他,34.236385,135.1925972
2019,和歌山,和歌山市,104,0275,負傷,0,1,2019/08/04 15:15,2019,8,4,15,15,日,その他,昼－昼,晴,市街地－人口集中,舗装－乾燥,単路－その他,施設なし,単路－13.0m以上,直線－平坦,単路（交差点付近を含む）,規制なし,中央分離帯,区分あり－縁石・ブロック等,車両相互,乗用車－軽自動車,軽車両－自転車,自家用,対象外当事者,乗用車,対象外当事者,55～64歳,35～44歳,損傷なし,負傷,対象外当事者,対象外当事者,指定の速度規制なし等,対象外当事者,小破,中破,その他,対象外当事者,34.2017186,135.2058725
2019,和歌山,和歌山市,105,0139,負傷,0,1,2019/07/27 17:20,2019,7,27,17,20,土,その他,昼－昼,曇,市街地－人口集中,舗装－湿潤,単路－橋,施設なし,単路－9.0m以上,直線－平坦,単路（交差点付近を含む）,規制なし,中央分離帯,区分あり－防護柵等,車両相互,乗用車－軽自動車,乗用車－軽自動車,自家用,自家用,乗用車,乗用車,0～24歳,35～44歳,損傷なし,負傷,対象外当事者,対象外当事者,50㎞／ｈ以下,50㎞／ｈ以下,中破,中破,その他,その他,34.2450436,135.1762678
2019,和歌山,和歌山市,105,0140,負傷,0,1,2019/07/02 08:50,2019,7,2,8,50,火,その他,昼－昼,雨,市街地－人口集中,舗装－湿潤,交差点－その他,施設なし,交差点－中（5.5m以上）－中,直線－平坦,交差点内,規制なし,中央分離なし,区分あり－路側帯,車両相互,乗用車－軽自動車,貨物車－軽自動車,自家用,事業用,乗用車,貨物車,45～54歳,45～54歳,負傷,損傷なし,規制なし,標準－反射式,指定の速度規制なし等,指定の速度規制なし等,小破,小破,その他,その他,34.2275686,135.1811175
2019,和歌山,和歌山市,105,0141,負傷,0,2,2019/07/31 15:00,2019,7,31,15,0,水,その他,昼－昼,晴,市街地－人口集中,舗装－乾燥,交差点付近－その他,点灯－３灯式,単路－13.0m以上,直線－平坦,単路（交差点付近を含む）,規制なし,中央線－ペイント,区分あり－縁石・ブロック等,車両相互,乗用車－普通車,乗用車－軽自動車,自家用,自家用,乗用車,乗用車,35～44歳,45～54歳,損傷なし,負傷,対象外当事者,対象外当事者,50㎞／ｈ以下,50㎞／ｈ以下,小破,小破,その他,その他,34.2255233,135.1599194
2019,和歌山,和歌山市,105,0142,負傷,0,1,2019/08/03 10:55,2019,8,3,10,55,土,その他,昼－昼,晴,市街地－人口集中,舗装－乾燥,単路－その他,施設なし,単路－3.5m以上,直線－平坦,単路（交差点付近を含む）,規制なし,中央分離なし,区分なし,車両相互,乗用車－普通車,二輪車－一般原付自転車,自家用,自家用,乗用車,対象外当事者,55～64歳,65～74歳,損傷なし,負傷,対象外当事者,対象外当事者,指定の速度規制なし等,指定の速度規制なし等,小破,小破,その他,対象外当事者,34.1735747,135.1953744
2019,和歌山,和歌山市,105,0143,負傷,0,1,2019/07/22 10:35,2019,7,22,10,35,月,その他,昼－昼,晴,市街地－人口集中,舗装－乾燥,交差点－その他,点灯－３灯式,交差点－大（13.0ｍ以上）－中,直線－平坦,交差点内,規制なし,中央分離なし,区分あり－縁石・ブロック等,車両相互,乗用車－普通車,軽車両－自転車,自家用,対象外当事者,乗用車,対象外当事者,75歳以上,65～74歳,損傷なし,負傷,規制なし,規制なし,50㎞／ｈ以下,対象外当事者,小破,小破,その他,対象外当事者,34.2380406,135.1769753
2019,和歌山,和歌山市,105,0144,負傷,0,1,2019/05/13 13:10,2019,5,13,13,10,月,その他,昼－昼,晴,市街地－人口集中,舗装－乾燥,交差点－その他,点灯－３灯式,交差点－大（13.0ｍ以上）－中,直線－平坦,交差点内,規制なし,中央線－ポストコーン,区分あり－縁石・ブロック等,車両相互,貨物車－大型車,乗用車－普通車,事業用,自家用,貨物車,乗用車,45～54歳,0～24歳,負傷,損傷なし,規制なし,規制なし,50㎞／ｈ以下,50㎞／ｈ以下,小破,中破,その他,装備あり 作動,34.2024617,135.1532297
2019,和歌山,和歌山市,105,0145,負傷,0,1,2019/08/04 09:50,2019,8,4,9,50,日,その他,昼－昼,晴,市街地－人口集中,舗装－乾燥,交差点－その他,点灯－３灯式,交差点－大（13.0ｍ以上）－中,直線－平坦,交差点内,規制なし,中央分離なし,区分あり－縁石・ブロック等,車両相互,乗用車－普通車,軽車両－自転車,自家用,対象外当事者,乗用車,対象外当事者,55～64歳,65～74歳,損傷なし,負傷,規制なし,規制なし,50㎞／ｈ以下,対象外当事者,小破,小破,その他,対象外当事者,34.2337281,135.1696025
2019,和歌山,和歌山市,105,0146,負傷,0,1,2019/08/03 11:05,2019,8,3,11,5,土,その他,昼－昼,晴,市街地－人口集中,舗装－乾燥,交差点付近－その他,点灯－３灯式,単路－13.0m以上,直線－下り,単路（交差点付近を含む）,規制なし,中央線－ペイント,区分あり－縁石・ブロック等,車両相互,乗用車－軽自動車,乗用車－軽自動車,自家用,自家用,乗用車,乗用車,75歳以上,45～54歳,損傷なし,負傷,対象外当事者,対象外当事者,50㎞／ｈ以下,50㎞／ｈ以下,小破,小破,その他,その他,34.1887083,135.1856406
2019,和歌山,和歌山市,105,0147,負傷,0,1,2019/08/12 16:50,2019,8,12,16,50,月,当日,昼－昼,晴,市街地－人口集中,舗装－乾燥,単路－その他,施設なし,単路－5.5m以上,直線－平坦,単路（交差点付近を含む）,規制なし,中央分離なし,区分なし,車両単独,乗用車－普通車,物件等,自家用,対象外当事者,乗用車,対象外当事者,55～64歳,不明,負傷,対象外当事者,対象外当事者,対象外当事者,指定の速度規制なし等,対象外当事者,中破,対象外当事者,装備あり 作動,対象外当事者,34.2309936,135.1641919
2019,和歌山,和歌山市,105,0148,負傷,0,1,2019/07/08 16:30,2019,7,8,16,30,月,その他,昼－昼,曇,市街地－人口集中,舗装－乾燥,交差点－その他,施設なし,交差点－中（5.5m以上）－中,直線－平坦,交差点内,規制なし,中央分離なし,区分あり－縁石・ブロック等,車両相互,乗用車－軽自動車,乗用車－軽自動車,自家用,自家用,乗用車,乗用車,0～24歳,35～44歳,損傷なし,負傷,標準－反射式,規制なし,40㎞／ｈ以下,40㎞／ｈ以下,小破,小破,その他,その他,34.2331856,135.1647094
2019,和歌山,和歌山市,105,0149,負傷,0,1,2019/08/07 09:11,2019,8,7,9,11,水,その他,昼－昼,曇,市街地－人口集中,舗装－乾燥,単路－橋,施設なし,単路－9.0m以上,直線－平坦,単路（交差点付近を含む）,規制なし,中央線－ポストコーン,区分あり－防護柵等,車両相互,乗用車－軽自動車,二輪車－一般原付自転車,自家用,自家用,乗用車,対象外当事者,65～74歳,75歳以上,損傷なし,負傷,対象外当事者,対象外当事者,50㎞／ｈ以下,指定の速度規制なし等,小破,小破,その他,対象外当事者,34.2320217,135.1580944
2019,和歌山,和歌山市,105,0150,負傷,0,1,2019/08/07 17:58,2019,8,7,17,58,水,その他,昼－暮,曇,市街地－人口集中,舗装－乾燥,交差点付近－その他,施設なし,単路－9.0m以上,直線－平坦,単路（交差点付近を含む）,規制なし,中央分離帯,区分あり－縁石・ブロック等,車両相互,乗用車－普通車,乗用車－軽自動車,自家用,自家用,乗用車,乗用車,25～34歳,45～54歳,負傷,損傷なし,対象外当事者,対象外当事者,50㎞／ｈ以下,50㎞／ｈ以下,小破,小破,その他,その他,34.2347028,135.1694333
2019,和歌山,和歌山市,105,0151,負傷,0,1,2019/07/24 11:00,2019,7,24,11,0,水,その他,昼－昼,晴,市街地－人口集中,舗装－乾燥,一般交通の場所,施設なし,一般交通の場所,一般交通の場所,その他,規制なし,一般交通の場所,区分なし,人対車両,乗用車－軽自動車,歩行者,自家用,対象外当事者,乗用車,対象外当事者,65～74歳,45～54歳,損傷なし,負傷,対象外当事者,対象外当事者,指定の速度規制なし等,対象外当事者,小破,対象外当事者,その他,対象外当事者,34.224175,135.1813119
2019,和歌山,和歌山市,105,0152,負傷,0,1,2019/07/25 17:05,2019,7,25,17,5,木,その他,昼－昼,晴,市街地－人口集中,舗装－乾燥,交差点－その他,施設なし,交差点－中（5.5m以上）－中,直線－平坦,交差点内,規制なし,中央分離なし,区分あり－路側帯,車両相互,乗用車－普通車,乗用車－軽自動車,自家用,自家用,乗用車,乗用車,75歳以上,55～64歳,損傷なし,負傷,標準－反射式,規制なし,30㎞／ｈ以下,30㎞／ｈ以下,小破,大破,その他,装備あり 作動,34.2161289,135.1723561
2019,和歌山,和歌山市,105,0153,負傷,0,1,2019/08/06 17:55,2019,8,6,17,55,火,その他,昼－昼,晴,市街地－人口集中,舗装－乾燥,交差点－その他,点灯－３灯式,交差点－中（5.5m以上）－中,直線－平坦,交差点内,規制なし,中央分離なし,区分あり－縁石・ブロック等,車両単独,二輪車－一般原付自転車,相手なし,自家用,対象外当事者,対象外当事者,対象外当事者,45～54歳,不明,負傷,対象外当事者,規制なし,対象外当事者,30㎞／ｈ以下,対象外当事者,小破,対象外当事者,対象外当事者,対象外当事者,34.219805,135.1714761
2019,和歌山,和歌山市,105,0154,負傷,0,1,2019/07/21 13:55,2019,7,21,13,55,日,その他,昼－昼,晴,市街地－人口集中,舗装－乾燥,交差点付近－その他,施設なし,単路－5.5m以上,直線－平坦,単路（交差点付近を含む）,規制なし,中央分離なし,区分なし,車両相互,乗用車－普通車,乗用車－軽自動車,自家用,自家用,乗用車,乗用車,0～24歳,25～34歳,損傷なし,負傷,対象外当事者,対象外当事者,指定の速度規制なし等,指定の速度規制なし等,小破,小破,その他,その他,34.1857664,135.1873089
2019,和歌山,和歌山市,105,0155,負傷,0,1,2019/08/21 22:35,2019,8,21,22,35,水,その他,夜－夜,晴,市街地－人口集中,舗装－乾燥,交差点－その他,点灯－３灯式,交差点－大（13.0ｍ以上）－大,直線－平坦,交差点内,規制なし,中央分離なし,区分あり－縁石・ブロック等,車両相互,乗用車－普通車,軽車両－自転車,自家用,対象外当事者,乗用車,対象外当事者,35～44歳,25～34歳,損傷なし,負傷,規制なし,規制なし,50㎞／ｈ以下,対象外当事者,小破,小破,その他,対象外当事者,34.2254108,135.1701875
2019,和歌山,和歌山市,105,0156,負傷,0,1,2019/08/22 08:05,2019,8,22,8,5,木,その他,昼－昼,晴,市街地－人口集中,舗装－乾燥,単路－その他,施設なし,単路－13.0m以上,直線－平坦,単路（交差点付近を含む）,規制なし,中央線－ペイント,区分あり－縁石・ブロック等,車両相互,乗用車－普通車,乗用車－普通車,自家用,自家用,乗用車,乗用車,0～24歳,35～44歳,損傷なし,負傷,対象外当事者,対象外当事者,50㎞／ｈ以下,50㎞／ｈ以下,小破,小破,その他,その他,34.2298408,135.1725611
2019,和歌山,和歌山市,105,0157,負傷,0,1,2019/08/23 17:52,2019,8,23,17,52,金,その他,昼－暮,曇,市街地－人口集中,舗装－乾燥,交差点付近－その他,施設なし,単路－13.0m以上,直線－平坦,単路（交差点付近を含む）,規制なし,中央線－ペイント,区分あり－縁石・ブロック等,車両相互,乗用車－普通車,乗用車－軽自動車,自家用,自家用,乗用車,乗用車,55～64歳,25～34歳,負傷,損傷なし,対象外当事者,対象外当事者,50㎞／ｈ以下,50㎞／ｈ以下,小破,小破,その他,その他,34.2009531,135.170115
2019,和歌山,和歌山市,105,0158,負傷,0,1,2019/07/27 16:30,2019,7,27,16,30,土,その他,昼－昼,曇,市街地－人口集中,舗装－乾燥,交差点－その他,施設なし,交差点－大（13.0ｍ以上）－小,直線－平坦,交差点内,規制なし,中央線－ポストコーン,区分あり－縁石・ブロック等,車両相互,乗用車－普通車,貨物車－普通車,自家用,自家用,乗用車,貨物車,65～74歳,35～44歳,損傷なし,負傷,標準－反射式,規制なし,50㎞／ｈ以下,50㎞／ｈ以下,小破,小破,その他,その他,34.2388581,135.1768536
2019,和歌山,和歌山市,105,0159,負傷,0,1,2019/08/26 15:05,2019,8,26,15,5,月,その他,昼－昼,晴,市街地－人口集中,舗装－乾燥,交差点付近－その他,点灯－３灯式,単路－5.5m以上,直線－平坦,単路（交差点付近を含む）,規制なし,中央線－ペイント,区分あり－縁石・ブロック等,車両相互,乗用車－普通車,乗用車－軽自動車,自家用,自家用,乗用車,乗用車,55～64歳,75歳以上,負傷,損傷なし,対象外当事者,対象外当事者,40㎞／ｈ以下,40㎞／ｈ以下,小破,小破,その他,その他,34.1712247,135.1881367
2019,和歌山,紀美野町,106,0040,負傷,0,2,2019/07/15 09:05,2019,7,15,9,5,月,当日,昼－昼,曇,市街地－その他,舗装－乾燥,交差点－その他,施設なし,交差点－小（5.5m未満）－小,直線－上り,交差点内,規制なし,中央分離なし,区分なし,車両相互,乗用車－普通車,貨物車－軽自動車,自家用,自家用,乗用車,貨物車,35～44歳,45～54歳,負傷,負傷,規制なし,規制なし,40㎞／ｈ以下,40㎞／ｈ以下,小破,中破,その他,その他,34.1576975,135.3141231
2019,和歌山,海南市,106,0041,負傷,0,1,2019/08/01 13:55,2019,8,1,13,55,木,その他,昼－昼,晴,市街地－人口集中,舗装－乾燥,交差点－その他,施設なし,交差点－小（5.5m未満）－小,直線－平坦,交差点内,規制なし,中央分離なし,区分あり－縁石・ブロック等,車両相互,貨物車－軽自動車,貨物車－軽自動車,自家用,自家用,貨物車,貨物車,45～54歳,25～34歳,損傷なし,負傷,標準－反射式,規制なし,指定の速度規制なし等,30㎞／ｈ以下,小破,小破,その他,その他,34.1286506,135.1583294
2019,和歌山,海南市,106,0042,負傷,0,4,2019/07/13 15:40,2019,7,13,15,40,土,その他,昼－昼,雨,市街地－人口集中,舗装－湿潤,交差点－その他,点滅－１灯式,交差点－小（5.5m未満）－小,直線－平坦,交差点内,規制なし,中央線－ペイント,区分なし,車両相互,乗用車－普通車,乗用車－普通車,自家用,自家用,乗用車,乗用車,45～54歳,0～24歳,負傷,負傷,規制なし,規制なし,指定の速度規制なし等,30㎞／ｈ以下,中破,大破,装備あり 作動,装備あり 作動,34.1596242,135.1973406
2019,和歌山,海南市,106,0043,負傷,0,1,2019/08/13 19:12,2019,8,13,19,12,火,その他,夜－暮,曇,市街地－その他,舗装－乾燥,交差点－その他,施設なし,交差点－中（5.5m以上）－小,直線－平坦,交差点内,規制なし,中央線－ペイント,区分あり－縁石・ブロック等,人対車両,乗用車－普通車,歩行者,自家用,対象外当事者,乗用車,対象外当事者,35～44歳,75歳以上,損傷なし,負傷,規制なし,対象外当事者,指定の速度規制なし等,対象外当事者,小破,対象外当事者,その他,対象外当事者,34.1586256,135.2641936
2019,和歌山,海南市,106,0044,負傷,0,1,2019/07/27 16:15,2019,7,27,16,15,土,その他,昼－昼,晴,市街地－人口集中,舗装－乾燥,単路－その他,施設なし,単路－9.0m以上,直線－平坦,単路（交差点付近を含む）,規制なし,中央線－ペイント,区分あり－縁石・ブロック等,車両相互,乗用車－軽自動車,軽車両－自転車,自家用,対象外当事者,乗用車,対象外当事者,0～24歳,45～54歳,損傷なし,負傷,対象外当事者,対象外当事者,50㎞／ｈ以下,対象外当事者,小破,小破,その他,対象外当事者,34.1524772,135.2153175
2019,和歌山,海南市,106,0045,負傷,0,1,2019/08/06 19:25,2019,8,6,19,25,火,その他,夜－暮,晴,市街地－その他,舗装－乾燥,交差点－その他,施設なし,交差点－中（5.5m以上）－小,直線－平坦,交差点内,規制なし,中央線－ペイント,区分なし,車両相互,乗用車－普通車,軽車両－自転車,自家用,対象外当事者,乗用車,対象外当事者,35～44歳,0～24歳,損傷なし,負傷,規制なし,規制なし,指定の速度規制なし等,対象外当事者,小破,中破,その他,対象外当事者,34.1888714,135.304135