対象年,都道府県,市区町村,警察署等コード,本票番号,事故内容,死者数,負傷者数,発生日時,発生年,発生月,発生日,発生時,発生分,曜日,祝日,昼夜,天候,地形,路面状態,道路形状,信号機,車道幅員,道路線形,衝突地点,ゾーン規制,中央分離帯施設等,歩車道区分,事故類型,当事者A 種別,当事者B 種別,当事者A 用途,当事者B 用途,当事者A 車両形状,当事者B 車両形状,当事者A 年齢,当事者B 年齢,当事者A 人身損傷程度,当事者B 人身損傷程度,当事者A 一時停止規制標識,当事者B 一時停止規制標識,当事者A 速度規制,当事者B 速度規制,当事者A 車両損壊程度,当事者B 車両損壊程度,当事者A エアバッグ,当事者B エアバッグ,緯度,経度
2019,和歌山,和歌山市,114,0138,負傷,0,1,2019/08/06 08:10,2019,8,6,8,10,火,その他,昼－昼,晴,市街地－人口集中,舗装－乾燥,単路－その他,施設なし,単路－9.0m以上,直線－平坦,単路（交差点付近を含む）,規制なし,中央線－ペイント,区分あり－縁石・ブロック等,車両相互,乗用車－軽自動車,貨物車－軽自動車,自家用,自家用,乗用車,貨物車,0～24歳,35～44歳,損傷なし,負傷,対象外当事者,対象外当事者,50㎞／ｈ以下,50㎞／ｈ以下,小破,小破,その他,その他,34.2596408,135.1721314
2019,和歌山,和歌山市,114,0139,負傷,0,1,2019/08/09 18:25,2019,8,9,18,25,金,その他,昼－暮,晴,市街地－人口集中,舗装－乾燥,交差点－その他,点灯－３灯式,交差点－大（13.0ｍ以上）－中,直線－平坦,交差点内,規制なし,中央分離なし,区分あり－縁石・ブロック等,車両相互,乗用車－軽自動車,乗用車－軽自動車,自家用,自家用,乗用車,乗用車,45～54歳,35～44歳,損傷なし,負傷,規制なし,規制なし,50㎞／ｈ以下,50㎞／ｈ以下,小破,小破,その他,その他,34.2559764,135.1527269
2019,和歌山,和歌山市,114,0140,負傷,0,1,2019/08/07 12:05,2019,8,7,12,5,水,その他,昼－昼,晴,市街地－人口集中,舗装－乾燥,交差点－その他,施設なし,交差点－小（5.5m未満）－小,直線－平坦,交差点内,規制なし,中央分離なし,区分なし,車両相互,乗用車－普通車,二輪車－一般原付自転車,自家用,自家用,乗用車,対象外当事者,35～44歳,35～44歳,損傷なし,負傷,規制なし,規制なし,指定の速度規制なし等,指定の速度規制なし等,小破,小破,その他,対象外当事者,34.2484081,135.1663375
2019,和歌山,和歌山市,114,0141,負傷,0,1,2019/08/23 20:15,2019,8,23,20,15,金,その他,夜－夜,曇,市街地－人口集中,舗装－湿潤,単路－その他,施設なし,単路－3.5m未満,直線－平坦,単路（交差点付近を含む）,規制なし,中央分離なし,区分なし,人対車両,乗用車－軽自動車,歩行者,自家用,対象外当事者,乗用車,対象外当事者,55～64歳,0～24歳,損傷なし,負傷,対象外当事者,対象外当事者,20㎞／ｈ以下,対象外当事者,小破,対象外当事者,その他,対象外当事者,34.2607072,135.1829022
2019,和歌山,印南町,059,0039,負傷,0,2,2019/08/12 21:15,2019,8,12,21,15,月,当日,夜－夜,晴,非市街地,舗装－乾燥,単路－その他,施設なし,単路－5.5m以上,直線－平坦,単路（交差点付近を含む）,規制なし,中央線－ポストコーン,区分なし,車両相互,乗用車－普通車,貨物車－軽自動車,自家用,自家用,乗用車,貨物車,35～44歳,45～54歳,負傷,損傷なし,対象外当事者,対象外当事者,70㎞／ｈ以下,70㎞／ｈ以下,小破,小破,その他,その他,33.8582939,135.2087333
2019,和歌山,岩出市,059,0040,負傷,0,2,2019/08/31 14:55,2019,8,31,14,55,土,その他,昼－昼,雨,非市街地,舗装－湿潤,交差点付近－その他,点灯－３灯式,単路－5.5m以上,直線－平坦,単路（交差点付近を含む）,規制なし,中央分離帯,区分あり－路側帯,車両相互,貨物車－準中型車,乗用車－普通車,事業用,自家用,貨物車,乗用車,25～34歳,25～34歳,損傷なし,負傷,対象外当事者,対象外当事者,40㎞／ｈ以下,40㎞／ｈ以下,小破,小破,その他,その他,34.2899258,135.3048314
2019,和歌山,広川町,059,0041,負傷,0,1,2019/08/10 17:50,2019,8,10,17,50,土,前日,昼－昼,晴,非市街地,舗装－乾燥,単路－トンネル,施設なし,単路－5.5m以上,直線－平坦,単路（交差点付近を含む）,規制なし,中央線－ポストコーン,区分なし,車両相互,貨物車－準中型車,乗用車－軽自動車,自家用,自家用,貨物車,乗用車,25～34歳,25～34歳,負傷,損傷なし,対象外当事者,対象外当事者,70㎞／ｈ以下,70㎞／ｈ以下,小破,大破,その他,その他,33.9723419,135.1975761
2019,和歌山,かつらぎ町,059,0042,負傷,0,2,2019/08/10 18:30,2019,8,10,18,30,土,前日,昼－暮,晴,非市街地,舗装－乾燥,単路－橋,施設なし,単路－5.5m以上,直線－平坦,単路（交差点付近を含む）,規制なし,中央線－ポストコーン,区分あり－防護柵等,車両相互,乗用車－普通車,乗用車－軽自動車,自家用,自家用,乗用車,乗用車,25～34歳,0～24歳,負傷,損傷なし,対象外当事者,対象外当事者,70㎞／ｈ以下,70㎞／ｈ以下,中破,中破,装備あり 作動,その他,34.3049881,135.5121867
2019,和歌山,和歌山市,059,0043,負傷,0,3,2019/08/30 05:55,2019,8,30,5,55,金,その他,昼－明,雨,非市街地,舗装－湿潤,単路－カーブ・屈折,施設なし,単路－5.5m以上,カーブ・屈折－左－上り,単路（交差点付近を含む）,規制なし,中央分離帯,区分あり－路側帯,車両相互,乗用車－普通車,乗用車－軽自動車,自家用,自家用,乗用車,乗用車,0～24歳,75歳以上,損傷なし,負傷,対象外当事者,対象外当事者,80㎞／ｈ以下,80㎞／ｈ以下,小破,中破,その他,装備あり 作動,34.27919,135.2676122
2019,和歌山,和歌山市,059,0044,負傷,0,4,2019/08/24 08:45,2019,8,24,8,45,土,その他,昼－昼,曇,非市街地,舗装－乾燥,単路－その他,施設なし,単路－5.5m以上,直線－平坦,単路（交差点付近を含む）,規制なし,中央分離帯,区分なし,車両相互,乗用車－普通車,乗用車－軽自動車,自家用,自家用,乗用車,乗用車,25～34歳,65～74歳,負傷,損傷なし,対象外当事者,対象外当事者,80㎞／ｈ以下,80㎞／ｈ以下,小破,小破,その他,その他,34.2719997,135.2368031
2019,和歌山,和歌山市,059,0045,負傷,0,1,2019/09/06 13:35,2019,9,6,13,35,金,その他,昼－昼,晴,非市街地,舗装－乾燥,一般交通の場所,施設なし,一般交通の場所,一般交通の場所,その他,規制なし,一般交通の場所,区分なし,車両相互,貨物車－普通車,乗用車－軽自動車,自家用,自家用,貨物車,乗用車,25～34歳,35～44歳,損傷なし,負傷,対象外当事者,対象外当事者,指定の速度規制なし等,指定の速度規制なし等,中破,中破,その他,その他,34.2759411,135.2490661
2019,和歌山,かつらぎ町,059,0047,負傷,0,1,2019/09/15 15:35,2019,9,15,15,35,日,前日,昼－昼,晴,非市街地,舗装－乾燥,一般交通の場所,施設なし,一般交通の場所,一般交通の場所,その他,規制なし,一般交通の場所,区分なし,車両相互,乗用車－軽自動車,二輪車－自動二輪－軽二輪－126～250cc,自家用,自家用,乗用車,対象外当事者,35～44歳,45～54歳,損傷なし,負傷,対象外当事者,対象外当事者,指定の速度規制なし等,指定の速度規制なし等,小破,小破,その他,対象外当事者,34.2967356,135.4744156
2019,和歌山,九度山町,101,0067,負傷,0,1,2019/09/15 11:19,2019,9,15,11,19,日,前日,昼－昼,晴,非市街地,舗装－乾燥,交差点付近－その他,施設なし,単路－3.5m以上,直線－平坦,単路（交差点付近を含む）,規制なし,中央分離なし,区分あり－路側帯,人対車両,乗用車－軽自動車,歩行者,自家用,対象外当事者,乗用車,対象外当事者,55～64歳,35～44歳,損傷なし,負傷,対象外当事者,対象外当事者,指定の速度規制なし等,対象外当事者,小破,対象外当事者,その他,対象外当事者,34.2663114,135.5506258
2019,和歌山,かつらぎ町,102,0037,負傷,0,1,2019/08/13 09:10,2019,8,13,9,10,火,その他,昼－昼,晴,市街地－その他,舗装－乾燥,交差点－その他,点灯－３灯式,交差点－中（5.5m以上）－中,直線－平坦,交差点内,規制なし,中央線－ペイント,区分あり－縁石・ブロック等,人対車両,乗用車－軽自動車,歩行者,自家用,対象外当事者,乗用車,対象外当事者,75歳以上,65～74歳,損傷なし,負傷,規制なし,対象外当事者,50㎞／ｈ以下,対象外当事者,損壊なし,対象外当事者,その他,対象外当事者,34.3029172,135.5301275
2019,和歌山,橋本市,102,0038,負傷,0,1,2019/08/22 16:00,2019,8,22,16,0,木,その他,昼－昼,晴,非市街地,舗装－乾燥,交差点－その他,施設なし,交差点－小（5.5m未満）－小,直線－平坦,交差点内,規制なし,中央分離なし,区分なし,車両相互,乗用車－軽自動車,二輪車－自動二輪－原付二種－51～125cc,自家用,自家用,乗用車,対象外当事者,25～34歳,35～44歳,損傷なし,負傷,規制なし,規制なし,指定の速度規制なし等,指定の速度規制なし等,小破,小破,その他,対象外当事者,34.3018761,135.5714264
2019,和歌山,かつらぎ町,102,0039,負傷,0,1,2019/09/04 07:00,2019,9,4,7,0,水,その他,昼－昼,晴,市街地－その他,舗装－乾燥,交差点付近－その他,点灯－３灯式,単路－5.5m以上,直線－平坦,単路（交差点付近を含む）,規制なし,中央線－ペイント,区分あり－縁石・ブロック等,車両相互,乗用車－軽自動車,乗用車－軽自動車,自家用,自家用,乗用車,乗用車,55～64歳,35～44歳,損傷なし,負傷,対象外当事者,対象外当事者,50㎞／ｈ以下,50㎞／ｈ以下,小破,小破,その他,その他,34.3017525,135.5285264
2019,和歌山,かつらぎ町,102,0040,負傷,0,1,2019/02/16 16:43,2019,2,16,16,43,土,その他,昼－暮,晴,市街地－その他,舗装－乾燥,交差点－その他,点灯－３灯式,交差点－中（5.5m以上）－中,直線－下り,交差点内,規制なし,中央分離なし,区分あり－縁石・ブロック等,車両単独,貨物車－軽自動車,物件等,自家用,対象外当事者,貨物車,対象外当事者,65～74歳,不明,損傷なし,対象外当事者,規制なし,対象外当事者,50㎞／ｈ以下,対象外当事者,大破,対象外当事者,装備あり 作動,対象外当事者,34.3022692,135.5293464
2019,和歌山,かつらぎ町,102,0041,負傷,0,1,2019/09/07 12:05,2019,9,7,12,5,土,その他,昼－昼,晴,市街地－その他,舗装－乾燥,単路－その他,施設なし,単路－5.5m以上,直線－平坦,単路（交差点付近を含む）,規制なし,中央線－ペイント,区分あり－縁石・ブロック等,車両相互,貨物車－軽自動車,貨物車－軽自動車,自家用,自家用,貨物車,貨物車,65～74歳,65～74歳,損傷なし,負傷,対象外当事者,対象外当事者,50㎞／ｈ以下,50㎞／ｈ以下,小破,小破,その他,その他,34.3054261,135.537895
2019,和歌山,かつらぎ町,102,0042,負傷,0,1,2019/09/24 18:30,2019,9,24,18,30,火,その他,夜－暮,曇,市街地－その他,舗装－乾燥,交差点－その他,施設なし,交差点－中（5.5m以上）－中,直線－平坦,交差点内,規制なし,中央線－ペイント,区分あり－縁石・ブロック等,車両相互,乗用車－普通車,二輪車－一般原付自転車,自家用,自家用,乗用車,対象外当事者,75歳以上,25～34歳,損傷なし,負傷,規制なし,規制なし,50㎞／ｈ以下,指定の速度規制なし等,小破,小破,その他,対象外当事者,34.2915036,135.4870353
2019,和歌山,紀の川市,103,0149,負傷,0,1,2019/08/22 17:53,2019,8,22,17,53,木,その他,昼－暮,晴,市街地－その他,舗装－乾燥,単路－その他,施設なし,単路－5.5m以上,直線－平坦,単路（交差点付近を含む）,規制なし,中央線－ペイント,区分なし,車両相互,乗用車－軽自動車,乗用車－軽自動車,自家用,自家用,乗用車,乗用車,35～44歳,25～34歳,損傷なし,負傷,対象外当事者,対象外当事者,40㎞／ｈ以下,40㎞／ｈ以下,小破,小破,その他,その他,34.215555,135.31386
2019,和歌山,紀の川市,103,0154,負傷,0,1,2019/08/21 07:05,2019,8,21,7,5,水,その他,昼－昼,晴,市街地－その他,舗装－乾燥,単路－その他,施設なし,単路－5.5m以上,直線－平坦,単路（交差点付近を含む）,規制なし,中央線－ペイント,区分あり－縁石・ブロック等,車両相互,貨物車－軽自動車,貨物車－軽自動車,自家用,自家用,貨物車,貨物車,75歳以上,35～44歳,損傷なし,負傷,対象外当事者,対象外当事者,40㎞／ｈ以下,40㎞／ｈ以下,小破,小破,その他,その他,34.2146483,135.3098628
2019,和歌山,岩出市,103,0155,負傷,0,1,2019/02/28 08:00,2019,2,28,8,0,木,その他,昼－昼,雨,市街地－その他,舗装－湿潤,一般交通の場所,施設なし,一般交通の場所,一般交通の場所,その他,規制なし,一般交通の場所,区分なし,車両相互,乗用車－軽自動車,乗用車－軽自動車,自家用,自家用,乗用車,乗用車,35～44歳,65～74歳,損傷なし,負傷,対象外当事者,対象外当事者,指定の速度規制なし等,指定の速度規制なし等,小破,小破,その他,その他,34.2669817,135.2920131
2019,和歌山,紀の川市,103,0156,負傷,0,1,2019/08/28 08:25,2019,8,28,8,25,水,その他,昼－昼,雨,非市街地,舗装－湿潤,交差点付近－その他,施設なし,単路－5.5m以上,カーブ・屈折－左－平坦,単路（交差点付近を含む）,規制なし,中央線－ペイント,区分なし,車両相互,乗用車－軽自動車,乗用車－軽自動車,自家用,自家用,乗用車,乗用車,25～34歳,35～44歳,損傷なし,負傷,対象外当事者,対象外当事者,40㎞／ｈ以下,40㎞／ｈ以下,小破,小破,その他,その他,34.2213806,135.2924244
2019,和歌山,岩出市,103,0157,負傷,0,2,2019/09/01 14:00,2019,9,1,14,0,日,その他,昼－昼,晴,市街地－その他,舗装－乾燥,交差点－その他,点灯－押ボタン式,交差点－大（13.0ｍ以上）－小,直線－平坦,交差点内,規制なし,中央分離なし,区分あり－縁石・ブロック等,車両相互,乗用車－普通車,乗用車－普通車,自家用,自家用,乗用車,乗用車,45～54歳,25～34歳,損傷なし,負傷,規制なし,規制なし,50㎞／ｈ以下,50㎞／ｈ以下,小破,小破,その他,その他,34.2655253,135.3107467
2019,和歌山,紀の川市,103,0158,負傷,0,1,2019/08/28 18:30,2019,8,28,18,30,水,その他,昼－暮,曇,非市街地,舗装－乾燥,交差点－その他,施設なし,交差点－中（5.5m以上）－小,直線－平坦,交差点内,規制なし,中央線－ペイント,区分あり－路側帯,車両相互,乗用車－軽自動車,乗用車－軽自動車,自家用,自家用,乗用車,乗用車,25～34歳,25～34歳,損傷なし,負傷,規制なし,規制なし,50㎞／ｈ以下,50㎞／ｈ以下,小破,小破,その他,その他,34.2707672,135.4244469
2019,和歌山,紀の川市,103,0159,負傷,0,1,2019/09/07 07:55,2019,9,7,7,55,土,その他,昼－昼,晴,市街地－その他,舗装－乾燥,交差点付近－その他,点灯－３灯式,単路－5.5m以上,直線－平坦,単路（交差点付近を含む）,規制なし,中央線－ペイント,区分なし,車両相互,貨物車－準中型車,乗用車－普通車,事業用,自家用,貨物車,乗用車,25～34歳,45～54歳,損傷なし,負傷,対象外当事者,対象外当事者,50㎞／ｈ以下,50㎞／ｈ以下,小破,小破,その他,その他,34.2676331,135.3946597
2019,和歌山,岩出市,103,0160,負傷,0,1,2019/09/09 11:55,2019,9,9,11,55,月,その他,昼－昼,晴,市街地－その他,舗装－乾燥,交差点－その他,点灯－３灯式,交差点－中（5.5m以上）－小,直線－平坦,交差点内,規制なし,中央分離なし,区分なし,車両相互,乗用車－普通車,軽車両－自転車,自家用,対象外当事者,乗用車,対象外当事者,65～74歳,65～74歳,損傷なし,負傷,規制なし,規制なし,50㎞／ｈ以下,対象外当事者,小破,小破,その他,対象外当事者,34.2670347,135.2810367
2019,和歌山,紀の川市,103,0161,負傷,0,1,2019/09/12 15:00,2019,9,12,15,0,木,その他,昼－昼,晴,非市街地,舗装－乾燥,交差点付近－その他,点灯－３灯式,単路－5.5m以上,直線－平坦,単路（交差点付近を含む）,規制なし,中央線－ペイント,区分あり－縁石・ブロック等,車両相互,乗用車－普通車,貨物車－軽自動車,自家用,自家用,乗用車,貨物車,65～74歳,35～44歳,損傷なし,負傷,対象外当事者,対象外当事者,指定の速度規制なし等,指定の速度規制なし等,小破,小破,その他,その他,34.2374836,135.3457825
2019,和歌山,紀の川市,103,0162,負傷,0,1,2019/09/14 11:15,2019,9,14,11,15,土,その他,昼－昼,晴,市街地－その他,舗装－乾燥,単路－その他,施設なし,単路－3.5m以上,直線－平坦,単路（交差点付近を含む）,規制なし,中央分離なし,区分なし,人対車両,貨物車－軽自動車,歩行者,事業用,対象外当事者,貨物車,対象外当事者,45～54歳,0～24歳,損傷なし,負傷,対象外当事者,対象外当事者,指定の速度規制なし等,対象外当事者,小破,対象外当事者,その他,対象外当事者,34.2339928,135.3440844
2019,和歌山,紀の川市,103,0163,負傷,0,1,2019/09/12 07:15,2019,9,12,7,15,木,その他,昼－昼,晴,非市街地,舗装－乾燥,交差点付近－その他,施設なし,単路－5.5m以上,直線－下り,単路（交差点付近を含む）,規制なし,中央線－ペイント,区分あり－縁石・ブロック等,車両相互,乗用車－普通車,貨物車－普通車,自家用,自家用,乗用車,貨物車,0～24歳,35～44歳,損傷なし,負傷,対象外当事者,対象外当事者,50㎞／ｈ以下,50㎞／ｈ以下,中破,小破,その他,その他,34.22088,135.3374067
2019,和歌山,紀の川市,103,0164,負傷,0,1,2019/08/27 08:10,2019,8,27,8,10,火,その他,昼－昼,曇,非市街地,舗装－乾燥,一般交通の場所,施設なし,一般交通の場所,一般交通の場所,その他,規制なし,一般交通の場所,区分なし,車両相互,乗用車－軽自動車,貨物車－軽自動車,自家用,自家用,乗用車,貨物車,0～24歳,35～44歳,負傷,損傷なし,対象外当事者,対象外当事者,指定の速度規制なし等,指定の速度規制なし等,小破,小破,その他,その他,34.2272131,135.3426844
2019,和歌山,岩出市,103,0165,負傷,0,1,2019/09/10 13:27,2019,9,10,13,27,火,その他,昼－昼,晴,非市街地,舗装－乾燥,単路－その他,施設なし,単路－5.5m以上,直線－平坦,単路（交差点付近を含む）,規制なし,中央線－ペイント,区分あり－路側帯,車両相互,乗用車－軽自動車,貨物車－軽自動車,自家用,自家用,乗用車,貨物車,35～44歳,45～54歳,損傷なし,負傷,対象外当事者,対象外当事者,40㎞／ｈ以下,40㎞／ｈ以下,小破,小破,その他,その他,34.2435053,135.3228083
2019,和歌山,紀の川市,103,0166,負傷,0,1,2019/09/17 16:55,2019,9,17,16,55,火,その他,昼－昼,晴,非市街地,舗装－乾燥,単路－その他,施設なし,単路－5.5m以上,直線－平坦,単路（交差点付近を含む）,規制なし,中央線－ペイント,区分あり－縁石・ブロック等,車両相互,乗用車－軽自動車,二輪車－自動二輪－小型二輪－401～750ｃｃ,自家用,自家用,乗用車,対象外当事者,65～74歳,25～34歳,損傷なし,負傷,対象外当事者,対象外当事者,指定の速度規制なし等,40㎞／ｈ以下,小破,小破,その他,対象外当事者,34.2214164,135.3171244
2019,和歌山,紀の川市,103,0167,負傷,0,1,2019/09/19 05:15,2019,9,19,5,15,木,その他,夜－明,晴,非市街地,舗装－乾燥,交差点付近－その他,施設なし,単路－5.5m以上,直線－平坦,単路（交差点付近を含む）,規制なし,中央線－ペイント,区分なし,人対車両,乗用車－軽自動車,歩行者,自家用,対象外当事者,乗用車,対象外当事者,35～44歳,55～64歳,損傷なし,負傷,対象外当事者,対象外当事者,50㎞／ｈ以下,対象外当事者,小破,対象外当事者,その他,対象外当事者,34.2703992,135.4217856
2019,和歌山,岩出市,103,0168,負傷,0,1,2019/09/06 18:50,2019,9,6,18,50,金,その他,夜－暮,晴,市街地－その他,舗装－乾燥,交差点－その他,点灯－３灯式,交差点－中（5.5m以上）－中,直線－平坦,交差点内,規制なし,中央分離なし,区分あり－縁石・ブロック等,車両相互,乗用車－軽自動車,二輪車－一般原付自転車,自家用,自家用,乗用車,対象外当事者,65～74歳,25～34歳,損傷なし,負傷,規制なし,規制なし,指定の速度規制なし等,指定の速度規制なし等,小破,小破,その他,対象外当事者,34.2697361,135.3101872
2019,和歌山,岩出市,103,0169,負傷,0,1,2019/09/24 19:10,2019,9,24,19,10,火,その他,夜－夜,晴,市街地－その他,舗装－乾燥,交差点－その他,施設なし,交差点－中（5.5m以上）－小,直線－平坦,交差点内,規制なし,中央線－ペイント,区分なし,車両相互,乗用車－普通車,二輪車－一般原付自転車,自家用,自家用,乗用車,対象外当事者,45～54歳,25～34歳,損傷なし,負傷,規制なし,規制なし,指定の速度規制なし等,指定の速度規制なし等,小破,小破,その他,対象外当事者,34.2674022,135.3271222
2019,和歌山,和歌山市,104,0276,負傷,0,2,2019/08/07 21:38,2019,8,7,21,38,水,その他,夜－夜,晴,市街地－その他,舗装－乾燥,交差点－その他,点灯－３灯式,交差点－大（13.0ｍ以上）－中,直線－平坦,交差点内,規制なし,中央分離帯,区分あり－縁石・ブロック等,車両相互,貨物車－軽自動車,二輪車－一般原付自転車,事業用,自家用,貨物車,対象外当事者,25～34歳,45～54歳,負傷,負傷,規制なし,規制なし,指定の速度規制なし等,指定の速度規制なし等,小破,小破,その他,対象外当事者,34.2563819,135.2253417
2019,和歌山,和歌山市,104,0277,負傷,0,1,2019/08/22 09:10,2019,8,22,9,10,木,その他,昼－昼,晴,市街地－人口集中,舗装－乾燥,交差点－その他,点灯－３灯式,交差点－大（13.0ｍ以上）－小,直線－平坦,交差点内,規制なし,中央分離帯,区分あり－縁石・ブロック等,車両相互,乗用車－軽自動車,二輪車－一般原付自転車,自家用,自家用,乗用車,対象外当事者,65～74歳,45～54歳,損傷なし,負傷,規制なし,規制なし,50㎞／ｈ以下,指定の速度規制なし等,小破,小破,その他,対象外当事者,34.2365644,135.1957619
2019,和歌山,和歌山市,104,0278,負傷,0,1,2019/09/05 12:55,2019,9,5,12,55,木,その他,昼－昼,晴,市街地－その他,舗装－乾燥,交差点付近－その他,施設なし,単路－3.5m未満,直線－平坦,単路（交差点付近を含む）,規制なし,中央分離なし,区分なし,車両相互,乗用車－普通車,乗用車－普通車,自家用,自家用,乗用車,乗用車,55～64歳,25～34歳,損傷なし,負傷,対象外当事者,対象外当事者,指定の速度規制なし等,指定の速度規制なし等,小破,小破,その他,その他,34.2636733,135.2267561
2019,和歌山,和歌山市,104,0279,負傷,0,1,2019/08/07 08:30,2019,8,7,8,30,水,その他,昼－昼,晴,市街地－人口集中,舗装－乾燥,交差点－その他,施設なし,交差点－中（5.5m以上）－中,直線－平坦,交差点内,規制なし,中央分離なし,区分あり－縁石・ブロック等,車両相互,乗用車－軽自動車,二輪車－一般原付自転車,自家用,自家用,乗用車,対象外当事者,0～24歳,55～64歳,損傷なし,負傷,規制なし,規制なし,指定の速度規制なし等,指定の速度規制なし等,小破,小破,その他,対象外当事者,34.2422811,135.1843453
2019,和歌山,和歌山市,104,0280,負傷,0,1,2019/07/15 14:25,2019,7,15,14,25,月,当日,昼－昼,曇,非市街地,舗装－乾燥,単路－カーブ・屈折,施設なし,単路－5.5m以上,カーブ・屈折－右－平坦,単路（交差点付近を含む）,規制なし,中央線－ペイント,区分なし,車両相互,乗用車－普通車,乗用車－普通車,自家用,自家用,乗用車,乗用車,25～34歳,55～64歳,損傷なし,負傷,対象外当事者,対象外当事者,50㎞／ｈ以下,50㎞／ｈ以下,中破,中破,装備あり 作動,装備あり 作動,34.2520158,135.2328417
2019,和歌山,和歌山市,104,0281,負傷,0,1,2019/09/03 05:56,2019,9,3,5,56,火,その他,昼－明,晴,市街地－人口集中,舗装－乾燥,交差点付近－その他,施設なし,単路－5.5m以上,直線－平坦,単路（交差点付近を含む）,規制なし,中央分離なし,区分あり－路側帯,車両相互,乗用車－普通車,乗用車－軽自動車,自家用,自家用,乗用車,乗用車,0～24歳,55～64歳,損傷なし,負傷,対象外当事者,対象外当事者,指定の速度規制なし等,指定の速度規制なし等,小破,小破,その他,その他,34.2325353,135.1838989
2019,和歌山,和歌山市,104,0282,負傷,0,1,2019/09/07 14:20,2019,9,7,14,20,土,その他,昼－昼,晴,市街地－人口集中,舗装－乾燥,交差点付近－その他,施設なし,単路－9.0m以上,直線－平坦,単路（交差点付近を含む）,規制なし,中央分離帯,区分あり－縁石・ブロック等,車両相互,乗用車－普通車,乗用車－軽自動車,自家用,自家用,乗用車,乗用車,0～24歳,55～64歳,損傷なし,負傷,対象外当事者,対象外当事者,50㎞／ｈ以下,50㎞／ｈ以下,小破,小破,その他,その他,34.2298972,135.2081425
2019,和歌山,和歌山市,104,0283,負傷,0,2,2019/08/31 12:15,2019,8,31,12,15,土,その他,昼－昼,曇,市街地－人口集中,舗装－乾燥,単路－その他,施設なし,単路－5.5m以上,直線－平坦,単路（交差点付近を含む）,規制なし,中央線－ペイント,区分あり－縁石・ブロック等,車両相互,乗用車－普通車,乗用車－軽自動車,自家用,自家用,乗用車,乗用車,55～64歳,45～54歳,負傷,損傷なし,対象外当事者,対象外当事者,40㎞／ｈ以下,40㎞／ｈ以下,小破,小破,その他,その他,34.2350561,135.1810528
2019,和歌山,和歌山市,104,0284,負傷,0,1,2019/09/01 19:40,2019,9,1,19,40,日,その他,夜－夜,晴,市街地－人口集中,舗装－乾燥,単路－その他,点灯－３灯式,単路－5.5m以上,直線－平坦,単路（交差点付近を含む）,規制なし,中央線－ペイント,区分あり－路側帯,車両相互,乗用車－軽自動車,対象外当事者,自家用,対象外当事者,乗用車,対象外当事者,55～64歳,不明,負傷,対象外当事者,対象外当事者,対象外当事者,指定の速度規制なし等,対象外当事者,小破,対象外当事者,その他,対象外当事者,34.2381089,135.2118881
2019,和歌山,和歌山市,104,0285,負傷,0,1,2019/09/09 10:10,2019,9,9,10,10,月,その他,昼－昼,晴,市街地－その他,舗装－乾燥,交差点付近－その他,点灯－３灯式,単路－5.5m以上,直線－平坦,単路（交差点付近を含む）,規制なし,中央線－高輝度標示,区分あり－防護柵等,車両相互,貨物車－準中型車,貨物車－軽自動車,自家用,自家用,貨物車,貨物車,25～34歳,75歳以上,負傷,損傷なし,対象外当事者,対象外当事者,40㎞／ｈ以下,40㎞／ｈ以下,小破,小破,その他,その他,34.2652858,135.2269436
2019,和歌山,和歌山市,104,0286,負傷,0,1,2019/09/02 10:05,2019,9,2,10,5,月,その他,昼－昼,晴,市街地－人口集中,舗装－乾燥,交差点付近－その他,点灯－３灯式,単路－9.0m以上,直線－平坦,単路（交差点付近を含む）,規制なし,中央分離帯,区分あり－縁石・ブロック等,車両相互,乗用車－普通車,貨物車－普通車,自家用,自家用,乗用車,貨物車,25～34歳,55～64歳,損傷なし,負傷,対象外当事者,対象外当事者,指定の速度規制なし等,指定の速度規制なし等,小破,小破,その他,その他,34.2163439,135.2074728
2019,和歌山,和歌山市,104,0287,負傷,0,1,2019/06/22 14:00,2019,6,22,14,0,土,その他,昼－昼,晴,市街地－人口集中,舗装－乾燥,交差点－その他,施設なし,交差点－小（5.5m未満）－小,直線－平坦,交差点内,規制なし,中央分離なし,区分なし,車両相互,乗用車－普通車,二輪車－一般原付自転車,自家用,自家用,乗用車,対象外当事者,35～44歳,0～24歳,損傷なし,負傷,規制なし,規制なし,指定の速度規制なし等,指定の速度規制なし等,小破,中破,その他,対象外当事者,34.2059364,135.1829283
2019,和歌山,和歌山市,104,0288,負傷,0,1,2019/09/06 08:15,2019,9,6,8,15,金,その他,昼－昼,晴,市街地－人口集中,舗装－乾燥,単路－その他,施設なし,単路－9.0m以上,直線－上り,単路（交差点付近を含む）,規制なし,中央分離帯,区分なし,車両相互,乗用車－普通車,乗用車－軽自動車,自家用,自家用,乗用車,乗用車,45～54歳,35～44歳,負傷,損傷なし,対象外当事者,対象外当事者,50㎞／ｈ以下,50㎞／ｈ以下,小破,小破,その他,その他,34.2285094,135.1913244