対象年,都道府県,市区町村,警察署等コード,本票番号,事故内容,死者数,負傷者数,発生日時,発生年,発生月,発生日,発生時,発生分,曜日,祝日,昼夜,天候,地形,路面状態,道路形状,信号機,車道幅員,道路線形,衝突地点,ゾーン規制,中央分離帯施設等,歩車道区分,事故類型,当事者A 種別,当事者B 種別,当事者A 用途,当事者B 用途,当事者A 車両形状,当事者B 車両形状,当事者A 年齢,当事者B 年齢,当事者A 人身損傷程度,当事者B 人身損傷程度,当事者A 一時停止規制標識,当事者B 一時停止規制標識,当事者A 速度規制,当事者B 速度規制,当事者A 車両損壊程度,当事者B 車両損壊程度,当事者A エアバッグ,当事者B エアバッグ,緯度,経度
2019,和歌山,和歌山市,105,0188,負傷,0,1,2019/09/11 15:45,2019,9,11,15,45,水,その他,昼－昼,晴,市街地－人口集中,舗装－乾燥,交差点－その他,施設なし,交差点－小（5.5m未満）－小,直線－平坦,交差点内,規制なし,中央分離なし,区分なし,車両相互,乗用車－軽自動車,乗用車－軽自動車,自家用,自家用,乗用車,乗用車,25～34歳,55～64歳,損傷なし,負傷,規制なし,規制なし,指定の速度規制なし等,指定の速度規制なし等,小破,小破,その他,その他,34.1950283,135.1645147
2019,和歌山,和歌山市,105,0189,負傷,0,1,2019/08/21 09:15,2019,8,21,9,15,水,その他,昼－昼,晴,市街地－人口集中,舗装－乾燥,交差点－その他,点灯－３灯式,交差点－大（13.0ｍ以上）－中,直線－平坦,交差点内,規制なし,中央分離帯,区分あり－縁石・ブロック等,車両相互,貨物車－準中型車,二輪車－一般原付自転車,自家用,自家用,貨物車,対象外当事者,65～74歳,25～34歳,損傷なし,負傷,規制なし,規制なし,40㎞／ｈ以下,指定の速度規制なし等,小破,小破,その他,対象外当事者,34.2297747,135.16463
2019,和歌山,和歌山市,105,0190,負傷,0,1,2019/09/01 15:44,2019,9,1,15,44,日,その他,昼－昼,晴,市街地－人口集中,舗装－乾燥,交差点－その他,点灯－３灯式,交差点－中（5.5m以上）－中,直線－平坦,交差点内,規制なし,中央分離なし,区分あり－縁石・ブロック等,車両相互,乗用車－普通車,乗用車－普通車,事業用,自家用,乗用車,乗用車,75歳以上,45～54歳,損傷なし,負傷,規制なし,規制なし,50㎞／ｈ以下,50㎞／ｈ以下,小破,小破,その他,その他,34.1960592,135.1587633
2019,和歌山,海南市,106,0048,負傷,0,1,2019/09/20 07:45,2019,9,20,7,45,金,その他,昼－昼,晴,市街地－その他,舗装－乾燥,単路－その他,施設なし,単路－5.5m以上,直線－平坦,単路（交差点付近を含む）,規制なし,中央線－ペイント,区分あり－縁石・ブロック等,車両相互,乗用車－普通車,乗用車－軽自動車,自家用,自家用,乗用車,乗用車,45～54歳,45～54歳,負傷,損傷なし,対象外当事者,対象外当事者,50㎞／ｈ以下,50㎞／ｈ以下,中破,中破,その他,装備あり 作動,34.1094083,135.1492142
2019,和歌山,海南市,106,0049,負傷,0,1,2019/09/19 17:35,2019,9,19,17,35,木,その他,昼－暮,晴,市街地－人口集中,舗装－乾燥,交差点－その他,施設なし,交差点－小（5.5m未満）－小,直線－平坦,交差点内,ゾーン30,中央分離なし,区分なし,車両相互,乗用車－普通車,乗用車－軽自動車,自家用,自家用,乗用車,乗用車,45～54歳,45～54歳,損傷なし,負傷,標準－反射式,規制なし,30㎞／ｈ以下,30㎞／ｈ以下,中破,中破,装備あり 作動,装備あり 作動,34.1579831,135.2022483
2019,和歌山,有田市,107,0019,負傷,0,1,2019/07/31 19:55,2019,7,31,19,55,水,その他,夜－暮,晴,市街地－その他,舗装－乾燥,交差点付近－その他,施設なし,単路－5.5m以上,直線－平坦,単路（交差点付近を含む）,規制なし,中央線－ペイント,区分あり－縁石・ブロック等,車両相互,貨物車－軽自動車,二輪車－一般原付自転車,自家用,自家用,貨物車,対象外当事者,65～74歳,65～74歳,損傷なし,負傷,対象外当事者,対象外当事者,50㎞／ｈ以下,指定の速度規制なし等,小破,小破,その他,対象外当事者,34.0738775,135.1694297
2019,和歌山,有田市,107,0020,負傷,0,1,2019/09/13 12:20,2019,9,13,12,20,金,その他,昼－昼,雨,市街地－その他,舗装－湿潤,交差点－その他,施設なし,交差点－中（5.5m以上）－小,直線－平坦,交差点内,規制なし,中央分離なし,区分あり－路側帯,車両相互,乗用車－軽自動車,二輪車－自動二輪－原付二種－51～125cc,自家用,自家用,乗用車,対象外当事者,45～54歳,65～74歳,損傷なし,負傷,規制なし,規制なし,30㎞／ｈ以下,30㎞／ｈ以下,小破,小破,その他,対象外当事者,34.0759578,135.1550439
2019,和歌山,有田市,107,0021,負傷,0,2,2019/09/15 13:40,2019,9,15,13,40,日,前日,昼－昼,晴,市街地－その他,舗装－乾燥,交差点－その他,点灯－３灯式,交差点－中（5.5m以上）－中,直線－平坦,交差点内,規制なし,中央分離なし,区分あり－路側帯,車両相互,乗用車－普通車,乗用車－普通車,自家用,自家用,乗用車,乗用車,55～64歳,55～64歳,損傷なし,負傷,規制なし,規制なし,40㎞／ｈ以下,30㎞／ｈ以下,小破,小破,その他,その他,34.0757578,135.1423675
2019,和歌山,有田市,107,0022,負傷,0,1,2019/09/02 10:20,2019,9,2,10,20,月,その他,昼－昼,晴,市街地－その他,舗装－乾燥,交差点－その他,点灯－３灯式,交差点－中（5.5m以上）－小,直線－平坦,交差点内,規制なし,中央線－ペイント,区分あり－縁石・ブロック等,人対車両,乗用車－普通車,歩行者,事業用,対象外当事者,乗用車,対象外当事者,65～74歳,75歳以上,損傷なし,負傷,規制なし,対象外当事者,50㎞／ｈ以下,対象外当事者,小破,対象外当事者,その他,対象外当事者,34.0797061,135.1246542
2019,和歌山,有田市,107,0023,負傷,0,1,2019/09/26 22:02,2019,9,26,22,2,木,その他,夜－夜,晴,市街地－人口集中,舗装－乾燥,交差点－その他,点滅－３灯式,交差点－中（5.5m以上）－中,直線－平坦,交差点内,規制なし,中央分離なし,区分あり－縁石・ブロック等,車両相互,乗用車－軽自動車,貨物車－軽自動車,自家用,自家用,乗用車,貨物車,25～34歳,0～24歳,損傷なし,負傷,規制なし,規制なし,30㎞／ｈ以下,30㎞／ｈ以下,中破,中破,その他,その他,34.0753206,135.1461372
2019,和歌山,有田川町,108,0039,負傷,0,1,2019/08/02 16:28,2019,8,2,16,28,金,その他,昼－昼,晴,市街地－その他,舗装－乾燥,交差点－その他,施設なし,交差点－小（5.5m未満）－小,直線－平坦,交差点内,規制なし,中央分離なし,区分なし,人対車両,乗用車－普通車,歩行者,自家用,対象外当事者,乗用車,対象外当事者,25～34歳,0～24歳,損傷なし,負傷,規制なし,対象外当事者,指定の速度規制なし等,対象外当事者,小破,対象外当事者,その他,対象外当事者,34.0574475,135.2422064
2019,和歌山,湯浅町,108,0040,負傷,0,1,2019/07/14 16:15,2019,7,14,16,15,日,前日,昼－昼,雨,市街地－人口集中,舗装－湿潤,交差点－その他,施設なし,交差点－中（5.5m以上）－小,直線－平坦,交差点内,規制なし,中央分離なし,区分あり－路側帯,車両相互,乗用車－普通車,二輪車－一般原付自転車,自家用,自家用,乗用車,対象外当事者,35～44歳,65～74歳,損傷なし,負傷,規制なし,標準－反射式,指定の速度規制なし等,指定の速度規制なし等,小破,小破,その他,対象外当事者,34.0333522,135.1795311
2019,和歌山,湯浅町,108,0041,負傷,0,1,2019/08/24 16:10,2019,8,24,16,10,土,その他,昼－昼,曇,市街地－その他,舗装－湿潤,単路－その他,施設なし,単路－3.5m以上,直線－平坦,単路（交差点付近を含む）,規制なし,中央分離なし,区分なし,車両相互,二輪車－一般原付自転車,軽車両－自転車,自家用,対象外当事者,対象外当事者,対象外当事者,0～24歳,0～24歳,損傷なし,負傷,対象外当事者,対象外当事者,指定の速度規制なし等,対象外当事者,小破,小破,対象外当事者,対象外当事者,34.0405756,135.1896694
2019,和歌山,広川町,108,0042,負傷,0,1,2019/09/14 18:50,2019,9,14,18,50,土,その他,夜－暮,晴,非市街地,舗装－乾燥,一般交通の場所,施設なし,一般交通の場所,一般交通の場所,その他,規制なし,一般交通の場所,区分なし,車両単独,乗用車－普通車,物件等,自家用,対象外当事者,乗用車,対象外当事者,0～24歳,不明,損傷なし,対象外当事者,対象外当事者,対象外当事者,指定の速度規制なし等,対象外当事者,小破,対象外当事者,その他,対象外当事者,34.0311639,135.1724142
2019,和歌山,御坊市,109,0046,負傷,0,1,2019/08/10 15:40,2019,8,10,15,40,土,前日,昼－昼,晴,市街地－人口集中,舗装－乾燥,交差点－その他,施設なし,交差点－小（5.5m未満）－小,直線－平坦,交差点内,規制なし,中央分離なし,区分あり－路側帯,車両相互,軽車両－駆動補助機付自転車,軽車両－駆動補助機付自転車,対象外当事者,対象外当事者,対象外当事者,対象外当事者,75歳以上,65～74歳,損傷なし,負傷,規制なし,規制なし,対象外当事者,対象外当事者,小破,小破,対象外当事者,対象外当事者,33.8911664,135.1566136
2019,和歌山,御坊市,109,0047,負傷,0,1,2019/09/14 14:50,2019,9,14,14,50,土,その他,昼－昼,晴,市街地－人口集中,舗装－乾燥,一般交通の場所,施設なし,一般交通の場所,一般交通の場所,その他,規制なし,一般交通の場所,区分なし,車両相互,乗用車－普通車,乗用車－軽自動車,自家用,自家用,乗用車,乗用車,0～24歳,25～34歳,損傷なし,負傷,対象外当事者,対象外当事者,指定の速度規制なし等,指定の速度規制なし等,小破,小破,その他,その他,33.8985217,135.1494978
2019,和歌山,御坊市,109,0048,負傷,0,1,2019/08/29 10:10,2019,8,29,10,10,木,その他,昼－昼,晴,市街地－人口集中,舗装－乾燥,一般交通の場所,施設なし,一般交通の場所,一般交通の場所,その他,規制なし,一般交通の場所,区分なし,人対車両,乗用車－軽自動車,歩行者,自家用,対象外当事者,乗用車,対象外当事者,45～54歳,75歳以上,損傷なし,負傷,対象外当事者,対象外当事者,指定の速度規制なし等,対象外当事者,小破,対象外当事者,その他,対象外当事者,33.8935547,135.1509239
2019,和歌山,日高川町,109,0049,負傷,0,1,2019/07/22 13:08,2019,7,22,13,8,月,その他,昼－昼,曇,非市街地,舗装－乾燥,交差点－その他,施設なし,交差点－中（5.5m以上）－小,直線－平坦,交差点内,規制なし,中央分離なし,区分あり－路側帯,車両相互,乗用車－軽自動車,二輪車－一般原付自転車,自家用,自家用,乗用車,対象外当事者,65～74歳,75歳以上,損傷なし,負傷,規制なし,標準－反射式,指定の速度規制なし等,指定の速度規制なし等,中破,中破,その他,対象外当事者,33.9092194,135.1850881
2019,和歌山,御坊市,109,0050,負傷,0,1,2019/09/28 21:12,2019,9,28,21,12,土,その他,夜－夜,晴,市街地－人口集中,舗装－乾燥,単路－その他,施設なし,単路－5.5m以上,直線－平坦,単路（交差点付近を含む）,規制なし,中央分離なし,区分あり－路側帯,人対車両,乗用車－軽自動車,歩行者,自家用,対象外当事者,乗用車,対象外当事者,55～64歳,0～24歳,損傷なし,負傷,対象外当事者,対象外当事者,指定の速度規制なし等,対象外当事者,損壊なし,対象外当事者,その他,対象外当事者,33.8944611,135.1628319
2019,和歌山,田辺市,110,0126,負傷,0,1,2019/08/29 11:30,2019,8,29,11,30,木,その他,昼－昼,晴,市街地－その他,舗装－乾燥,交差点－その他,点灯－３灯式,交差点－大（13.0ｍ以上）－中,直線－平坦,交差点内,規制なし,中央分離なし,区分あり－縁石・ブロック等,車両相互,乗用車－軽自動車,乗用車－軽自動車,自家用,自家用,乗用車,乗用車,65～74歳,45～54歳,損傷なし,負傷,規制なし,規制なし,指定の速度規制なし等,指定の速度規制なし等,中破,小破,装備あり 作動,装備あり 作動,33.7093408,135.4075878
2019,和歌山,田辺市,110,0127,負傷,0,1,2019/08/30 11:00,2019,8,30,11,0,金,その他,昼－昼,曇,市街地－人口集中,舗装－湿潤,交差点付近－その他,施設なし,単路－3.5m以上,直線－平坦,単路（交差点付近を含む）,規制なし,中央分離なし,区分なし,車両相互,貨物車－軽自動車,貨物車－軽自動車,自家用,自家用,貨物車,貨物車,35～44歳,55～64歳,損傷なし,負傷,対象外当事者,対象外当事者,30㎞／ｈ以下,30㎞／ｈ以下,小破,小破,その他,その他,33.7326075,135.3753114
2019,和歌山,田辺市,110,0128,負傷,0,1,2019/08/09 15:15,2019,8,9,15,15,金,その他,昼－昼,晴,市街地－人口集中,舗装－乾燥,交差点－その他,施設なし,交差点－中（5.5m以上）－中,直線－平坦,交差点内,規制なし,中央分離なし,区分あり－縁石・ブロック等,車両相互,乗用車－普通車,乗用車－普通車,自家用,事業用,乗用車,乗用車,65～74歳,55～64歳,損傷なし,負傷,規制なし,規制なし,指定の速度規制なし等,指定の速度規制なし等,小破,小破,その他,その他,33.7288194,135.3898225
2019,和歌山,田辺市,110,0129,負傷,0,1,2019/08/19 11:10,2019,8,19,11,10,月,その他,昼－昼,曇,市街地－人口集中,舗装－乾燥,交差点－その他,施設なし,交差点－中（5.5m以上）－小,直線－平坦,交差点内,規制なし,中央分離なし,区分あり－縁石・ブロック等,車両相互,乗用車－普通車,乗用車－普通車,自家用,自家用,乗用車,乗用車,75歳以上,55～64歳,損傷なし,負傷,標準－反射式,規制なし,指定の速度規制なし等,30㎞／ｈ以下,小破,小破,その他,その他,33.7336758,135.3927367
2019,和歌山,田辺市,110,0130,負傷,0,1,2019/08/16 10:18,2019,8,16,10,18,金,その他,昼－昼,曇,市街地－その他,舗装－湿潤,単路－その他,施設なし,単路－5.5m以上,直線－上り,単路（交差点付近を含む）,規制なし,中央線－ペイント,区分あり－縁石・ブロック等,車両相互,乗用車－普通車,乗用車－軽自動車,自家用,自家用,乗用車,乗用車,0～24歳,45～54歳,負傷,損傷なし,対象外当事者,対象外当事者,40㎞／ｈ以下,40㎞／ｈ以下,小破,小破,その他,その他,33.7366964,135.3661239
2019,和歌山,上富田町,110,0131,負傷,0,1,2019/09/01 15:30,2019,9,1,15,30,日,その他,昼－昼,晴,非市街地,舗装－乾燥,交差点付近－その他,施設なし,単路－3.5m以上,直線－平坦,単路（交差点付近を含む）,規制なし,中央分離なし,区分なし,車両相互,二輪車－自動二輪－原付二種－51～125cc,軽車両－自転車,自家用,対象外当事者,対象外当事者,対象外当事者,25～34歳,45～54歳,損傷なし,負傷,対象外当事者,対象外当事者,指定の速度規制なし等,対象外当事者,小破,中破,対象外当事者,対象外当事者,33.6863325,135.4139
2019,和歌山,田辺市,110,0132,負傷,0,1,2019/08/28 13:35,2019,8,28,13,35,水,その他,昼－昼,曇,非市街地,舗装－湿潤,交差点－その他,施設なし,交差点－中（5.5m以上）－小,直線－平坦,交差点内,規制なし,中央線－ペイント,区分あり－防護柵等,車両相互,乗用車－軽自動車,二輪車－一般原付自転車,自家用,自家用,乗用車,対象外当事者,35～44歳,75歳以上,損傷なし,負傷,規制なし,規制なし,40㎞／ｈ以下,指定の速度規制なし等,小破,小破,その他,対象外当事者,33.7432231,135.3952908
2019,和歌山,田辺市,110,0133,負傷,0,1,2019/07/12 18:05,2019,7,12,18,5,金,その他,昼－昼,晴,市街地－人口集中,舗装－乾燥,単路－カーブ・屈折,施設なし,単路－5.5m以上,カーブ・屈折－右－下り,単路（交差点付近を含む）,規制なし,中央線－ペイント,区分あり－縁石・ブロック等,車両相互,乗用車－軽自動車,乗用車－軽自動車,自家用,自家用,乗用車,乗用車,0～24歳,0～24歳,損傷なし,負傷,対象外当事者,対象外当事者,30㎞／ｈ以下,30㎞／ｈ以下,小破,小破,その他,その他,33.7352344,135.3996397
2019,和歌山,田辺市,110,0134,負傷,0,1,2019/08/26 08:30,2019,8,26,8,30,月,その他,昼－昼,晴,市街地－人口集中,舗装－乾燥,交差点－その他,施設なし,交差点－中（5.5m以上）－小,直線－平坦,交差点内,規制なし,中央分離なし,区分あり－縁石・ブロック等,人対車両,乗用車－普通車,歩行者,自家用,対象外当事者,乗用車,対象外当事者,75歳以上,75歳以上,損傷なし,負傷,標準－反射式,対象外当事者,30㎞／ｈ以下,対象外当事者,小破,対象外当事者,その他,対象外当事者,33.7399658,135.3893958
2019,和歌山,上富田町,110,0135,負傷,0,1,2019/06/30 17:55,2019,6,30,17,55,日,その他,昼－昼,雨,非市街地,舗装－湿潤,交差点－その他,施設なし,交差点－中（5.5m以上）－小,直線－下り,交差点内,規制なし,中央線－ペイント,区分あり－防護柵等,車両相互,乗用車－軽自動車,二輪車－一般原付自転車,自家用,自家用,乗用車,対象外当事者,25～34歳,75歳以上,損傷なし,負傷,規制なし,規制なし,指定の速度規制なし等,指定の速度規制なし等,小破,小破,その他,対象外当事者,33.6987278,135.4282342
2019,和歌山,田辺市,110,0136,負傷,0,2,2019/09/07 08:30,2019,9,7,8,30,土,その他,昼－昼,晴,市街地－人口集中,舗装－乾燥,単路－その他,施設なし,単路－5.5m以上,直線－平坦,単路（交差点付近を含む）,規制なし,中央線－ペイント,区分あり－路側帯,車両相互,貨物車－軽自動車,二輪車－一般原付自転車,自家用,自家用,貨物車,対象外当事者,35～44歳,0～24歳,負傷,負傷,対象外当事者,対象外当事者,40㎞／ｈ以下,指定の速度規制なし等,小破,小破,その他,対象外当事者,33.7240306,135.3973028
2019,和歌山,田辺市,110,0137,負傷,0,1,2019/08/09 13:35,2019,8,9,13,35,金,その他,昼－昼,晴,市街地－人口集中,舗装－乾燥,交差点付近－その他,施設なし,単路－5.5m以上,直線－平坦,単路（交差点付近を含む）,規制なし,中央線－ペイント,区分あり－縁石・ブロック等,車両相互,乗用車－軽自動車,二輪車－一般原付自転車,自家用,自家用,乗用車,対象外当事者,45～54歳,45～54歳,損傷なし,負傷,対象外当事者,対象外当事者,50㎞／ｈ以下,指定の速度規制なし等,小破,小破,その他,対象外当事者,33.7233397,135.3982739
2019,和歌山,田辺市,110,0138,負傷,0,2,2019/08/26 18:59,2019,8,26,18,59,月,その他,夜－暮,晴,市街地－人口集中,舗装－乾燥,一般交通の場所,施設なし,一般交通の場所,一般交通の場所,その他,規制なし,一般交通の場所,区分なし,車両相互,乗用車－軽自動車,乗用車－軽自動車,自家用,自家用,乗用車,乗用車,65～74歳,25～34歳,損傷なし,負傷,対象外当事者,対象外当事者,指定の速度規制なし等,指定の速度規制なし等,小破,中破,その他,その他,33.7347956,135.3881939
2019,和歌山,みなべ町,110,0139,死亡,1,0,2019/09/21 12:58,2019,9,21,12,58,土,その他,昼－昼,曇,非市街地,舗装－乾燥,単路－カーブ・屈折,施設なし,単路－5.5m以上,カーブ・屈折－右－上り,単路（交差点付近を含む）,規制なし,中央線－ペイント,区分あり－防護柵等,車両単独,二輪車－自動二輪－小型二輪－251～400cc,相手なし,自家用,対象外当事者,対象外当事者,対象外当事者,25～34歳,不明,死亡,対象外当事者,対象外当事者,対象外当事者,50㎞／ｈ以下,対象外当事者,小破,対象外当事者,対象外当事者,対象外当事者,33.8113897,135.3276986
2019,和歌山,田辺市,110,0140,負傷,0,1,2019/09/07 15:50,2019,9,7,15,50,土,その他,昼－昼,晴,市街地－人口集中,舗装－乾燥,交差点－その他,施設なし,交差点－小（5.5m未満）－小,直線－平坦,交差点内,規制なし,中央分離なし,区分あり－路側帯,車両相互,貨物車－準中型車,軽車両－自転車,自家用,対象外当事者,貨物車,対象外当事者,45～54歳,0～24歳,損傷なし,負傷,規制なし,規制なし,指定の速度規制なし等,対象外当事者,小破,小破,その他,対象外当事者,33.7354628,135.3812814
2019,和歌山,みなべ町,110,0141,負傷,0,1,2019/09/18 17:20,2019,9,18,17,20,水,その他,昼－暮,曇,市街地－その他,舗装－乾燥,単路－その他,点灯－３灯式,単路－5.5m以上,直線－平坦,単路（交差点付近を含む）,規制なし,中央線－ペイント,区分あり－縁石・ブロック等,車両相互,乗用車－普通車,乗用車－軽自動車,自家用,自家用,乗用車,乗用車,35～44歳,55～64歳,損傷なし,負傷,対象外当事者,対象外当事者,50㎞／ｈ以下,50㎞／ｈ以下,小破,小破,その他,その他,33.764975,135.3213203
2019,和歌山,田辺市,110,0142,負傷,0,2,2019/09/17 12:30,2019,9,17,12,30,火,その他,昼－昼,曇,市街地－人口集中,舗装－乾燥,交差点－その他,施設なし,交差点－中（5.5m以上）－中,直線－平坦,交差点内,規制なし,中央分離なし,区分あり－路側帯,車両相互,乗用車－普通車,乗用車－軽自動車,事業用,自家用,乗用車,乗用車,65～74歳,35～44歳,負傷,負傷,規制なし,標準－反射式,30㎞／ｈ以下,30㎞／ｈ以下,小破,小破,その他,その他,33.7327428,135.3633433
2019,和歌山,みなべ町,110,0143,負傷,0,1,2019/09/07 06:25,2019,9,7,6,25,土,その他,昼－明,晴,非市街地,舗装－乾燥,交差点－その他,施設なし,交差点－中（5.5m以上）－中,直線－上り,交差点内,規制なし,中央分離なし,区分あり－路側帯,車両相互,乗用車－普通車,乗用車－軽自動車,自家用,自家用,乗用車,乗用車,0～24歳,0～24歳,損傷なし,負傷,規制なし,規制なし,50㎞／ｈ以下,50㎞／ｈ以下,小破,小破,装備あり 作動,その他,33.7807356,135.3017278
2019,和歌山,田辺市,110,0144,負傷,0,1,2019/08/01 19:24,2019,8,1,19,24,木,その他,夜－暮,晴,市街地－その他,舗装－乾燥,単路－その他,施設なし,単路－5.5m以上,直線－上り,単路（交差点付近を含む）,規制なし,中央線－ペイント,区分あり－縁石・ブロック等,人対車両,乗用車－軽自動車,歩行者,自家用,対象外当事者,乗用車,対象外当事者,65～74歳,75歳以上,損傷なし,負傷,対象外当事者,対象外当事者,40㎞／ｈ以下,対象外当事者,小破,対象外当事者,その他,対象外当事者,33.7021075,135.4015519
2019,和歌山,田辺市,110,0145,負傷,0,1,2019/08/01 18:37,2019,8,1,18,37,木,その他,昼－暮,曇,非市街地,舗装－湿潤,単路－トンネル,施設なし,単路－5.5m以上,直線－平坦,単路（交差点付近を含む）,規制なし,中央線－ペイント,区分あり－縁石・ブロック等,車両相互,乗用車－普通車,貨物車－軽自動車,自家用,自家用,乗用車,貨物車,25～34歳,75歳以上,負傷,損傷なし,対象外当事者,対象外当事者,指定の速度規制なし等,指定の速度規制なし等,小破,小破,その他,その他,33.8137119,135.5814117
2019,和歌山,上富田町,110,0146,負傷,0,1,2019/09/14 11:03,2019,9,14,11,3,土,その他,昼－昼,晴,市街地－その他,舗装－乾燥,一般交通の場所,施設なし,一般交通の場所,一般交通の場所,その他,規制なし,一般交通の場所,区分なし,車両相互,乗用車－普通車,乗用車－軽自動車,自家用,自家用,乗用車,乗用車,0～24歳,35～44歳,損傷なし,負傷,対象外当事者,対象外当事者,指定の速度規制なし等,指定の速度規制なし等,小破,小破,その他,その他,33.6982761,135.4188458
2019,和歌山,田辺市,110,0147,負傷,0,1,2019/07/31 14:40,2019,7,31,14,40,水,その他,昼－昼,晴,市街地－人口集中,舗装－乾燥,交差点－その他,施設なし,交差点－中（5.5m以上）－中,直線－平坦,交差点内,規制なし,中央分離なし,区分なし,車両相互,乗用車－軽自動車,貨物車－軽自動車,自家用,自家用,乗用車,貨物車,0～24歳,45～54歳,損傷なし,負傷,標準－反射式,規制なし,30㎞／ｈ以下,30㎞／ｈ以下,小破,小破,その他,その他,33.7322503,135.3696372
2019,和歌山,串本町,111,0016,負傷,0,2,2019/09/12 14:10,2019,9,12,14,10,木,その他,昼－昼,晴,市街地－その他,舗装－乾燥,交差点付近－その他,施設なし,単路－5.5m以上,直線－平坦,単路（交差点付近を含む）,規制なし,中央線－ペイント,区分あり－縁石・ブロック等,車両相互,乗用車－普通車,乗用車－普通車,自家用,自家用,乗用車,乗用車,25～34歳,25～34歳,損傷なし,負傷,対象外当事者,対象外当事者,50㎞／ｈ以下,50㎞／ｈ以下,小破,小破,その他,その他,33.4796586,135.7862686
2019,和歌山,串本町,111,0017,負傷,0,1,2019/09/14 14:40,2019,9,14,14,40,土,その他,昼－昼,曇,市街地－その他,舗装－乾燥,交差点－その他,施設なし,交差点－小（5.5m未満）－小,直線－平坦,交差点内,規制なし,中央分離なし,区分なし,車両相互,乗用車－軽自動車,乗用車－軽自動車,自家用,自家用,乗用車,乗用車,35～44歳,25～34歳,損傷なし,負傷,規制なし,規制なし,指定の速度規制なし等,指定の速度規制なし等,小破,小破,その他,その他,33.4697133,135.7790603
2019,和歌山,串本町,111,0018,負傷,0,1,2019/09/11 07:40,2019,9,11,7,40,水,その他,昼－昼,晴,市街地－その他,舗装－乾燥,交差点－その他,施設なし,交差点－中（5.5m以上）－小,直線－平坦,交差点内,規制なし,中央分離なし,区分なし,車両相互,乗用車－軽自動車,二輪車－一般原付自転車,自家用,自家用,乗用車,対象外当事者,35～44歳,65～74歳,損傷なし,負傷,標準－反射式,規制なし,指定の速度規制なし等,指定の速度規制なし等,中破,小破,その他,対象外当事者,33.4695322,135.7810517
2019,和歌山,新宮市,112,0029,負傷,0,1,2019/08/06 12:27,2019,8,6,12,27,火,その他,昼－昼,曇,市街地－人口集中,舗装－乾燥,一般交通の場所,施設なし,一般交通の場所,一般交通の場所,その他,規制なし,一般交通の場所,区分なし,人対車両,乗用車－軽自動車,歩行者,自家用,対象外当事者,乗用車,対象外当事者,45～54歳,75歳以上,損傷なし,負傷,対象外当事者,対象外当事者,指定の速度規制なし等,対象外当事者,小破,対象外当事者,その他,対象外当事者,33.7187364,135.9885669
2019,和歌山,新宮市,112,0030,負傷,0,1,2019/09/10 21:38,2019,9,10,21,38,火,その他,夜－夜,晴,市街地－その他,舗装－乾燥,単路－その他,施設なし,単路－5.5m以上,直線－下り,単路（交差点付近を含む）,規制なし,中央線－ポストコーン,区分なし,車両相互,乗用車－軽自動車,乗用車－軽自動車,自家用,自家用,乗用車,乗用車,75歳以上,45～54歳,損傷なし,負傷,対象外当事者,対象外当事者,70㎞／ｈ以下,70㎞／ｈ以下,中破,小破,その他,その他,33.6907306,135.9698083
2019,和歌山,新宮市,112,0031,負傷,0,1,2019/09/14 15:48,2019,9,14,15,48,土,その他,昼－昼,曇,非市街地,舗装－乾燥,単路－カーブ・屈折,施設なし,単路－5.5m以上,カーブ・屈折－右－平坦,単路（交差点付近を含む）,規制なし,中央線－ペイント,区分あり－路側帯,車両相互,乗用車－軽自動車,乗用車－軽自動車,自家用,自家用,乗用車,乗用車,75歳以上,25～34歳,損傷なし,損傷なし,対象外当事者,対象外当事者,指定の速度規制なし等,指定の速度規制なし等,大破,小破,装備あり 作動,その他,33.7535789,135.9267256
2019,和歌山,白浜町,113,0019,負傷,0,1,2019/08/25 19:05,2019,8,25,19,5,日,その他,夜－暮,晴,非市街地,舗装－乾燥,一般交通の場所,施設なし,一般交通の場所,一般交通の場所,その他,規制なし,一般交通の場所,区分なし,車両相互,乗用車－軽自動車,乗用車－軽自動車,自家用,自家用,乗用車,乗用車,35～44歳,25～34歳,損傷なし,負傷,対象外当事者,対象外当事者,指定の速度規制なし等,指定の速度規制なし等,小破,小破,その他,その他,33.6814006,135.3726681
2019,和歌山,白浜町,113,0020,死亡,1,0,2019/09/13 17:40,2019,9,13,17,40,金,その他,昼－暮,曇,非市街地,舗装－湿潤,単路－カーブ・屈折,施設なし,単路－5.5m以上,カーブ・屈折－右－平坦,単路（交差点付近を含む）,規制なし,中央線－ペイント,区分なし,車両単独,二輪車－一般原付自転車,相手なし,自家用,対象外当事者,対象外当事者,対象外当事者,0～24歳,不明,死亡,対象外当事者,対象外当事者,対象外当事者,30㎞／ｈ以下,対象外当事者,大破,対象外当事者,対象外当事者,対象外当事者,33.6304731,135.3990475