対象年,都道府県,市区町村,警察署等コード,本票番号,事故内容,死者数,負傷者数,発生日時,発生年,発生月,発生日,発生時,発生分,曜日,祝日,昼夜,天候,地形,路面状態,道路形状,信号機,車道幅員,道路線形,衝突地点,ゾーン規制,中央分離帯施設等,歩車道区分,事故類型,当事者A 種別,当事者B 種別,当事者A 用途,当事者B 用途,当事者A 車両形状,当事者B 車両形状,当事者A 年齢,当事者B 年齢,当事者A 人身損傷程度,当事者B 人身損傷程度,当事者A 一時停止規制標識,当事者B 一時停止規制標識,当事者A 速度規制,当事者B 速度規制,当事者A 車両損壊程度,当事者B 車両損壊程度,当事者A エアバッグ,当事者B エアバッグ,緯度,経度
2019,和歌山,岩出市,103,0224,負傷,0,1,2019/11/29 16:05,2019,11,29,16,5,金,その他,昼－暮,晴,市街地－その他,舗装－乾燥,交差点－その他,施設なし,交差点－中（5.5m以上）－小,直線－平坦,交差点内,規制なし,中央分離なし,区分あり－縁石・ブロック等,車両相互,乗用車－軽自動車,軽車両－自転車,事業用,対象外当事者,乗用車,対象外当事者,25～34歳,0～24歳,損傷なし,負傷,規制なし,規制なし,40㎞／ｈ以下,対象外当事者,小破,中破,その他,対象外当事者,34.2718217,135.2882117
2019,和歌山,岩出市,103,0225,負傷,0,1,2019/12/05 12:55,2019,12,5,12,55,木,その他,昼－昼,晴,市街地－その他,舗装－乾燥,交差点－その他,施設なし,交差点－中（5.5m以上）－中,直線－下り,交差点内,規制なし,中央分離なし,区分あり－縁石・ブロック等,車両相互,乗用車－軽自動車,二輪車－一般原付自転車,自家用,自家用,乗用車,対象外当事者,0～24歳,0～24歳,負傷,損傷なし,規制なし,規制なし,50㎞／ｈ以下,指定の速度規制なし等,小破,小破,その他,対象外当事者,34.2855272,135.3157608
2019,和歌山,紀の川市,103,0226,負傷,0,1,2019/11/18 19:40,2019,11,18,19,40,月,その他,夜－夜,晴,市街地－その他,舗装－乾燥,交差点－その他,施設なし,交差点－中（5.5m以上）－中,直線－平坦,交差点内,規制なし,中央分離なし,区分あり－縁石・ブロック等,車両相互,乗用車－普通車,二輪車－一般原付自転車,自家用,自家用,乗用車,対象外当事者,25～34歳,45～54歳,損傷なし,負傷,規制なし,規制なし,50㎞／ｈ以下,指定の速度規制なし等,小破,小破,その他,対象外当事者,34.2721319,135.433295
2019,和歌山,岩出市,103,0227,負傷,0,1,2019/12/19 16:00,2019,12,19,16,0,木,その他,昼－暮,曇,市街地－その他,舗装－乾燥,交差点－その他,施設なし,交差点－中（5.5m以上）－中,直線－平坦,交差点内,規制なし,中央分離なし,区分あり－縁石・ブロック等,車両相互,乗用車－普通車,二輪車－一般原付自転車,自家用,自家用,乗用車,対象外当事者,55～64歳,45～54歳,損傷なし,負傷,標準－反射式,規制なし,指定の速度規制なし等,指定の速度規制なし等,小破,小破,その他,対象外当事者,34.2670025,135.3104558
2019,和歌山,岩出市,103,0228,負傷,0,1,2019/12/14 17:08,2019,12,14,17,8,土,その他,夜－暮,雨,市街地－その他,舗装－湿潤,交差点－その他,施設なし,交差点－中（5.5m以上）－小,直線－平坦,交差点内,規制なし,中央分離なし,区分あり－縁石・ブロック等,人対車両,乗用車－普通車,歩行者,自家用,対象外当事者,乗用車,対象外当事者,35～44歳,35～44歳,損傷なし,負傷,規制なし,対象外当事者,50㎞／ｈ以下,対象外当事者,小破,対象外当事者,その他,対象外当事者,34.2735281,135.2870978
2019,和歌山,岩出市,103,0229,負傷,0,2,2019/12/15 22:30,2019,12,15,22,30,日,その他,夜－夜,晴,市街地－その他,舗装－乾燥,単路－その他,施設なし,単路－9.0m以上,直線－平坦,単路（交差点付近を含む）,規制なし,中央分離帯,区分あり－縁石・ブロック等,車両相互,乗用車－普通車,貨物車－軽自動車,自家用,自家用,乗用車,貨物車,45～54歳,45～54歳,負傷,負傷,対象外当事者,対象外当事者,50㎞／ｈ以下,50㎞／ｈ以下,中破,中破,装備あり 作動,その他,34.2711581,135.3069953
2019,和歌山,岩出市,103,0230,負傷,0,1,2019/12/13 17:55,2019,12,13,17,55,金,その他,夜－夜,晴,市街地－その他,舗装－乾燥,交差点付近－その他,点灯－３灯式,単路－3.5m以上,直線－平坦,単路（交差点付近を含む）,規制なし,中央分離なし,区分あり－路側帯,車両相互,乗用車－普通車,軽車両－駆動補助機付自転車,自家用,対象外当事者,乗用車,対象外当事者,55～64歳,35～44歳,損傷なし,負傷,対象外当事者,対象外当事者,30㎞／ｈ以下,対象外当事者,小破,小破,その他,対象外当事者,34.2690336,135.2813444
2019,和歌山,岩出市,103,0231,負傷,0,1,2019/12/21 18:05,2019,12,21,18,5,土,その他,夜－夜,晴,市街地－その他,舗装－乾燥,交差点付近－その他,点灯－３灯式,単路－5.5m以上,直線－平坦,単路（交差点付近を含む）,規制なし,中央線－ペイント,区分あり－縁石・ブロック等,車両相互,乗用車－普通車,乗用車－軽自動車,自家用,自家用,乗用車,乗用車,0～24歳,35～44歳,損傷なし,負傷,対象外当事者,対象外当事者,50㎞／ｈ以下,50㎞／ｈ以下,小破,小破,その他,その他,34.2774017,135.2931414
2019,和歌山,和歌山市,104,0384,負傷,0,1,2019/11/20 18:00,2019,11,20,18,0,水,その他,夜－夜,晴,市街地－人口集中,舗装－乾燥,交差点付近－その他,点灯－３灯式,単路－13.0m以上,直線－平坦,単路（交差点付近を含む）,規制なし,中央分離帯,区分あり－縁石・ブロック等,車両相互,乗用車－普通車,乗用車－軽自動車,自家用,自家用,乗用車,乗用車,35～44歳,45～54歳,損傷なし,負傷,対象外当事者,対象外当事者,50㎞／ｈ以下,50㎞／ｈ以下,小破,小破,その他,その他,34.2365508,135.1992522
2019,和歌山,和歌山市,104,0385,負傷,0,1,2019/12/02 11:50,2019,12,2,11,50,月,その他,昼－昼,曇,市街地－人口集中,舗装－乾燥,交差点付近－その他,施設なし,単路－5.5m以上,直線－平坦,単路（交差点付近を含む）,規制なし,中央分離なし,区分なし,車両相互,貨物車－普通車,二輪車－一般原付自転車,自家用,自家用,貨物車,対象外当事者,25～34歳,25～34歳,負傷,損傷なし,対象外当事者,対象外当事者,40㎞／ｈ以下,30㎞／ｈ以下,小破,小破,その他,対象外当事者,34.2520719,135.2127194
2019,和歌山,和歌山市,104,0386,負傷,0,1,2019/11/11 19:20,2019,11,11,19,20,月,その他,夜－夜,晴,市街地－人口集中,舗装－乾燥,交差点付近－その他,施設なし,単路－3.5m以上,直線－平坦,単路（交差点付近を含む）,規制なし,中央分離なし,区分なし,車両相互,乗用車－普通車,軽車両－自転車,自家用,対象外当事者,乗用車,対象外当事者,25～34歳,0～24歳,損傷なし,負傷,対象外当事者,対象外当事者,指定の速度規制なし等,対象外当事者,小破,小破,その他,対象外当事者,34.2633431,135.1948475
2019,和歌山,和歌山市,104,0387,負傷,0,1,2019/11/21 14:15,2019,11,21,14,15,木,その他,昼－昼,晴,市街地－人口集中,舗装－乾燥,単路－カーブ・屈折,施設なし,単路－3.5m以上,カーブ・屈折－右－平坦,単路（交差点付近を含む）,規制なし,中央分離なし,区分なし,車両相互,乗用車－軽自動車,乗用車－軽自動車,自家用,自家用,乗用車,乗用車,55～64歳,35～44歳,損傷なし,負傷,対象外当事者,対象外当事者,指定の速度規制なし等,指定の速度規制なし等,小破,小破,その他,その他,34.20912,135.1874469
2019,和歌山,和歌山市,104,0388,負傷,0,1,2019/12/02 12:05,2019,12,2,12,5,月,その他,昼－昼,晴,市街地－その他,舗装－湿潤,交差点付近－その他,点灯－３灯式,単路－13.0m以上,直線－平坦,単路（交差点付近を含む）,規制なし,中央分離帯,区分あり－縁石・ブロック等,車両相互,乗用車－普通車,乗用車－軽自動車,自家用,自家用,乗用車,乗用車,0～24歳,75歳以上,負傷,損傷なし,対象外当事者,対象外当事者,40㎞／ｈ以下,60㎞／ｈ以下,小破,小破,その他,その他,34.2549336,135.2523047
2019,和歌山,和歌山市,104,0389,負傷,0,1,2019/11/10 17:10,2019,11,10,17,10,日,その他,夜－暮,晴,非市街地,舗装－乾燥,交差点付近－その他,点灯－３灯式,単路－13.0m以上,直線－平坦,単路（交差点付近を含む）,規制なし,中央分離帯,区分あり－縁石・ブロック等,車両相互,乗用車－軽自動車,乗用車－軽自動車,自家用,自家用,乗用車,乗用車,65～74歳,45～54歳,損傷なし,負傷,対象外当事者,対象外当事者,50㎞／ｈ以下,50㎞／ｈ以下,小破,小破,その他,その他,34.2617531,135.2286672
2019,和歌山,和歌山市,104,0390,負傷,0,1,2019/11/30 10:45,2019,11,30,10,45,土,その他,昼－昼,晴,市街地－人口集中,舗装－乾燥,交差点－その他,施設なし,交差点－中（5.5m以上）－小,直線－平坦,交差点内,規制なし,中央線－ペイント,区分あり－縁石・ブロック等,車両相互,乗用車－普通車,二輪車－一般原付自転車,自家用,自家用,乗用車,対象外当事者,65～74歳,0～24歳,損傷なし,負傷,規制なし,規制なし,指定の速度規制なし等,指定の速度規制なし等,小破,小破,その他,対象外当事者,34.2209342,135.2009047
2019,和歌山,和歌山市,104,0391,負傷,0,1,2019/10/30 17:50,2019,10,30,17,50,水,その他,夜－暮,晴,市街地－人口集中,舗装－乾燥,単路－その他,施設なし,単路－5.5m以上,直線－平坦,単路（交差点付近を含む）,規制なし,中央線－ペイント,区分なし,車両相互,貨物車－準中型車,軽車両－自転車,自家用,対象外当事者,貨物車,対象外当事者,45～54歳,65～74歳,損傷なし,負傷,対象外当事者,対象外当事者,指定の速度規制なし等,対象外当事者,小破,損壊なし,その他,対象外当事者,34.2451256,135.2133303
2019,和歌山,和歌山市,104,0392,負傷,0,3,2019/11/30 23:30,2019,11,30,23,30,土,その他,夜－夜,晴,市街地－人口集中,舗装－乾燥,一般交通の場所,施設なし,一般交通の場所,一般交通の場所,その他,規制なし,一般交通の場所,区分なし,車両単独,乗用車－軽自動車,物件等,自家用,対象外当事者,乗用車,対象外当事者,35～44歳,不明,損傷なし,対象外当事者,対象外当事者,対象外当事者,指定の速度規制なし等,対象外当事者,小破,対象外当事者,その他,対象外当事者,34.2408875,135.1897833
2019,和歌山,和歌山市,104,0393,負傷,0,1,2019/12/06 15:30,2019,12,6,15,30,金,その他,昼－昼,晴,市街地－人口集中,舗装－乾燥,一般交通の場所,施設なし,一般交通の場所,一般交通の場所,その他,規制なし,一般交通の場所,区分なし,車両相互,乗用車－軽自動車,乗用車－軽自動車,自家用,自家用,乗用車,乗用車,0～24歳,45～54歳,損傷なし,負傷,対象外当事者,対象外当事者,指定の速度規制なし等,指定の速度規制なし等,小破,小破,その他,その他,34.2301592,135.2081972
2019,和歌山,和歌山市,104,0394,負傷,0,1,2019/12/16 06:00,2019,12,16,6,0,月,その他,夜－明,晴,市街地－その他,舗装－乾燥,交差点付近－その他,施設なし,単路－5.5m以上,直線－平坦,単路（交差点付近を含む）,規制なし,中央線－ペイント,区分あり－路側帯,車両相互,乗用車－普通車,乗用車－軽自動車,自家用,自家用,乗用車,乗用車,35～44歳,0～24歳,負傷,損傷なし,対象外当事者,対象外当事者,指定の速度規制なし等,指定の速度規制なし等,小破,小破,装備あり 作動,装備あり 作動,34.2665444,135.2314361
2019,和歌山,和歌山市,104,0395,負傷,0,2,2019/12/10 11:25,2019,12,10,11,25,火,その他,昼－昼,晴,市街地－人口集中,舗装－乾燥,交差点－その他,施設なし,交差点－中（5.5m以上）－中,直線－平坦,交差点内,規制なし,中央分離なし,区分あり－路側帯,車両相互,乗用車－軽自動車,乗用車－軽自動車,自家用,自家用,乗用車,乗用車,75歳以上,25～34歳,損傷なし,負傷,その他,規制なし,指定の速度規制なし等,指定の速度規制なし等,中破,中破,装備あり 作動,その他,34.2287272,135.1855364
2019,和歌山,和歌山市,104,0396,負傷,0,1,2019/11/22 13:00,2019,11,22,13,0,金,前日,昼－昼,曇,市街地－人口集中,舗装－乾燥,単路－その他,施設なし,単路－9.0m以上,直線－平坦,単路（交差点付近を含む）,規制なし,中央分離帯,区分あり－縁石・ブロック等,車両相互,貨物車－準中型車,乗用車－普通車,自家用,自家用,貨物車,乗用車,35～44歳,25～34歳,損傷なし,負傷,対象外当事者,対象外当事者,50㎞／ｈ以下,50㎞／ｈ以下,小破,小破,その他,装備あり 作動,34.2016647,135.2017683
2019,和歌山,和歌山市,104,0397,負傷,0,2,2019/12/06 23:00,2019,12,6,23,0,金,その他,夜－夜,晴,市街地－人口集中,舗装－乾燥,交差点－その他,点灯－３灯式,交差点－中（5.5m以上）－中,直線－平坦,交差点内,規制なし,中央分離帯,区分あり－縁石・ブロック等,車両相互,乗用車－普通車,乗用車－軽自動車,自家用,自家用,乗用車,乗用車,55～64歳,0～24歳,負傷,損傷なし,規制なし,規制なし,指定の速度規制なし等,指定の速度規制なし等,中破,中破,その他,装備あり 作動,34.2227175,135.2070761
2019,和歌山,和歌山市,104,0398,負傷,0,1,2019/12/07 13:10,2019,12,7,13,10,土,その他,昼－昼,曇,市街地－人口集中,舗装－乾燥,交差点付近－その他,施設なし,単路－9.0m以上,直線－平坦,単路（交差点付近を含む）,規制なし,中央分離帯,区分あり－縁石・ブロック等,車両相互,貨物車－軽自動車,二輪車－自動二輪－原付二種－51～125cc,自家用,自家用,貨物車,対象外当事者,45～54歳,45～54歳,損傷なし,負傷,対象外当事者,対象外当事者,50㎞／ｈ以下,50㎞／ｈ以下,小破,小破,その他,対象外当事者,34.2111625,135.1852433
2019,和歌山,和歌山市,104,0399,負傷,0,3,2019/10/01 17:20,2019,10,1,17,20,火,その他,昼－暮,曇,市街地－人口集中,舗装－乾燥,単路－その他,施設なし,単路－9.0m以上,直線－平坦,単路（交差点付近を含む）,規制なし,中央分離帯,区分あり－縁石・ブロック等,車両相互,乗用車－普通車,貨物車－軽自動車,自家用,自家用,乗用車,貨物車,25～34歳,35～44歳,損傷なし,負傷,対象外当事者,対象外当事者,50㎞／ｈ以下,50㎞／ｈ以下,中破,中破,装備あり 作動,その他,34.1983986,135.1850897
2019,和歌山,和歌山市,104,0400,負傷,0,1,2019/12/13 16:10,2019,12,13,16,10,金,その他,昼－暮,晴,非市街地,舗装－乾燥,交差点付近－その他,点灯－３灯式,単路－9.0m以上,直線－平坦,単路（交差点付近を含む）,規制なし,中央分離なし,区分あり－路側帯,車両相互,乗用車－普通車,乗用車－普通車,自家用,自家用,乗用車,乗用車,55～64歳,55～64歳,損傷なし,負傷,対象外当事者,対象外当事者,50㎞／ｈ以下,50㎞／ｈ以下,中破,中破,装備あり 作動,その他,34.2395969,135.2478256
2019,和歌山,和歌山市,104,0401,負傷,0,1,2019/12/01 02:40,2019,12,1,2,40,日,その他,夜－夜,晴,市街地－その他,舗装－乾燥,交差点－その他,点滅－３灯式,交差点－中（5.5m以上）－中,直線－平坦,交差点内,規制なし,中央分離なし,区分あり－路側帯,車両相互,乗用車－軽自動車,貨物車－軽自動車,自家用,自家用,乗用車,貨物車,35～44歳,0～24歳,損傷なし,負傷,規制なし,規制なし,指定の速度規制なし等,40㎞／ｈ以下,中破,中破,その他,その他,34.2381158,135.2120544
2019,和歌山,和歌山市,104,0402,負傷,0,2,2019/12/13 17:10,2019,12,13,17,10,金,その他,夜－暮,晴,市街地－人口集中,舗装－乾燥,単路－その他,施設なし,単路－9.0m以上,直線－上り,単路（交差点付近を含む）,規制なし,中央線－ポストコーン,区分なし,車両相互,乗用車－普通車,二輪車－自動二輪－原付二種－51～125cc,自家用,自家用,乗用車,対象外当事者,25～34歳,65～74歳,負傷,損傷なし,対象外当事者,対象外当事者,50㎞／ｈ以下,50㎞／ｈ以下,小破,小破,その他,対象外当事者,34.2009492,135.1863583
2019,和歌山,和歌山市,104,0403,負傷,0,1,2019/11/28 18:15,2019,11,28,18,15,木,その他,夜－夜,晴,非市街地,舗装－乾燥,単路－その他,施設なし,単路－9.0m以上,直線－平坦,単路（交差点付近を含む）,規制なし,中央分離帯,区分あり－縁石・ブロック等,車両相互,乗用車－軽自動車,乗用車－軽自動車,自家用,自家用,乗用車,乗用車,25～34歳,45～54歳,損傷なし,負傷,対象外当事者,対象外当事者,指定の速度規制なし等,指定の速度規制なし等,中破,中破,その他,その他,34.2389056,135.2415014
2019,和歌山,和歌山市,104,0404,負傷,0,2,2019/12/13 18:15,2019,12,13,18,15,金,その他,夜－夜,晴,市街地－人口集中,舗装－乾燥,交差点付近－その他,点灯－３灯式,単路－13.0m以上,直線－平坦,単路（交差点付近を含む）,規制なし,中央分離帯,区分あり－縁石・ブロック等,車両相互,乗用車－軽自動車,乗用車－軽自動車,自家用,自家用,乗用車,乗用車,35～44歳,25～34歳,損傷なし,負傷,対象外当事者,対象外当事者,50㎞／ｈ以下,50㎞／ｈ以下,小破,小破,その他,その他,34.2299097,135.1943169
2019,和歌山,和歌山市,104,0405,負傷,0,1,2019/11/29 18:18,2019,11,29,18,18,金,その他,夜－夜,晴,市街地－人口集中,舗装－乾燥,交差点－その他,施設なし,交差点－中（5.5m以上）－中,直線－平坦,交差点内,規制なし,中央分離なし,区分あり－縁石・ブロック等,人対車両,歩行者,対象外当事者,対象外当事者,対象外当事者,対象外当事者,対象外当事者,45～54歳,不明,負傷,対象外当事者,対象外当事者,対象外当事者,対象外当事者,対象外当事者,対象外当事者,対象外当事者,対象外当事者,対象外当事者,34.2351833,135.1890969
2019,和歌山,和歌山市,104,0406,負傷,0,1,2019/12/06 16:20,2019,12,6,16,20,金,その他,昼－暮,曇,市街地－人口集中,舗装－乾燥,交差点－その他,施設なし,交差点－中（5.5m以上）－小,直線－平坦,交差点内,規制なし,中央分離なし,区分なし,車両相互,乗用車－普通車,二輪車－一般原付自転車,自家用,自家用,乗用車,対象外当事者,25～34歳,65～74歳,損傷なし,負傷,規制なし,規制なし,50㎞／ｈ以下,30㎞／ｈ以下,小破,小破,その他,対象外当事者,34.2434286,135.1925875
2019,和歌山,和歌山市,104,0407,負傷,0,1,2019/12/07 13:05,2019,12,7,13,5,土,その他,昼－昼,曇,市街地－人口集中,舗装－乾燥,交差点付近－その他,点灯－３灯式,単路－13.0m以上,直線－平坦,単路（交差点付近を含む）,規制なし,中央分離帯,区分あり－縁石・ブロック等,車両相互,乗用車－普通車,乗用車－普通車,自家用,自家用,乗用車,乗用車,25～34歳,45～54歳,負傷,損傷なし,対象外当事者,対象外当事者,50㎞／ｈ以下,40㎞／ｈ以下,小破,小破,その他,その他,34.2300169,135.1894603
2019,和歌山,和歌山市,104,0408,負傷,0,1,2019/12/03 16:30,2019,12,3,16,30,火,その他,昼－暮,晴,市街地－人口集中,舗装－乾燥,交差点－その他,施設なし,交差点－中（5.5m以上）－中,直線－平坦,交差点内,規制なし,中央線－ペイント,区分あり－路側帯,車両相互,乗用車－普通車,二輪車－自動二輪－原付二種－51～125cc,自家用,自家用,乗用車,対象外当事者,45～54歳,65～74歳,損傷なし,負傷,規制なし,規制なし,40㎞／ｈ以下,指定の速度規制なし等,小破,小破,その他,対象外当事者,34.2509569,135.1936169
2019,和歌山,和歌山市,104,0409,負傷,0,1,2019/10/05 16:15,2019,10,5,16,15,土,その他,昼－昼,晴,市街地－人口集中,舗装－乾燥,単路－その他,施設なし,単路－9.0m以上,直線－平坦,単路（交差点付近を含む）,規制なし,中央分離帯,区分あり－縁石・ブロック等,車両相互,貨物車－普通車,乗用車－軽自動車,自家用,自家用,貨物車,乗用車,0～24歳,45～54歳,損傷なし,負傷,対象外当事者,対象外当事者,50㎞／ｈ以下,50㎞／ｈ以下,中破,中破,装備あり 作動,その他,34.2136619,135.1846647
2019,和歌山,和歌山市,104,0410,負傷,0,1,2019/12/16 17:20,2019,12,16,17,20,月,その他,夜－暮,晴,市街地－その他,舗装－乾燥,交差点－その他,施設なし,交差点－小（5.5m未満）－小,直線－平坦,交差点内,規制なし,中央分離なし,区分あり－路側帯,車両相互,乗用車－軽自動車,二輪車－一般原付自転車,自家用,自家用,乗用車,対象外当事者,0～24歳,45～54歳,損傷なし,負傷,標準－反射式,規制なし,指定の速度規制なし等,30㎞／ｈ以下,小破,小破,その他,対象外当事者,34.2474978,135.2819992
2019,和歌山,和歌山市,104,0411,負傷,0,1,2019/12/20 15:10,2019,12,20,15,10,金,その他,昼－昼,晴,市街地－人口集中,舗装－乾燥,単路－その他,施設なし,単路－9.0m以上,直線－平坦,単路（交差点付近を含む）,規制なし,中央分離帯,区分あり－縁石・ブロック等,車両相互,貨物車－大型車,乗用車－軽自動車,事業用,自家用,貨物車,乗用車,35～44歳,45～54歳,損傷なし,負傷,対象外当事者,対象外当事者,50㎞／ｈ以下,50㎞／ｈ以下,小破,中破,その他,その他,34.2298372,135.2003314
2019,和歌山,和歌山市,104,0412,負傷,0,1,2019/12/19 12:40,2019,12,19,12,40,木,その他,昼－昼,晴,市街地－その他,舗装－乾燥,交差点－その他,施設なし,交差点－中（5.5m以上）－中,直線－平坦,交差点内,規制なし,中央分離帯,区分あり－縁石・ブロック等,車両相互,乗用車－軽自動車,軽車両－自転車,自家用,対象外当事者,乗用車,対象外当事者,55～64歳,25～34歳,損傷なし,負傷,規制なし,規制なし,指定の速度規制なし等,対象外当事者,小破,小破,その他,対象外当事者,34.2594031,135.2532894
2019,和歌山,和歌山市,104,0413,負傷,0,1,2019/09/30 09:55,2019,9,30,9,55,月,その他,昼－昼,晴,市街地－人口集中,舗装－乾燥,交差点－その他,施設なし,交差点－中（5.5m以上）－小,直線－平坦,交差点内,規制なし,中央分離なし,区分あり－路側帯,車両相互,乗用車－軽自動車,貨物車－軽自動車,自家用,自家用,乗用車,貨物車,25～34歳,55～64歳,負傷,損傷なし,規制なし,標準－反射式,指定の速度規制なし等,指定の速度規制なし等,小破,小破,その他,その他,34.2308083,135.1972881
2019,和歌山,和歌山市,104,0414,負傷,0,1,2019/12/07 08:55,2019,12,7,8,55,土,その他,昼－昼,曇,市街地－人口集中,舗装－乾燥,交差点－その他,施設なし,交差点－小（5.5m未満）－小,直線－平坦,交差点内,規制なし,中央分離なし,区分なし,車両相互,貨物車－普通車,貨物車－軽自動車,自家用,事業用,貨物車,貨物車,45～54歳,55～64歳,負傷,損傷なし,規制なし,規制なし,指定の速度規制なし等,指定の速度規制なし等,小破,小破,その他,その他,34.2226108,135.1882597
2019,和歌山,和歌山市,104,0415,負傷,0,1,2019/09/08 10:00,2019,9,8,10,0,日,その他,昼－昼,晴,非市街地,舗装－乾燥,交差点－その他,点灯－３灯式,交差点－大（13.0ｍ以上）－中,直線－平坦,交差点内,規制なし,中央分離なし,区分あり－縁石・ブロック等,車両相互,乗用車－軽自動車,二輪車－一般原付自転車,自家用,自家用,乗用車,対象外当事者,0～24歳,65～74歳,損傷なし,負傷,規制なし,規制なし,指定の速度規制なし等,指定の速度規制なし等,小破,小破,その他,対象外当事者,34.2619281,135.2360408
2019,和歌山,和歌山市,104,0416,負傷,0,1,2019/12/24 14:09,2019,12,24,14,9,火,その他,昼－昼,晴,市街地－人口集中,舗装－乾燥,交差点－その他,点灯－３灯式,交差点－中（5.5m以上）－中,直線－平坦,交差点内,規制なし,中央分離なし,区分あり－縁石・ブロック等,人対車両,貨物車－普通車,歩行者,自家用,対象外当事者,貨物車,対象外当事者,55～64歳,45～54歳,損傷なし,負傷,規制なし,対象外当事者,指定の速度規制なし等,対象外当事者,小破,対象外当事者,その他,対象外当事者,34.2286492,135.1849703
2019,和歌山,和歌山市,104,0417,負傷,0,1,2019/12/02 17:25,2019,12,2,17,25,月,その他,夜－暮,晴,市街地－人口集中,舗装－乾燥,単路－その他,施設なし,単路－3.5m以上,直線－平坦,単路（交差点付近を含む）,規制なし,中央分離なし,区分なし,車両相互,二輪車－自動二輪－原付二種－51～125cc,軽車両－自転車,自家用,対象外当事者,対象外当事者,対象外当事者,75歳以上,0～24歳,損傷なし,負傷,対象外当事者,対象外当事者,40㎞／ｈ以下,対象外当事者,小破,小破,対象外当事者,対象外当事者,34.2534508,135.2026972
2019,和歌山,和歌山市,104,0418,負傷,0,1,2019/11/22 06:30,2019,11,22,6,30,金,前日,夜－明,曇,市街地－その他,舗装－乾燥,交差点付近－その他,施設なし,単路－5.5m以上,直線－平坦,単路（交差点付近を含む）,規制なし,中央分離なし,区分あり－路側帯,人対車両,乗用車－普通車,歩行者,自家用,対象外当事者,乗用車,対象外当事者,0～24歳,65～74歳,損傷なし,負傷,対象外当事者,対象外当事者,40㎞／ｈ以下,対象外当事者,小破,対象外当事者,その他,対象外当事者,34.1891603,135.2264825
2019,和歌山,和歌山市,104,0419,負傷,0,1,2019/12/22 15:30,2019,12,22,15,30,日,その他,昼－昼,雨,市街地－人口集中,舗装－湿潤,交差点－その他,点灯－３灯式,交差点－中（5.5m以上）－中,直線－平坦,交差点内,規制なし,中央分離なし,区分なし,車両相互,乗用車－普通車,乗用車－普通車,自家用,自家用,乗用車,乗用車,75歳以上,45～54歳,損傷なし,負傷,規制なし,規制なし,指定の速度規制なし等,指定の速度規制なし等,小破,小破,その他,その他,34.2453619,135.2253108
2019,和歌山,和歌山市,104,0420,負傷,0,1,2019/12/20 15:40,2019,12,20,15,40,金,その他,昼－昼,晴,市街地－人口集中,舗装－乾燥,交差点－その他,施設なし,交差点－中（5.5m以上）－中,直線－平坦,交差点内,規制なし,中央線－ペイント,区分なし,車両相互,乗用車－普通車,乗用車－普通車,自家用,自家用,乗用車,乗用車,65～74歳,75歳以上,損傷なし,負傷,規制なし,規制なし,指定の速度規制なし等,指定の速度規制なし等,小破,小破,その他,その他,34.2117214,135.2062131
2019,和歌山,和歌山市,104,0421,負傷,0,1,2019/12/16 09:20,2019,12,16,9,20,月,その他,昼－昼,晴,市街地－人口集中,舗装－乾燥,交差点－その他,施設なし,交差点－中（5.5m以上）－中,直線－平坦,交差点内,規制なし,中央分離なし,区分なし,車両相互,乗用車－普通車,軽車両－自転車,自家用,対象外当事者,乗用車,対象外当事者,35～44歳,25～34歳,損傷なし,負傷,規制なし,規制なし,指定の速度規制なし等,対象外当事者,小破,小破,その他,対象外当事者,34.2211547,135.1982214
2019,和歌山,和歌山市,104,0422,負傷,0,1,2019/12/15 18:10,2019,12,15,18,10,日,その他,夜－夜,晴,市街地－人口集中,舗装－乾燥,交差点付近－その他,施設なし,単路－3.5m以上,直線－平坦,単路（交差点付近を含む）,規制なし,中央分離なし,区分なし,車両相互,乗用車－普通車,二輪車－自動二輪－原付二種－51～125cc,自家用,自家用,乗用車,対象外当事者,55～64歳,65～74歳,損傷なし,負傷,対象外当事者,対象外当事者,30㎞／ｈ以下,30㎞／ｈ以下,小破,小破,その他,対象外当事者,34.2328003,135.2069283
2019,和歌山,和歌山市,104,0423,負傷,0,1,2019/12/04 10:35,2019,12,4,10,35,水,その他,昼－昼,晴,市街地－人口集中,舗装－乾燥,交差点－その他,施設なし,交差点－中（5.5m以上）－小,直線－平坦,交差点内,規制なし,中央分離なし,区分なし,車両相互,乗用車－軽自動車,軽車両－駆動補助機付自転車,自家用,対象外当事者,乗用車,対象外当事者,35～44歳,75歳以上,損傷なし,負傷,規制なし,規制なし,指定の速度規制なし等,対象外当事者,小破,中破,その他,対象外当事者,34.2219661,135.1941714
2019,和歌山,和歌山市,104,0424,負傷,0,1,2019/11/13 07:01,2019,11,13,7,1,水,その他,昼－明,晴,非市街地,舗装－乾燥,交差点－その他,点灯－３灯式,交差点－大（13.0ｍ以上）－中,直線－平坦,交差点内,規制なし,中央分離なし,区分あり－縁石・ブロック等,人対車両,貨物車－大型車,歩行者,事業用,対象外当事者,貨物車,対象外当事者,35～44歳,75歳以上,損傷なし,負傷,規制なし,対象外当事者,指定の速度規制なし等,対象外当事者,小破,対象外当事者,その他,対象外当事者,34.2618981,135.2360794