対象年,都道府県,市区町村,警察署等コード,本票番号,事故内容,死者数,負傷者数,発生日時,発生年,発生月,発生日,発生時,発生分,曜日,祝日,昼夜,天候,地形,路面状態,道路形状,信号機,車道幅員,道路線形,衝突地点,ゾーン規制,中央分離帯施設等,歩車道区分,事故類型,当事者A 種別,当事者B 種別,当事者A 用途,当事者B 用途,当事者A 車両形状,当事者B 車両形状,当事者A 年齢,当事者B 年齢,当事者A 人身損傷程度,当事者B 人身損傷程度,当事者A 一時停止規制標識,当事者B 一時停止規制標識,当事者A 速度規制,当事者B 速度規制,当事者A 車両損壊程度,当事者B 車両損壊程度,当事者A エアバッグ,当事者B エアバッグ,緯度,経度
2020,和歌山,和歌山市,105,0051,負傷,0,1,2020/02/18 14:08,2020,2,18,14,8,火,その他,昼－昼,晴,市街地－人口集中,舗装－乾燥,交差点－その他,施設なし,交差点－中（5.5m以上）－中,直線－平坦,交差点内,規制なし,中央分離なし,区分あり－路側帯,車両相互,乗用車－軽自動車,貨物車－軽自動車,自家用,自家用,乗用車,貨物車,45～54歳,65～74歳,負傷,損傷なし,規制なし,標準－反射式,指定の速度規制なし等,指定の速度規制なし等,小破,小破,その他,その他,34.2388225,135.1752425
2020,和歌山,和歌山市,105,0052,負傷,0,1,2020/01/30 08:30,2020,1,30,8,30,木,その他,昼－昼,晴,市街地－人口集中,舗装－乾燥,交差点－その他,点灯－３灯式,交差点－大（13.0ｍ以上）－中,直線－平坦,交差点内,規制なし,中央分離なし,区分あり－縁石・ブロック等,車両相互,乗用車－軽自動車,軽車両－自転車,自家用,対象外当事者,乗用車,対象外当事者,25～34歳,0～24歳,損傷なし,負傷,規制なし,規制なし,50㎞／ｈ以下,対象外当事者,小破,小破,その他,対象外当事者,34.1890636,135.1745686
2020,和歌山,和歌山市,105,0053,負傷,0,1,2020/02/21 12:05,2020,2,21,12,5,金,その他,昼－昼,晴,市街地－人口集中,舗装－乾燥,交差点－その他,点灯－３灯式,交差点－中（5.5m以上）－中,直線－平坦,交差点内,ゾーン30,中央分離なし,区分あり－路側帯,人対車両,乗用車－普通車,歩行者,自家用,対象外当事者,乗用車,対象外当事者,75歳以上,0～24歳,損傷なし,負傷,規制なし,対象外当事者,30㎞／ｈ以下,対象外当事者,小破,対象外当事者,その他,対象外当事者,34.2176656,135.1714439
2020,和歌山,和歌山市,105,0054,負傷,0,1,2020/01/19 05:50,2020,1,19,5,50,日,その他,夜－夜,晴,市街地－人口集中,舗装－乾燥,交差点－その他,点灯－３灯式,交差点－大（13.0ｍ以上）－大,直線－平坦,交差点内,規制なし,中央分離なし,区分あり－縁石・ブロック等,車両相互,乗用車－普通車,軽車両－自転車,自家用,対象外当事者,乗用車,対象外当事者,65～74歳,55～64歳,損傷なし,負傷,規制なし,規制なし,50㎞／ｈ以下,対象外当事者,小破,小破,その他,対象外当事者,34.2372728,135.1696992
2020,和歌山,和歌山市,105,0055,負傷,0,1,2020/01/27 17:25,2020,1,27,17,25,月,その他,夜－暮,雨,市街地－人口集中,舗装－湿潤,単路－橋,施設なし,単路－9.0m以上,直線－下り,単路（交差点付近を含む）,規制なし,中央線－ペイント,区分あり－防護柵等,車両相互,乗用車－普通車,乗用車－普通車,自家用,自家用,乗用車,乗用車,35～44歳,45～54歳,損傷なし,負傷,対象外当事者,対象外当事者,50㎞／ｈ以下,50㎞／ｈ以下,小破,小破,その他,その他,34.2310542,135.1598503
2020,和歌山,和歌山市,105,0056,負傷,0,3,2020/02/23 12:00,2020,2,23,12,0,日,当日,昼－昼,晴,市街地－人口集中,舗装－乾燥,交差点付近－その他,点灯－３灯式,単路－13.0m以上,直線－平坦,単路（交差点付近を含む）,規制なし,中央線－ペイント,区分あり－縁石・ブロック等,車両相互,乗用車－普通車,乗用車－普通車,自家用,自家用,乗用車,乗用車,75歳以上,45～54歳,損傷なし,損傷なし,対象外当事者,対象外当事者,50㎞／ｈ以下,50㎞／ｈ以下,損壊なし,損壊なし,その他,その他,34.2385764,135.1769606
2020,和歌山,和歌山市,105,0057,負傷,0,1,2020/02/06 14:42,2020,2,6,14,42,木,その他,昼－昼,曇,市街地－人口集中,舗装－乾燥,交差点－その他,点灯－３灯式,交差点－大（13.0ｍ以上）－中,直線－平坦,交差点内,規制なし,中央分離なし,区分あり－縁石・ブロック等,車両相互,乗用車－普通車,乗用車－軽自動車,自家用,自家用,乗用車,乗用車,75歳以上,25～34歳,損傷なし,負傷,規制なし,規制なし,50㎞／ｈ以下,50㎞／ｈ以下,小破,小破,その他,その他,34.2298031,135.1663061
2020,和歌山,和歌山市,105,0058,負傷,0,1,2020/03/05 13:00,2020,3,5,13,0,木,その他,昼－昼,晴,市街地－人口集中,舗装－乾燥,交差点－その他,点灯－３灯式,交差点－大（13.0ｍ以上）－小,直線－平坦,交差点内,規制なし,中央線－ペイント,区分あり－縁石・ブロック等,車両相互,乗用車－軽自動車,軽車両－自転車,自家用,対象外当事者,乗用車,対象外当事者,35～44歳,55～64歳,損傷なし,負傷,規制なし,規制なし,指定の速度規制なし等,対象外当事者,小破,小破,その他,対象外当事者,34.1823919,135.1860094
2020,和歌山,和歌山市,105,0059,負傷,0,1,2020/02/27 08:45,2020,2,27,8,45,木,その他,昼－昼,晴,市街地－人口集中,舗装－乾燥,単路－その他,施設なし,単路－9.0m以上,直線－平坦,単路（交差点付近を含む）,規制なし,中央線－ペイント,区分あり－縁石・ブロック等,車両相互,二輪車－一般原付自転車,二輪車－一般原付自転車,自家用,自家用,対象外当事者,対象外当事者,0～24歳,45～54歳,損傷なし,負傷,対象外当事者,対象外当事者,指定の速度規制なし等,指定の速度規制なし等,小破,小破,対象外当事者,対象外当事者,34.2104361,135.15939
2020,和歌山,和歌山市,105,0060,負傷,0,1,2020/03/17 08:08,2020,3,17,8,8,火,その他,昼－昼,晴,非市街地,舗装－乾燥,交差点付近－その他,施設なし,単路－3.5m以上,直線－平坦,単路（交差点付近を含む）,規制なし,中央分離なし,区分なし,車両相互,乗用車－軽自動車,二輪車－自動二輪－原付二種－51～125cc,自家用,自家用,乗用車,対象外当事者,45～54歳,25～34歳,負傷,損傷なし,対象外当事者,対象外当事者,指定の速度規制なし等,指定の速度規制なし等,小破,小破,その他,対象外当事者,34.1820753,135.1818058
2020,和歌山,和歌山市,105,0061,負傷,0,1,2020/03/05 17:30,2020,3,5,17,30,木,その他,昼－暮,晴,市街地－人口集中,舗装－乾燥,交差点付近－その他,施設なし,単路－3.5m以上,直線－平坦,単路（交差点付近を含む）,規制なし,中央分離なし,区分なし,車両相互,乗用車－普通車,軽車両－自転車,自家用,対象外当事者,乗用車,対象外当事者,55～64歳,45～54歳,損傷なし,負傷,対象外当事者,対象外当事者,指定の速度規制なし等,対象外当事者,小破,小破,その他,対象外当事者,34.2017117,135.1681944
2020,和歌山,和歌山市,105,0062,負傷,0,1,2020/03/13 14:05,2020,3,13,14,5,金,その他,昼－昼,晴,市街地－人口集中,舗装－乾燥,単路－その他,施設なし,単路－13.0m以上,直線－平坦,単路（交差点付近を含む）,規制なし,中央線－ペイント,区分あり－縁石・ブロック等,車両相互,乗用車－軽自動車,二輪車－一般原付自転車,自家用,自家用,乗用車,対象外当事者,55～64歳,0～24歳,損傷なし,損傷なし,対象外当事者,対象外当事者,50㎞／ｈ以下,指定の速度規制なし等,小破,小破,その他,対象外当事者,34.2032586,135.1592717
2020,和歌山,和歌山市,105,0063,負傷,0,1,2020/03/16 08:00,2020,3,16,8,0,月,その他,昼－昼,曇,市街地－人口集中,舗装－乾燥,単路－その他,施設なし,単路－13.0m以上,直線－平坦,単路（交差点付近を含む）,規制なし,中央線－ペイント,区分あり－路側帯,車両単独,二輪車－一般原付自転車,相手なし,自家用,対象外当事者,対象外当事者,対象外当事者,45～54歳,不明,負傷,対象外当事者,対象外当事者,対象外当事者,指定の速度規制なし等,対象外当事者,小破,対象外当事者,対象外当事者,対象外当事者,34.2074425,135.15252
2020,和歌山,和歌山市,105,0064,負傷,0,1,2020/03/04 20:50,2020,3,4,20,50,水,その他,夜－夜,曇,市街地－その他,舗装－湿潤,単路－その他,施設なし,単路－9.0m以上,直線－平坦,単路（交差点付近を含む）,規制なし,中央線－ペイント,区分あり－縁石・ブロック等,車両相互,乗用車－普通車,二輪車－一般原付自転車,自家用,自家用,乗用車,対象外当事者,45～54歳,0～24歳,損傷なし,負傷,対象外当事者,対象外当事者,指定の速度規制なし等,指定の速度規制なし等,小破,小破,その他,対象外当事者,34.2053292,135.1592083
2020,和歌山,和歌山市,105,0065,負傷,0,2,2020/03/26 15:42,2020,3,26,15,42,木,その他,昼－昼,晴,市街地－人口集中,舗装－乾燥,交差点－その他,施設なし,交差点－小（5.5m未満）－小,直線－平坦,交差点内,規制なし,中央線－ペイント,区分なし,車両相互,乗用車－軽自動車,乗用車－軽自動車,自家用,自家用,乗用車,乗用車,0～24歳,55～64歳,損傷なし,損傷なし,規制なし,規制なし,指定の速度規制なし等,指定の速度規制なし等,損壊なし,損壊なし,その他,その他,34.2239239,135.1788372
2020,和歌山,和歌山市,105,0066,負傷,0,1,2020/03/10 15:40,2020,3,10,15,40,火,その他,昼－昼,曇,市街地－人口集中,舗装－乾燥,一般交通の場所,施設なし,一般交通の場所,一般交通の場所,その他,規制なし,一般交通の場所,区分なし,人対車両,貨物車－軽自動車,歩行者,自家用,対象外当事者,貨物車,対象外当事者,55～64歳,45～54歳,損傷なし,負傷,対象外当事者,対象外当事者,指定の速度規制なし等,対象外当事者,小破,対象外当事者,その他,対象外当事者,34.1656831,135.1875814
2020,和歌山,海南市,106,0014,負傷,0,1,2020/03/17 07:50,2020,3,17,7,50,火,その他,昼－昼,晴,市街地－人口集中,舗装－乾燥,交差点付近－その他,点灯－３灯式,単路－9.0m以上,直線－平坦,単路（交差点付近を含む）,規制なし,中央線－ペイント,区分あり－縁石・ブロック等,車両相互,乗用車－軽自動車,貨物車－軽自動車,自家用,事業用,乗用車,貨物車,25～34歳,45～54歳,負傷,損傷なし,対象外当事者,対象外当事者,50㎞／ｈ以下,50㎞／ｈ以下,中破,小破,その他,その他,34.1587931,135.2040228
2020,和歌山,海南市,106,0015,負傷,0,1,2020/02/19 01:40,2020,2,19,1,40,水,その他,夜－夜,晴,市街地－その他,舗装－乾燥,単路－カーブ・屈折,施設なし,単路－3.5m未満,カーブ・屈折－左－平坦,単路（交差点付近を含む）,規制なし,中央分離なし,区分なし,車両単独,貨物車－軽自動車,相手なし,自家用,対象外当事者,貨物車,対象外当事者,65～74歳,不明,損傷なし,対象外当事者,対象外当事者,対象外当事者,指定の速度規制なし等,対象外当事者,中破,対象外当事者,その他,対象外当事者,34.1218108,135.1563303
2020,和歌山,海南市,106,0016,負傷,0,1,2020/02/28 09:25,2020,2,28,9,25,金,その他,昼－昼,晴,市街地－人口集中,舗装－乾燥,交差点－その他,施設なし,交差点－中（5.5m以上）－中,直線－平坦,交差点内,規制なし,中央線－ペイント,区分なし,人対車両,乗用車－軽自動車,歩行者,自家用,対象外当事者,乗用車,対象外当事者,35～44歳,75歳以上,損傷なし,負傷,規制なし,対象外当事者,30㎞／ｈ以下,対象外当事者,小破,対象外当事者,その他,対象外当事者,34.1686431,135.2103414
2020,和歌山,海南市,106,0017,負傷,0,1,2020/03/25 19:00,2020,3,25,19,0,水,その他,夜－暮,晴,市街地－人口集中,舗装－乾燥,交差点－その他,点灯－３灯式,交差点－大（13.0ｍ以上）－中,直線－平坦,交差点内,規制なし,中央線－ペイント,区分あり－縁石・ブロック等,車両相互,乗用車－軽自動車,乗用車－軽自動車,自家用,自家用,乗用車,乗用車,0～24歳,45～54歳,損傷なし,負傷,規制なし,規制なし,50㎞／ｈ以下,50㎞／ｈ以下,中破,中破,その他,その他,34.1533322,135.2091106
2020,和歌山,海南市,106,0018,負傷,0,1,2020/03/20 19:05,2020,3,20,19,5,金,当日,夜－暮,晴,市街地－その他,舗装－乾燥,単路－その他,施設なし,単路－5.5m以上,直線－平坦,単路（交差点付近を含む）,規制なし,中央線－ペイント,区分あり－縁石・ブロック等,車両相互,乗用車－普通車,乗用車－軽自動車,自家用,自家用,乗用車,乗用車,25～34歳,25～34歳,負傷,損傷なし,対象外当事者,対象外当事者,50㎞／ｈ以下,50㎞／ｈ以下,大破,大破,装備あり 作動,装備あり 作動,34.1264817,135.1632061
2020,和歌山,有田市,107,0006,負傷,0,1,2020/02/20 12:50,2020,2,20,12,50,木,その他,昼－昼,晴,市街地－人口集中,舗装－乾燥,交差点付近－その他,点灯－３灯式,単路－5.5m以上,直線－平坦,単路（交差点付近を含む）,規制なし,中央線－ペイント,区分あり－縁石・ブロック等,車両相互,乗用車－軽自動車,貨物車－軽自動車,自家用,自家用,乗用車,貨物車,0～24歳,45～54歳,損傷なし,負傷,対象外当事者,対象外当事者,50㎞／ｈ以下,50㎞／ｈ以下,小破,小破,その他,その他,34.0796939,135.1233642
2020,和歌山,有田川町,108,0010,負傷,0,1,2020/02/20 16:10,2020,2,20,16,10,木,その他,昼－昼,晴,市街地－その他,舗装－乾燥,交差点付近－その他,点灯－３灯式,単路－5.5m以上,直線－平坦,単路（交差点付近を含む）,規制なし,中央線－ペイント,区分あり－防護柵等,車両相互,乗用車－普通車,乗用車－普通車,自家用,自家用,乗用車,乗用車,55～64歳,55～64歳,損傷なし,負傷,対象外当事者,対象外当事者,40㎞／ｈ以下,40㎞／ｈ以下,小破,小破,その他,その他,34.0647486,135.2135683
2020,和歌山,有田川町,108,0011,負傷,0,1,2020/03/05 09:15,2020,3,5,9,15,木,その他,昼－昼,曇,市街地－その他,舗装－乾燥,交差点付近－その他,点灯－３灯式,単路－5.5m以上,直線－平坦,単路（交差点付近を含む）,規制なし,中央線－ペイント,区分あり－路側帯,車両相互,貨物車－軽自動車,軽車両－自転車,自家用,対象外当事者,貨物車,対象外当事者,75歳以上,0～24歳,損傷なし,負傷,対象外当事者,対象外当事者,40㎞／ｈ以下,対象外当事者,小破,小破,その他,対象外当事者,34.0635631,135.2096122
2020,和歌山,有田川町,108,0012,負傷,0,1,2020/03/14 07:06,2020,3,14,7,6,土,その他,昼－明,雨,非市街地,舗装－湿潤,単路－カーブ・屈折,施設なし,単路－5.5m以上,カーブ・屈折－右－平坦,単路（交差点付近を含む）,規制なし,中央分離なし,区分なし,車両相互,貨物車－準中型車,乗用車－普通車,自家用,自家用,貨物車,乗用車,35～44歳,0～24歳,損傷なし,損傷なし,対象外当事者,対象外当事者,指定の速度規制なし等,指定の速度規制なし等,中破,中破,その他,その他,34.0494956,135.2403719
2020,和歌山,有田川町,108,0013,負傷,0,1,2020/03/18 18:00,2020,3,18,18,0,水,その他,昼－暮,晴,市街地－その他,舗装－乾燥,交差点－その他,施設なし,交差点－中（5.5m以上）－小,直線－平坦,交差点内,規制なし,中央線－ペイント,区分あり－縁石・ブロック等,車両相互,貨物車－軽自動車,二輪車－自動二輪－小型二輪－751ｃｃ以上,自家用,自家用,貨物車,対象外当事者,0～24歳,0～24歳,損傷なし,負傷,標準－反射式,規制なし,40㎞／ｈ以下,40㎞／ｈ以下,中破,中破,その他,対象外当事者,34.0738728,135.2224181
2020,和歌山,湯浅町,108,0014,負傷,0,1,2020/02/25 17:51,2020,2,25,17,51,火,その他,夜－暮,晴,市街地－その他,舗装－乾燥,交差点－その他,点灯－押ボタン式,交差点－中（5.5m以上）－中,直線－平坦,交差点内,規制なし,中央線－ペイント,区分あり－縁石・ブロック等,人対車両,乗用車－普通車,歩行者,自家用,対象外当事者,乗用車,対象外当事者,35～44歳,65～74歳,損傷なし,負傷,規制なし,対象外当事者,50㎞／ｈ以下,対象外当事者,損壊なし,対象外当事者,その他,対象外当事者,34.0474036,135.1893242
2020,和歌山,日高川町,109,0022,負傷,0,1,2020/02/19 19:53,2020,2,19,19,53,水,その他,夜－夜,晴,非市街地,舗装－乾燥,交差点付近－その他,点灯－３灯式,単路－5.5m以上,直線－平坦,単路（交差点付近を含む）,規制なし,中央線－ペイント,区分あり－縁石・ブロック等,車両相互,貨物車－準中型車,乗用車－普通車,自家用,自家用,貨物車,乗用車,25～34歳,0～24歳,負傷,損傷なし,対象外当事者,対象外当事者,50㎞／ｈ以下,50㎞／ｈ以下,小破,小破,その他,その他,33.9119003,135.1827356
2020,和歌山,御坊市,109,0023,負傷,0,1,2020/03/30 20:10,2020,3,30,20,10,月,その他,夜－夜,雨,市街地－人口集中,舗装－湿潤,交差点－その他,施設なし,交差点－小（5.5m未満）－小,直線－平坦,交差点内,規制なし,中央線－ペイント,区分あり－縁石・ブロック等,人対車両,貨物車－軽自動車,歩行者,自家用,対象外当事者,貨物車,対象外当事者,25～34歳,0～24歳,損傷なし,負傷,規制なし,対象外当事者,指定の速度規制なし等,対象外当事者,小破,対象外当事者,その他,対象外当事者,33.8981503,135.1490208
2020,和歌山,田辺市,110,0032,負傷,0,2,2019/12/07 17:10,2019,12,7,17,10,土,その他,夜－暮,晴,市街地－人口集中,舗装－乾燥,交差点－その他,点灯－３灯式,交差点－中（5.5m以上）－中,直線－平坦,交差点内,規制なし,中央分離なし,区分あり－縁石・ブロック等,人対車両,二輪車－一般原付自転車,歩行者,自家用,対象外当事者,対象外当事者,対象外当事者,65～74歳,65～74歳,負傷,負傷,規制なし,対象外当事者,30㎞／ｈ以下,対象外当事者,小破,対象外当事者,対象外当事者,対象外当事者,33.7341744,135.3869325
2020,和歌山,田辺市,110,0033,負傷,0,1,2020/02/20 19:57,2020,2,20,19,57,木,その他,夜－夜,晴,市街地－人口集中,舗装－乾燥,交差点付近－その他,施設なし,単路－5.5m以上,直線－平坦,単路（交差点付近を含む）,規制なし,中央線－ペイント,区分あり－縁石・ブロック等,車両相互,乗用車－軽自動車,軽車両－自転車,自家用,対象外当事者,乗用車,対象外当事者,45～54歳,65～74歳,損傷なし,負傷,対象外当事者,対象外当事者,40㎞／ｈ以下,対象外当事者,中破,中破,その他,対象外当事者,33.7294078,135.3735431
2020,和歌山,田辺市,110,0034,負傷,0,1,2019/11/11 09:49,2019,11,11,9,49,月,その他,昼－昼,晴,市街地－その他,舗装－乾燥,単路－その他,施設なし,単路－5.5m以上,直線－平坦,単路（交差点付近を含む）,規制なし,中央線－ペイント,区分あり－縁石・ブロック等,人対車両,乗用車－普通車,歩行者,自家用,対象外当事者,乗用車,対象外当事者,55～64歳,55～64歳,損傷なし,負傷,対象外当事者,対象外当事者,40㎞／ｈ以下,対象外当事者,小破,対象外当事者,その他,対象外当事者,33.7011056,135.4012525
2020,和歌山,田辺市,110,0035,負傷,0,4,2020/02/25 14:10,2020,2,25,14,10,火,その他,昼－昼,曇,市街地－人口集中,舗装－乾燥,交差点付近－その他,点灯－３灯式,単路－5.5m以上,直線－平坦,単路（交差点付近を含む）,規制なし,中央線－ペイント,区分あり－縁石・ブロック等,車両相互,乗用車－軽自動車,乗用車－軽自動車,自家用,自家用,乗用車,乗用車,55～64歳,55～64歳,損傷なし,負傷,対象外当事者,対象外当事者,30㎞／ｈ以下,30㎞／ｈ以下,小破,小破,その他,その他,33.7332678,135.3724178
2020,和歌山,田辺市,110,0036,負傷,0,1,2020/02/29 16:55,2020,2,29,16,55,土,その他,昼－暮,雨,市街地－その他,舗装－湿潤,単路－その他,施設なし,単路－9.0m以上,直線－平坦,単路（交差点付近を含む）,規制なし,中央分離帯,区分あり－防護柵等,車両相互,貨物車－準中型車,乗用車－普通車,自家用,自家用,貨物車,乗用車,55～64歳,25～34歳,損傷なし,負傷,対象外当事者,対象外当事者,指定の速度規制なし等,指定の速度規制なし等,小破,小破,その他,その他,33.7234456,135.4036464
2020,和歌山,田辺市,110,0037,負傷,0,1,2020/03/04 08:50,2020,3,4,8,50,水,その他,昼－昼,雨,市街地－人口集中,舗装－湿潤,交差点－その他,施設なし,交差点－小（5.5m未満）－小,直線－平坦,交差点内,規制なし,中央分離なし,区分なし,車両相互,乗用車－軽自動車,二輪車－一般原付自転車,自家用,自家用,乗用車,対象外当事者,35～44歳,65～74歳,損傷なし,負傷,規制なし,標準－反射式,指定の速度規制なし等,指定の速度規制なし等,小破,小破,その他,対象外当事者,33.7351833,135.3567817
2020,和歌山,田辺市,110,0038,負傷,0,1,2019/04/23 14:50,2019,4,23,14,50,火,その他,昼－昼,晴,非市街地,舗装－乾燥,単路－カーブ・屈折,施設なし,単路－5.5m以上,カーブ・屈折－左－下り,単路（交差点付近を含む）,規制なし,中央線－ペイント,区分なし,人対車両,乗用車－普通車,歩行者,自家用,対象外当事者,乗用車,対象外当事者,35～44歳,65～74歳,損傷なし,負傷,対象外当事者,対象外当事者,指定の速度規制なし等,対象外当事者,小破,対象外当事者,その他,対象外当事者,34.0312239,135.5789664
2020,和歌山,田辺市,110,0039,負傷,0,1,2020/01/02 09:38,2020,1,2,9,38,木,その他,昼－昼,晴,市街地－その他,舗装－乾燥,単路－その他,施設なし,単路－13.0m以上,直線－平坦,単路（交差点付近を含む）,規制なし,中央分離帯,区分あり－縁石・ブロック等,車両相互,乗用車－軽自動車,貨物車－軽自動車,自家用,自家用,乗用車,貨物車,0～24歳,35～44歳,負傷,損傷なし,対象外当事者,対象外当事者,指定の速度規制なし等,指定の速度規制なし等,小破,中破,その他,その他,33.7181989,135.4073997
2020,和歌山,田辺市,110,0040,負傷,0,1,2020/03/17 00:13,2020,3,17,0,13,火,その他,夜－夜,晴,市街地－その他,舗装－乾燥,単路－その他,施設なし,単路－5.5m以上,直線－上り,単路（交差点付近を含む）,規制なし,中央分離帯,区分なし,車両相互,乗用車－普通車,貨物車－軽自動車,自家用,自家用,乗用車,貨物車,25～34歳,55～64歳,負傷,損傷なし,対象外当事者,対象外当事者,指定の速度規制なし等,指定の速度規制なし等,小破,小破,その他,その他,33.7135419,135.4060022
2020,和歌山,田辺市,110,0041,負傷,0,1,2020/03/17 14:00,2020,3,17,14,0,火,その他,昼－昼,晴,市街地－その他,舗装－乾燥,単路－その他,施設なし,単路－5.5m以上,直線－平坦,単路（交差点付近を含む）,規制なし,中央線－ペイント,区分あり－縁石・ブロック等,車両相互,乗用車－軽自動車,軽車両－自転車,自家用,対象外当事者,乗用車,対象外当事者,0～24歳,65～74歳,損傷なし,負傷,対象外当事者,対象外当事者,指定の速度規制なし等,対象外当事者,小破,小破,その他,対象外当事者,33.7360789,135.358975
2020,和歌山,上富田町,110,0042,負傷,0,2,2020/03/07 18:25,2020,3,7,18,25,土,その他,夜－暮,晴,非市街地,舗装－乾燥,単路－その他,施設なし,単路－5.5m以上,直線－平坦,単路（交差点付近を含む）,規制なし,中央線－ペイント,区分あり－縁石・ブロック等,車両相互,乗用車－軽自動車,貨物車－軽自動車,自家用,自家用,乗用車,貨物車,45～54歳,75歳以上,負傷,損傷なし,対象外当事者,対象外当事者,50㎞／ｈ以下,50㎞／ｈ以下,小破,小破,その他,その他,33.7152467,135.4580378
2020,和歌山,上富田町,110,0043,負傷,0,2,2020/03/08 16:26,2020,3,8,16,26,日,その他,昼－昼,晴,市街地－その他,舗装－乾燥,交差点付近－その他,点灯－３灯式,単路－5.5m以上,直線－平坦,単路（交差点付近を含む）,規制なし,中央線－ペイント,区分あり－縁石・ブロック等,車両相互,乗用車－軽自動車,貨物車－軽自動車,自家用,自家用,乗用車,貨物車,25～34歳,45～54歳,負傷,損傷なし,対象外当事者,対象外当事者,40㎞／ｈ以下,40㎞／ｈ以下,小破,小破,その他,その他,33.7017025,135.4172256
2020,和歌山,田辺市,110,0044,負傷,0,1,2020/03/08 11:50,2020,3,8,11,50,日,その他,昼－昼,雨,市街地－その他,舗装－湿潤,交差点付近－その他,点灯－３灯式,単路－9.0m以上,直線－平坦,単路（交差点付近を含む）,規制なし,中央線－ペイント,区分あり－縁石・ブロック等,車両相互,乗用車－普通車,乗用車－軽自動車,自家用,自家用,乗用車,乗用車,35～44歳,65～74歳,負傷,損傷なし,対象外当事者,対象外当事者,指定の速度規制なし等,指定の速度規制なし等,小破,中破,その他,その他,33.7089592,135.4077483
2020,和歌山,田辺市,110,0045,負傷,0,1,2020/03/13 12:25,2020,3,13,12,25,金,その他,昼－昼,晴,市街地－人口集中,舗装－乾燥,交差点付近－その他,点灯－３灯式,単路－13.0m以上,直線－下り,単路（交差点付近を含む）,規制なし,中央分離帯,区分あり－縁石・ブロック等,車両相互,乗用車－軽自動車,乗用車－軽自動車,自家用,自家用,乗用車,乗用車,35～44歳,45～54歳,損傷なし,負傷,対象外当事者,対象外当事者,指定の速度規制なし等,指定の速度規制なし等,小破,小破,その他,その他,33.7375933,135.3964736
2020,和歌山,田辺市,110,0046,負傷,0,1,2020/03/16 14:55,2020,3,16,14,55,月,その他,昼－昼,曇,市街地－その他,舗装－乾燥,交差点付近－その他,施設なし,単路－9.0m以上,直線－平坦,単路（交差点付近を含む）,規制なし,中央線－ペイント,区分あり－縁石・ブロック等,車両相互,乗用車－軽自動車,乗用車－軽自動車,自家用,自家用,乗用車,乗用車,45～54歳,65～74歳,損傷なし,負傷,対象外当事者,対象外当事者,指定の速度規制なし等,指定の速度規制なし等,小破,小破,その他,その他,33.707965,135.4002728
2020,和歌山,みなべ町,110,0047,負傷,0,1,2020/03/19 23:25,2020,3,19,23,25,木,前日,夜－夜,曇,市街地－その他,舗装－乾燥,交差点付近－その他,施設なし,単路－5.5m以上,直線－平坦,単路（交差点付近を含む）,規制なし,中央線－ペイント,区分あり－縁石・ブロック等,車両相互,乗用車－軽自動車,貨物車－軽自動車,自家用,自家用,乗用車,貨物車,55～64歳,25～34歳,損傷なし,負傷,対象外当事者,対象外当事者,50㎞／ｈ以下,50㎞／ｈ以下,中破,中破,その他,その他,33.7632872,135.3228667
2020,和歌山,みなべ町,110,0048,負傷,0,1,2020/03/15 10:00,2020,3,15,10,0,日,その他,昼－昼,晴,非市街地,舗装－乾燥,交差点－その他,施設なし,交差点－中（5.5m以上）－小,直線－平坦,交差点内,規制なし,中央分離なし,区分あり－縁石・ブロック等,車両相互,貨物車－軽自動車,二輪車－自動二輪－原付二種－51～125cc,自家用,自家用,貨物車,対象外当事者,65～74歳,65～74歳,損傷なし,負傷,規制なし,規制なし,指定の速度規制なし等,指定の速度規制なし等,小破,小破,その他,対象外当事者,33.7733308,135.3271717
2020,和歌山,田辺市,110,0049,負傷,0,1,2020/03/03 09:45,2020,3,3,9,45,火,その他,昼－昼,晴,非市街地,舗装－乾燥,単路－橋,施設なし,単路－5.5m以上,直線－上り,単路（交差点付近を含む）,規制なし,中央線－ペイント,区分あり－防護柵等,車両相互,乗用車－普通車,二輪車－自動二輪－軽二輪－126～250cc,自家用,自家用,乗用車,対象外当事者,65～74歳,65～74歳,損傷なし,負傷,対象外当事者,対象外当事者,50㎞／ｈ以下,50㎞／ｈ以下,小破,小破,その他,対象外当事者,33.8141531,135.5621856
2020,和歌山,串本町,111,0004,負傷,0,1,2020/03/04 10:10,2020,3,4,10,10,水,その他,昼－昼,雨,非市街地,舗装－湿潤,一般交通の場所,施設なし,一般交通の場所,一般交通の場所,その他,規制なし,一般交通の場所,区分なし,車両相互,貨物車－準中型車,貨物車－軽自動車,自家用,自家用,貨物車,貨物車,35～44歳,65～74歳,負傷,損傷なし,対象外当事者,対象外当事者,指定の速度規制なし等,指定の速度規制なし等,小破,小破,その他,その他,33.4842022,135.7638019
2020,和歌山,串本町,111,0005,負傷,0,2,2020/03/10 09:10,2020,3,10,9,10,火,その他,昼－昼,雨,非市街地,舗装－湿潤,交差点－その他,施設なし,交差点－中（5.5m以上）－中,直線－上り,交差点内,規制なし,中央線－ペイント,区分なし,車両相互,貨物車－普通車,貨物車－軽自動車,自家用,自家用,貨物車,貨物車,45～54歳,55～64歳,負傷,損傷なし,規制なし,規制なし,50㎞／ｈ以下,50㎞／ｈ以下,小破,小破,その他,その他,33.4875,135.7290917