対象年,都道府県,市区町村,警察署等コード,本票番号,事故内容,死者数,負傷者数,発生日時,発生年,発生月,発生日,発生時,発生分,曜日,祝日,昼夜,天候,地形,路面状態,道路形状,信号機,車道幅員,道路線形,衝突地点,ゾーン規制,中央分離帯施設等,歩車道区分,事故類型,当事者A 種別,当事者B 種別,当事者A 用途,当事者B 用途,当事者A 車両形状,当事者B 車両形状,当事者A 年齢,当事者B 年齢,当事者A 人身損傷程度,当事者B 人身損傷程度,当事者A 一時停止規制標識,当事者B 一時停止規制標識,当事者A 速度規制,当事者B 速度規制,当事者A 車両損壊程度,当事者B 車両損壊程度,当事者A エアバッグ,当事者B エアバッグ,緯度,経度
2020,和歌山,紀の川市,103,0060,負傷,0,1,2020/04/06 19:05,2020,4,6,19,5,月,その他,夜－暮,晴,市街地－その他,舗装－乾燥,単路－その他,施設なし,単路－5.5m以上,直線－平坦,単路（交差点付近を含む）,規制なし,中央線－ペイント,区分あり－縁石・ブロック等,車両相互,乗用車－普通車,乗用車－軽自動車,自家用,自家用,乗用車,乗用車,45～54歳,45～54歳,負傷,損傷なし,対象外当事者,対象外当事者,50㎞／ｈ以下,50㎞／ｈ以下,小破,小破,その他,その他,34.2631572,135.38533
2020,和歌山,岩出市,103,0061,負傷,0,1,2020/04/04 15:40,2020,4,4,15,40,土,その他,昼－昼,曇,市街地－その他,舗装－乾燥,単路－その他,施設なし,単路－5.5m以上,直線－平坦,単路（交差点付近を含む）,規制なし,中央線－ペイント,区分あり－縁石・ブロック等,車両相互,乗用車－普通車,乗用車－普通車,自家用,自家用,乗用車,乗用車,25～34歳,55～64歳,損傷なし,負傷,対象外当事者,対象外当事者,50㎞／ｈ以下,50㎞／ｈ以下,小破,小破,その他,その他,34.2719517,135.3151056
2020,和歌山,岩出市,103,0062,負傷,0,1,2020/04/21 06:38,2020,4,21,6,38,火,その他,昼－昼,晴,市街地－その他,舗装－乾燥,交差点－その他,点灯－３灯式,交差点－中（5.5m以上）－中,直線－平坦,交差点内,規制なし,中央分離なし,区分あり－縁石・ブロック等,車両相互,乗用車－普通車,乗用車－軽自動車,自家用,自家用,乗用車,乗用車,45～54歳,25～34歳,損傷なし,負傷,規制なし,規制なし,50㎞／ｈ以下,50㎞／ｈ以下,小破,中破,その他,装備あり 作動,34.2784525,135.3045039
2020,和歌山,岩出市,103,0063,負傷,0,1,2020/04/21 06:30,2020,4,21,6,30,火,その他,昼－昼,曇,市街地－その他,舗装－乾燥,単路－その他,施設なし,単路－5.5m以上,直線－平坦,単路（交差点付近を含む）,規制なし,中央線－ペイント,区分あり－路側帯,車両相互,乗用車－軽自動車,乗用車－軽自動車,自家用,自家用,乗用車,乗用車,0～24歳,25～34歳,損傷なし,負傷,対象外当事者,対象外当事者,指定の速度規制なし等,指定の速度規制なし等,小破,小破,その他,その他,34.263405,135.3318569
2020,和歌山,岩出市,103,0064,負傷,0,1,2020/04/28 11:05,2020,4,28,11,5,火,前日,昼－昼,晴,非市街地,舗装－乾燥,交差点－その他,点灯－３灯式,交差点－中（5.5m以上）－小,直線－平坦,交差点内,規制なし,中央分離なし,区分あり－縁石・ブロック等,車両相互,乗用車－軽自動車,貨物車－軽自動車,自家用,自家用,乗用車,貨物車,45～54歳,35～44歳,負傷,損傷なし,規制なし,規制なし,40㎞／ｈ以下,40㎞／ｈ以下,小破,小破,その他,その他,34.2674292,135.2854211
2020,和歌山,和歌山市,104,0106,負傷,0,1,2020/03/24 09:20,2020,3,24,9,20,火,その他,昼－昼,晴,市街地－その他,舗装－乾燥,単路－その他,施設なし,単路－9.0m以上,直線－平坦,単路（交差点付近を含む）,規制なし,中央分離帯,区分あり－縁石・ブロック等,車両相互,乗用車－普通車,二輪車－一般原付自転車,自家用,自家用,乗用車,対象外当事者,45～54歳,75歳以上,損傷なし,負傷,対象外当事者,対象外当事者,50㎞／ｈ以下,指定の速度規制なし等,小破,小破,その他,対象外当事者,34.2146367,135.1943817
2020,和歌山,和歌山市,104,0107,負傷,0,1,2020/03/29 13:47,2020,3,29,13,47,日,その他,昼－昼,晴,市街地－人口集中,舗装－乾燥,交差点－その他,点灯－３灯式,交差点－中（5.5m以上）－小,直線－平坦,交差点内,規制なし,中央分離帯,区分あり－縁石・ブロック等,車両相互,乗用車－軽自動車,乗用車－軽自動車,自家用,自家用,乗用車,乗用車,35～44歳,0～24歳,損傷なし,負傷,規制なし,規制なし,50㎞／ｈ以下,50㎞／ｈ以下,小破,小破,その他,その他,34.2296983,135.1987561
2020,和歌山,和歌山市,104,0108,負傷,0,1,2020/03/01 08:15,2020,3,1,8,15,日,その他,昼－昼,曇,市街地－人口集中,舗装－湿潤,交差点－その他,点灯－３灯式,交差点－大（13.0ｍ以上）－中,直線－平坦,交差点内,規制なし,中央分離帯,区分あり－縁石・ブロック等,車両相互,乗用車－軽自動車,乗用車－軽自動車,自家用,自家用,乗用車,乗用車,0～24歳,55～64歳,損傷なし,負傷,規制なし,規制なし,50㎞／ｈ以下,50㎞／ｈ以下,小破,小破,その他,その他,34.2612953,135.2177703
2020,和歌山,和歌山市,104,0109,負傷,0,1,2020/03/25 14:55,2020,3,25,14,55,水,その他,昼－昼,晴,市街地－その他,舗装－乾燥,一般交通の場所,施設なし,一般交通の場所,一般交通の場所,その他,規制なし,一般交通の場所,区分なし,人対車両,乗用車－普通車,歩行者,自家用,対象外当事者,乗用車,対象外当事者,75歳以上,65～74歳,損傷なし,負傷,対象外当事者,対象外当事者,指定の速度規制なし等,対象外当事者,小破,対象外当事者,その他,対象外当事者,34.2036911,135.2362875
2020,和歌山,和歌山市,104,0110,負傷,0,1,2020/03/25 14:53,2020,3,25,14,53,水,その他,昼－昼,晴,市街地－人口集中,舗装－乾燥,交差点－その他,点灯－３灯式,交差点－大（13.0ｍ以上）－大,直線－平坦,交差点内,規制なし,中央線－ペイント,区分あり－縁石・ブロック等,車両相互,乗用車－軽自動車,軽車両－自転車,自家用,対象外当事者,乗用車,対象外当事者,0～24歳,0～24歳,損傷なし,負傷,規制なし,規制なし,50㎞／ｈ以下,対象外当事者,小破,小破,その他,対象外当事者,34.2319775,135.1894472
2020,和歌山,和歌山市,104,0111,負傷,0,2,2020/03/17 10:36,2020,3,17,10,36,火,その他,昼－昼,晴,市街地－人口集中,舗装－乾燥,交差点付近－その他,点灯－３灯式,単路－3.5m以上,直線－平坦,単路（交差点付近を含む）,規制なし,中央線－ペイント,区分あり－路側帯,車両相互,乗用車－普通車,貨物車－普通車,自家用,自家用,乗用車,貨物車,75歳以上,0～24歳,負傷,損傷なし,対象外当事者,対象外当事者,50㎞／ｈ以下,50㎞／ｈ以下,小破,小破,その他,その他,34.2448558,135.1979269
2020,和歌山,和歌山市,104,0112,負傷,0,1,2020/02/15 08:34,2020,2,15,8,34,土,その他,昼－昼,晴,市街地－人口集中,舗装－乾燥,交差点－その他,施設なし,交差点－中（5.5m以上）－小,直線－平坦,交差点内,規制なし,中央線－ペイント,区分あり－縁石・ブロック等,車両相互,乗用車－普通車,二輪車－一般原付自転車,自家用,自家用,乗用車,対象外当事者,25～34歳,75歳以上,損傷なし,負傷,規制なし,標準－反射式,指定の速度規制なし等,指定の速度規制なし等,小破,小破,その他,対象外当事者,34.2619981,135.2018722
2020,和歌山,和歌山市,104,0113,負傷,0,1,2020/03/04 06:27,2020,3,4,6,27,水,その他,昼－明,雨,市街地－人口集中,舗装－湿潤,交差点付近－その他,点灯－３灯式,単路－13.0m以上,直線－平坦,単路（交差点付近を含む）,規制なし,中央分離帯,区分あり－縁石・ブロック等,車両相互,乗用車－普通車,乗用車－軽自動車,自家用,自家用,乗用車,乗用車,35～44歳,0～24歳,負傷,損傷なし,対象外当事者,対象外当事者,50㎞／ｈ以下,50㎞／ｈ以下,小破,小破,その他,その他,34.2225964,135.1901275
2020,和歌山,和歌山市,104,0114,負傷,0,1,2020/03/29 18:15,2020,3,29,18,15,日,その他,昼－暮,晴,市街地－人口集中,舗装－乾燥,交差点－その他,点灯－３灯式,交差点－大（13.0ｍ以上）－中,直線－平坦,交差点内,規制なし,中央線－ペイント,区分あり－縁石・ブロック等,車両相互,乗用車－普通車,軽車両－自転車,自家用,対象外当事者,乗用車,対象外当事者,75歳以上,35～44歳,損傷なし,負傷,規制なし,規制なし,50㎞／ｈ以下,対象外当事者,小破,小破,その他,対象外当事者,34.2376825,135.1877825
2020,和歌山,和歌山市,104,0115,負傷,0,1,2020/03/31 12:25,2020,3,31,12,25,火,その他,昼－昼,曇,市街地－人口集中,舗装－乾燥,交差点付近－その他,点灯－３灯式,単路－13.0m以上,直線－平坦,単路（交差点付近を含む）,規制なし,中央分離帯,区分あり－縁石・ブロック等,車両相互,乗用車－軽自動車,貨物車－軽自動車,自家用,自家用,乗用車,貨物車,55～64歳,45～54歳,負傷,損傷なし,対象外当事者,対象外当事者,50㎞／ｈ以下,50㎞／ｈ以下,小破,小破,その他,その他,34.2280647,135.1897128
2020,和歌山,和歌山市,104,0116,負傷,0,1,2020/04/04 14:00,2020,4,4,14,0,土,その他,昼－昼,晴,市街地－その他,舗装－乾燥,交差点－その他,施設なし,交差点－小（5.5m未満）－小,直線－平坦,交差点内,規制なし,中央分離なし,区分なし,車両相互,乗用車－普通車,乗用車－軽自動車,自家用,自家用,乗用車,乗用車,0～24歳,75歳以上,負傷,損傷なし,規制なし,標準－反射式,30㎞／ｈ以下,40㎞／ｈ以下,小破,小破,その他,その他,34.2464306,135.2754158
2020,和歌山,和歌山市,104,0117,負傷,0,1,2020/03/26 19:14,2020,3,26,19,14,木,その他,夜－暮,晴,市街地－人口集中,舗装－乾燥,交差点－その他,施設なし,交差点－大（13.0ｍ以上）－大,直線－平坦,交差点内,規制なし,中央分離帯,区分なし,車両相互,乗用車－普通車,二輪車－自動二輪－原付二種－51～125cc,自家用,自家用,乗用車,対象外当事者,0～24歳,45～54歳,損傷なし,負傷,規制なし,規制なし,50㎞／ｈ以下,50㎞／ｈ以下,小破,大破,その他,対象外当事者,34.2282778,135.1897972
2020,和歌山,和歌山市,104,0118,負傷,0,1,2020/03/30 18:05,2020,3,30,18,5,月,その他,昼－暮,曇,市街地－その他,舗装－湿潤,交差点－その他,点灯－３灯式,交差点－大（13.0ｍ以上）－小,直線－平坦,交差点内,規制なし,中央線－ペイント,区分あり－縁石・ブロック等,車両相互,乗用車－普通車,二輪車－一般原付自転車,自家用,自家用,乗用車,対象外当事者,25～34歳,0～24歳,損傷なし,負傷,規制なし,規制なし,50㎞／ｈ以下,指定の速度規制なし等,小破,中破,その他,対象外当事者,34.2034067,135.184905
2020,和歌山,和歌山市,104,0119,負傷,0,1,2020/04/07 08:00,2020,4,7,8,0,火,その他,昼－昼,晴,市街地－その他,舗装－乾燥,交差点付近－その他,点灯－３灯式,単路－3.5m以上,直線－平坦,単路（交差点付近を含む）,規制なし,中央線－ペイント,区分あり－路側帯,車両相互,乗用車－普通車,貨物車－普通車,自家用,自家用,乗用車,貨物車,45～54歳,65～74歳,負傷,損傷なし,対象外当事者,対象外当事者,40㎞／ｈ以下,40㎞／ｈ以下,小破,小破,その他,その他,34.2381572,135.2122375
2020,和歌山,和歌山市,104,0120,負傷,0,1,2020/04/10 15:50,2020,4,10,15,50,金,その他,昼－昼,晴,市街地－人口集中,舗装－乾燥,交差点－その他,点滅－１灯式,交差点－小（5.5m未満）－小,直線－平坦,交差点内,規制なし,中央線－ペイント,区分なし,車両相互,貨物車－軽自動車,二輪車－自動二輪－原付二種－51～125cc,自家用,自家用,貨物車,対象外当事者,65～74歳,55～64歳,損傷なし,負傷,規制なし,規制なし,指定の速度規制なし等,30㎞／ｈ以下,小破,小破,その他,対象外当事者,34.2306344,135.1934158
2020,和歌山,和歌山市,104,0121,負傷,0,1,2020/04/04 18:08,2020,4,4,18,8,土,その他,昼－暮,晴,市街地－人口集中,舗装－乾燥,交差点－その他,点灯－３灯式,交差点－中（5.5m以上）－小,直線－平坦,交差点内,規制なし,中央線－ペイント,区分あり－縁石・ブロック等,車両相互,乗用車－普通車,軽車両－自転車,自家用,対象外当事者,乗用車,対象外当事者,55～64歳,0～24歳,損傷なし,負傷,規制なし,規制なし,指定の速度規制なし等,対象外当事者,小破,小破,その他,対象外当事者,34.2445431,135.1938119
2020,和歌山,和歌山市,104,0122,負傷,0,2,2020/02/20 09:00,2020,2,20,9,0,木,その他,昼－昼,晴,市街地－その他,舗装－乾燥,交差点－その他,施設なし,交差点－中（5.5m以上）－中,直線－平坦,交差点内,規制なし,中央線－ペイント,区分あり－縁石・ブロック等,車両相互,貨物車－準中型車,乗用車－軽自動車,事業用,自家用,貨物車,乗用車,35～44歳,25～34歳,損傷なし,負傷,標準－反射式,標準－反射式,50㎞／ｈ以下,50㎞／ｈ以下,小破,小破,その他,その他,34.2625519,135.2490636
2020,和歌山,和歌山市,104,0123,負傷,0,1,2020/04/02 15:25,2020,4,2,15,25,木,その他,昼－昼,晴,市街地－その他,舗装－乾燥,単路－その他,施設なし,単路－5.5m以上,直線－平坦,単路（交差点付近を含む）,規制なし,中央線－ペイント,区分あり－縁石・ブロック等,車両相互,乗用車－軽自動車,二輪車－一般原付自転車,自家用,自家用,乗用車,対象外当事者,25～34歳,55～64歳,損傷なし,負傷,対象外当事者,対象外当事者,50㎞／ｈ以下,30㎞／ｈ以下,小破,小破,その他,対象外当事者,34.2448233,135.1959019
2020,和歌山,和歌山市,104,0124,負傷,0,1,2020/04/09 15:15,2020,4,9,15,15,木,その他,昼－昼,晴,市街地－人口集中,舗装－乾燥,単路－その他,施設なし,単路－3.5m以上,直線－平坦,単路（交差点付近を含む）,規制なし,中央線－ペイント,区分あり－縁石・ブロック等,車両相互,乗用車－普通車,乗用車－軽自動車,自家用,自家用,乗用車,乗用車,55～64歳,75歳以上,負傷,損傷なし,対象外当事者,対象外当事者,50㎞／ｈ以下,50㎞／ｈ以下,中破,中破,その他,装備あり 作動,34.2449142,135.2035153
2020,和歌山,和歌山市,104,0125,負傷,0,1,2020/04/21 08:50,2020,4,21,8,50,火,その他,昼－昼,曇,市街地－その他,舗装－乾燥,交差点－その他,施設なし,交差点－小（5.5m未満）－小,直線－平坦,交差点内,規制なし,中央分離なし,区分なし,人対車両,乗用車－普通車,歩行者,自家用,対象外当事者,乗用車,対象外当事者,45～54歳,0～24歳,損傷なし,負傷,規制なし,対象外当事者,指定の速度規制なし等,対象外当事者,小破,対象外当事者,その他,対象外当事者,34.2439031,135.2890994
2020,和歌山,和歌山市,104,0126,負傷,0,1,2020/04/11 19:25,2020,4,11,19,25,土,その他,夜－暮,晴,市街地－人口集中,舗装－乾燥,交差点－その他,施設なし,交差点－中（5.5m以上）－小,直線－平坦,交差点内,規制なし,中央分離なし,区分あり－縁石・ブロック等,車両相互,乗用車－普通車,二輪車－自動二輪－軽二輪－126～250cc,自家用,自家用,乗用車,対象外当事者,25～34歳,0～24歳,損傷なし,負傷,標準－反射式,規制なし,指定の速度規制なし等,50㎞／ｈ以下,小破,小破,その他,対象外当事者,34.2196478,135.1872031
2020,和歌山,和歌山市,104,0127,負傷,0,1,2020/04/17 18:10,2020,4,17,18,10,金,その他,昼－暮,曇,市街地－人口集中,舗装－乾燥,交差点付近－その他,施設なし,単路－3.5m以上,直線－平坦,単路（交差点付近を含む）,規制なし,中央分離なし,区分あり－路側帯,車両相互,乗用車－普通車,二輪車－自動二輪－原付二種－51～125cc,自家用,自家用,乗用車,対象外当事者,0～24歳,55～64歳,損傷なし,負傷,対象外当事者,対象外当事者,指定の速度規制なし等,指定の速度規制なし等,小破,小破,その他,対象外当事者,34.2127997,135.1896692
2020,和歌山,和歌山市,104,0128,負傷,0,1,2020/04/20 20:50,2020,4,20,20,50,月,その他,夜－夜,晴,市街地－人口集中,舗装－乾燥,単路－その他,施設なし,単路－5.5m以上,直線－平坦,単路（交差点付近を含む）,ゾーン30,中央線－ペイント,区分あり－路側帯,人対車両,乗用車－軽自動車,歩行者,自家用,対象外当事者,乗用車,対象外当事者,35～44歳,25～34歳,損傷なし,負傷,対象外当事者,対象外当事者,30㎞／ｈ以下,対象外当事者,小破,対象外当事者,その他,対象外当事者,34.2268947,135.1973997
2020,和歌山,和歌山市,104,0129,負傷,0,1,2020/04/08 21:14,2020,4,8,21,14,水,その他,夜－夜,晴,市街地－人口集中,舗装－乾燥,交差点－その他,点灯－３灯式,交差点－大（13.0ｍ以上）－小,直線－平坦,交差点内,規制なし,中央分離なし,区分あり－縁石・ブロック等,車両相互,乗用車－軽自動車,軽車両－自転車,自家用,対象外当事者,乗用車,対象外当事者,55～64歳,45～54歳,損傷なし,負傷,規制なし,規制なし,指定の速度規制なし等,対象外当事者,小破,小破,その他,対象外当事者,34.2052003,135.1849447
2020,和歌山,和歌山市,104,0130,負傷,0,2,2020/03/07 18:40,2020,3,7,18,40,土,その他,夜－暮,晴,市街地－人口集中,舗装－乾燥,交差点－その他,施設なし,交差点－中（5.5m以上）－小,直線－平坦,交差点内,規制なし,中央分離なし,区分あり－縁石・ブロック等,車両相互,乗用車－普通車,乗用車－普通車,自家用,自家用,乗用車,乗用車,0～24歳,35～44歳,損傷なし,負傷,標準－反射式,規制なし,指定の速度規制なし等,50㎞／ｈ以下,小破,小破,その他,その他,34.2354786,135.1782519
2020,和歌山,和歌山市,104,0131,負傷,0,1,2020/04/04 09:05,2020,4,4,9,5,土,その他,昼－昼,晴,市街地－人口集中,舗装－乾燥,交差点－その他,点灯－３灯式,交差点－大（13.0ｍ以上）－小,直線－平坦,交差点内,規制なし,中央分離なし,区分あり－縁石・ブロック等,車両相互,乗用車－普通車,乗用車－普通車,自家用,自家用,乗用車,乗用車,65～74歳,35～44歳,損傷なし,負傷,規制なし,規制なし,30㎞／ｈ以下,30㎞／ｈ以下,小破,小破,その他,その他,34.2624811,135.1979181
2020,和歌山,和歌山市,104,0132,負傷,0,1,2020/04/24 10:40,2020,4,24,10,40,金,その他,昼－昼,晴,市街地－人口集中,舗装－乾燥,交差点－その他,点灯－３灯式,交差点－大（13.0ｍ以上）－小,直線－平坦,交差点内,規制なし,中央分離なし,区分あり－縁石・ブロック等,人対車両,貨物車－軽自動車,歩行者,自家用,対象外当事者,貨物車,対象外当事者,75歳以上,25～34歳,損傷なし,負傷,規制なし,対象外当事者,50㎞／ｈ以下,対象外当事者,小破,対象外当事者,その他,対象外当事者,34.2624258,135.1978761
2020,和歌山,和歌山市,105,0067,負傷,0,1,2020/03/21 14:55,2020,3,21,14,55,土,その他,昼－昼,晴,市街地－人口集中,舗装－乾燥,単路－その他,施設なし,単路－5.5m以上,直線－下り,単路（交差点付近を含む）,規制なし,中央線－ペイント,区分あり－縁石・ブロック等,車両相互,乗用車－普通車,二輪車－一般原付自転車,自家用,自家用,乗用車,対象外当事者,55～64歳,35～44歳,損傷なし,負傷,対象外当事者,対象外当事者,40㎞／ｈ以下,指定の速度規制なし等,小破,小破,その他,対象外当事者,34.2212172,135.1752969
2020,和歌山,和歌山市,105,0068,負傷,0,1,2020/03/21 17:00,2020,3,21,17,0,土,その他,昼－昼,晴,市街地－人口集中,舗装－乾燥,単路－カーブ・屈折,施設なし,単路－13.0m以上,カーブ・屈折－左－上り,単路（交差点付近を含む）,規制なし,中央線－ペイント,区分あり－縁石・ブロック等,車両相互,乗用車－普通車,乗用車－普通車,自家用,自家用,乗用車,乗用車,35～44歳,35～44歳,損傷なし,負傷,対象外当事者,対象外当事者,50㎞／ｈ以下,50㎞／ｈ以下,小破,小破,その他,その他,34.2256594,135.1710189
2020,和歌山,和歌山市,105,0069,負傷,0,1,2020/02/17 09:36,2020,2,17,9,36,月,その他,昼－昼,曇,市街地－人口集中,舗装－乾燥,交差点－その他,点灯－３灯式,交差点－中（5.5m以上）－中,直線－下り,交差点内,規制なし,中央分離帯,区分あり－縁石・ブロック等,車両相互,乗用車－軽自動車,二輪車－一般原付自転車,自家用,自家用,乗用車,対象外当事者,65～74歳,55～64歳,損傷なし,負傷,規制なし,規制なし,50㎞／ｈ以下,指定の速度規制なし等,小破,小破,その他,対象外当事者,34.200765,135.1804375
2020,和歌山,和歌山市,105,0070,負傷,0,1,2020/03/26 09:55,2020,3,26,9,55,木,その他,昼－昼,晴,市街地－人口集中,舗装－乾燥,単路－その他,施設なし,単路－5.5m以上,直線－平坦,単路（交差点付近を含む）,規制なし,中央線－ペイント,区分あり－路側帯,車両相互,乗用車－軽自動車,貨物車－軽自動車,自家用,自家用,乗用車,貨物車,45～54歳,35～44歳,負傷,損傷なし,対象外当事者,対象外当事者,40㎞／ｈ以下,40㎞／ｈ以下,小破,小破,その他,その他,34.2185853,135.1587528
2020,和歌山,和歌山市,105,0071,負傷,0,1,2020/03/06 17:09,2020,3,6,17,9,金,その他,昼－暮,晴,市街地－人口集中,舗装－乾燥,交差点－その他,点灯－３灯式,交差点－大（13.0ｍ以上）－中,直線－平坦,交差点内,規制なし,中央線－ペイント,区分あり－縁石・ブロック等,車両相互,乗用車－普通車,軽車両－自転車,自家用,対象外当事者,乗用車,対象外当事者,55～64歳,55～64歳,損傷なし,負傷,規制なし,規制なし,50㎞／ｈ以下,対象外当事者,小破,小破,その他,対象外当事者,34.2358419,135.1672061
2020,和歌山,和歌山市,105,0072,負傷,0,1,2020/03/26 07:50,2020,3,26,7,50,木,その他,昼－昼,晴,市街地－人口集中,舗装－乾燥,交差点－その他,施設なし,交差点－小（5.5m未満）－小,直線－平坦,交差点内,規制なし,中央分離なし,区分あり－路側帯,車両相互,乗用車－普通車,貨物車－軽自動車,自家用,自家用,乗用車,貨物車,25～34歳,75歳以上,負傷,損傷なし,規制なし,規制なし,指定の速度規制なし等,指定の速度規制なし等,小破,小破,その他,その他,34.2071831,135.1606589
2020,和歌山,和歌山市,105,0073,負傷,0,1,2020/03/31 20:51,2020,3,31,20,51,火,その他,夜－夜,曇,市街地－人口集中,舗装－湿潤,交差点付近－その他,点灯－３灯式,単路－9.0m以上,カーブ・屈折－左－平坦,単路（交差点付近を含む）,規制なし,中央分離帯,区分あり－縁石・ブロック等,車両相互,乗用車－普通車,対象外当事者,自家用,対象外当事者,乗用車,対象外当事者,25～34歳,不明,負傷,対象外当事者,対象外当事者,対象外当事者,50㎞／ｈ以下,対象外当事者,中破,対象外当事者,その他,対象外当事者,34.2170853,135.1784547
2020,和歌山,和歌山市,105,0074,負傷,0,1,2020/04/11 12:00,2020,4,11,12,0,土,その他,昼－昼,晴,市街地－人口集中,舗装－乾燥,交差点－その他,施設なし,交差点－中（5.5m以上）－小,直線－平坦,交差点内,規制なし,中央線－ペイント,区分あり－縁石・ブロック等,車両相互,乗用車－軽自動車,乗用車－軽自動車,自家用,自家用,乗用車,乗用車,45～54歳,55～64歳,損傷なし,負傷,標準－反射式,規制なし,50㎞／ｈ以下,50㎞／ｈ以下,小破,小破,その他,その他,34.2161872,135.1781008
2020,和歌山,和歌山市,105,0075,負傷,0,1,2020/04/10 07:00,2020,4,10,7,0,金,その他,昼－昼,晴,市街地－人口集中,舗装－乾燥,交差点－その他,施設なし,交差点－中（5.5m以上）－小,直線－平坦,交差点内,規制なし,中央線－ペイント,区分あり－縁石・ブロック等,車両相互,乗用車－普通車,軽車両－自転車,自家用,対象外当事者,乗用車,対象外当事者,35～44歳,35～44歳,損傷なし,負傷,標準－反射式,規制なし,40㎞／ｈ以下,対象外当事者,小破,小破,その他,対象外当事者,34.2415797,135.1766531
2020,和歌山,和歌山市,105,0076,負傷,0,1,2020/03/12 14:50,2020,3,12,14,50,木,その他,昼－昼,晴,市街地－人口集中,舗装－乾燥,交差点－その他,施設なし,交差点－小（5.5m未満）－小,直線－平坦,交差点内,規制なし,中央分離なし,区分なし,車両相互,乗用車－普通車,乗用車－軽自動車,自家用,自家用,乗用車,乗用車,35～44歳,35～44歳,損傷なし,負傷,標準－反射式,規制なし,指定の速度規制なし等,指定の速度規制なし等,小破,小破,その他,その他,34.1871747,135.1693017
2020,和歌山,和歌山市,105,0077,負傷,0,1,2019/11/17 17:15,2019,11,17,17,15,日,その他,夜－暮,晴,市街地－人口集中,舗装－乾燥,交差点－その他,点灯－３灯式,交差点－中（5.5m以上）－小,直線－平坦,交差点内,規制なし,中央線－ペイント,区分あり－縁石・ブロック等,人対車両,乗用車－普通車,歩行者,自家用,対象外当事者,乗用車,対象外当事者,75歳以上,75歳以上,損傷なし,負傷,規制なし,対象外当事者,50㎞／ｈ以下,対象外当事者,小破,対象外当事者,その他,対象外当事者,34.1881367,135.1775133
2020,和歌山,和歌山市,105,0078,負傷,0,1,2019/10/21 11:18,2019,10,21,11,18,月,前日,昼－昼,曇,市街地－人口集中,舗装－乾燥,一般交通の場所,施設なし,一般交通の場所,一般交通の場所,その他,規制なし,一般交通の場所,区分なし,車両単独,乗用車－普通車,物件等,自家用,対象外当事者,乗用車,対象外当事者,75歳以上,不明,損傷なし,対象外当事者,対象外当事者,対象外当事者,指定の速度規制なし等,対象外当事者,中破,対象外当事者,その他,対象外当事者,34.1715203,135.1943983
2020,和歌山,和歌山市,105,0079,負傷,0,1,2020/03/25 13:05,2020,3,25,13,5,水,その他,昼－昼,晴,市街地－人口集中,舗装－乾燥,単路－その他,施設なし,単路－9.0m以上,直線－平坦,単路（交差点付近を含む）,規制なし,中央線－ペイント,区分あり－路側帯,車両相互,乗用車－普通車,軽車両－自転車,自家用,対象外当事者,乗用車,対象外当事者,0～24歳,55～64歳,損傷なし,負傷,対象外当事者,対象外当事者,40㎞／ｈ以下,対象外当事者,小破,小破,その他,対象外当事者,34.2367617,135.1744106
2020,和歌山,和歌山市,105,0080,負傷,0,1,2020/04/07 13:00,2020,4,7,13,0,火,その他,昼－昼,晴,市街地－人口集中,舗装－乾燥,交差点－その他,施設なし,交差点－中（5.5m以上）－小,直線－平坦,交差点内,規制なし,中央分離なし,区分あり－縁石・ブロック等,車両相互,乗用車－普通車,軽車両－自転車,自家用,対象外当事者,乗用車,対象外当事者,65～74歳,0～24歳,損傷なし,負傷,規制なし,標準－反射式,40㎞／ｈ以下,対象外当事者,小破,小破,その他,対象外当事者,34.2216406,135.1641525
2020,和歌山,和歌山市,105,0081,負傷,0,1,2020/04/17 16:45,2020,4,17,16,45,金,その他,昼－昼,曇,市街地－人口集中,舗装－乾燥,交差点－その他,施設なし,交差点－中（5.5m以上）－小,直線－平坦,交差点内,規制なし,中央分離なし,区分あり－縁石・ブロック等,車両相互,乗用車－軽自動車,軽車両－自転車,自家用,対象外当事者,乗用車,対象外当事者,25～34歳,45～54歳,損傷なし,負傷,標準－反射式,規制なし,指定の速度規制なし等,対象外当事者,小破,小破,その他,対象外当事者,34.2377883,135.1753075
2020,和歌山,和歌山市,105,0082,負傷,0,1,2020/03/31 12:41,2020,3,31,12,41,火,その他,昼－昼,晴,市街地－人口集中,舗装－乾燥,交差点付近－その他,施設なし,単路－5.5m以上,直線－平坦,単路（交差点付近を含む）,規制なし,中央分離帯,区分あり－縁石・ブロック等,車両相互,乗用車－普通車,二輪車－自動二輪－原付二種－51～125cc,自家用,自家用,乗用車,対象外当事者,25～34歳,55～64歳,損傷なし,負傷,対象外当事者,対象外当事者,50㎞／ｈ以下,50㎞／ｈ以下,小破,小破,その他,対象外当事者,34.2331839,135.1769383
2020,和歌山,和歌山市,105,0083,負傷,0,1,2020/04/17 07:39,2020,4,17,7,39,金,その他,昼－昼,晴,市街地－人口集中,舗装－乾燥,単路－その他,施設なし,単路－3.5m以上,直線－平坦,単路（交差点付近を含む）,規制なし,中央線－ペイント,区分あり－縁石・ブロック等,人対車両,歩行者,対象外当事者,対象外当事者,対象外当事者,対象外当事者,対象外当事者,45～54歳,不明,負傷,対象外当事者,対象外当事者,対象外当事者,対象外当事者,対象外当事者,対象外当事者,対象外当事者,対象外当事者,対象外当事者,34.1991972,135.1890222