対象年,都道府県,市区町村,警察署等コード,本票番号,事故内容,死者数,負傷者数,発生日時,発生年,発生月,発生日,発生時,発生分,曜日,祝日,昼夜,天候,地形,路面状態,道路形状,信号機,車道幅員,道路線形,衝突地点,ゾーン規制,中央分離帯施設等,歩車道区分,事故類型,当事者A 種別,当事者B 種別,当事者A 用途,当事者B 用途,当事者A 車両形状,当事者B 車両形状,当事者A 年齢,当事者B 年齢,当事者A 人身損傷程度,当事者B 人身損傷程度,当事者A 一時停止規制標識,当事者B 一時停止規制標識,当事者A 速度規制,当事者B 速度規制,当事者A 車両損壊程度,当事者B 車両損壊程度,当事者A エアバッグ,当事者B エアバッグ,緯度,経度
2020,和歌山,有田市,107,0015,負傷,0,1,2020/08/29 08:20,2020,8,29,8,20,土,その他,昼－昼,晴,非市街地,舗装－乾燥,交差点－その他,施設なし,交差点－中（5.5m以上）－小,直線－下り,交差点内,規制なし,中央線－ペイント,区分あり－縁石・ブロック等,車両相互,乗用車－普通車,乗用車－軽自動車,自家用,自家用,乗用車,乗用車,35～44歳,0～24歳,負傷,損傷なし,規制なし,規制なし,50㎞／ｈ以下,50㎞／ｈ以下,小破,中破,その他,その他,34.0762864,135.1735353
2020,和歌山,有田川町,108,0028,負傷,0,1,2020/08/03 09:53,2020,8,3,9,53,月,その他,昼－昼,晴,非市街地,舗装－乾燥,交差点付近－その他,施設なし,単路－5.5m以上,カーブ・屈折－右－平坦,単路（交差点付近を含む）,規制なし,中央線－ペイント,区分あり－縁石・ブロック等,車両相互,乗用車－普通車,二輪車－一般原付自転車,自家用,自家用,乗用車,対象外当事者,65～74歳,0～24歳,損傷なし,負傷,対象外当事者,対象外当事者,指定の速度規制なし等,指定の速度規制なし等,小破,小破,その他,対象外当事者,34.0583381,135.2048994
2020,和歌山,由良町,109,0042,負傷,0,1,2020/08/31 18:50,2020,8,31,18,50,月,その他,夜－暮,晴,非市街地,舗装－乾燥,交差点－その他,点灯－３灯式,交差点－中（5.5m以上）－中,直線－平坦,交差点内,規制なし,中央線－ペイント,区分あり－縁石・ブロック等,車両相互,乗用車－軽自動車,二輪車－自動二輪－小型二輪－251～400cc,自家用,自家用,乗用車,対象外当事者,65～74歳,55～64歳,損傷なし,負傷,規制なし,規制なし,50㎞／ｈ以下,50㎞／ｈ以下,小破,小破,その他,対象外当事者,33.9640806,135.1229422
2020,和歌山,御坊市,109,0043,負傷,0,1,2020/09/12 09:25,2020,9,12,9,25,土,その他,昼－昼,晴,市街地－人口集中,舗装－乾燥,交差点－その他,点灯－３灯式,交差点－中（5.5m以上）－中,直線－平坦,交差点内,規制なし,中央分離なし,区分あり－縁石・ブロック等,車両相互,貨物車－軽自動車,二輪車－自動二輪－軽二輪－126～250cc,自家用,自家用,貨物車,対象外当事者,65～74歳,25～34歳,損傷なし,負傷,規制なし,規制なし,50㎞／ｈ以下,50㎞／ｈ以下,小破,小破,その他,対象外当事者,33.8979139,135.1499986
2020,和歌山,田辺市,110,0095,負傷,0,1,2020/08/10 14:07,2020,8,10,14,7,月,当日,昼－昼,晴,非市街地,舗装－乾燥,単路－その他,施設なし,単路－5.5m以上,直線－平坦,単路（交差点付近を含む）,規制なし,中央線－ペイント,区分あり－縁石・ブロック等,車両相互,乗用車－普通車,乗用車－軽自動車,自家用,自家用,乗用車,乗用車,25～34歳,65～74歳,負傷,損傷なし,対象外当事者,対象外当事者,指定の速度規制なし等,指定の速度規制なし等,小破,中破,その他,装備あり 作動,33.7017817,135.3923047
2020,和歌山,上富田町,110,0096,負傷,0,2,2020/08/26 17:42,2020,8,26,17,42,水,その他,昼－暮,晴,非市街地,舗装－乾燥,交差点付近－その他,点灯－３灯式,単路－5.5m以上,直線－平坦,単路（交差点付近を含む）,規制なし,中央線－ペイント,区分あり－縁石・ブロック等,車両相互,乗用車－普通車,乗用車－軽自動車,自家用,自家用,乗用車,乗用車,55～64歳,0～24歳,損傷なし,負傷,対象外当事者,対象外当事者,指定の速度規制なし等,指定の速度規制なし等,中破,中破,その他,その他,33.7141403,135.4549886
2020,和歌山,田辺市,110,0097,負傷,0,1,2020/08/27 17:00,2020,8,27,17,0,木,その他,昼－昼,晴,市街地－その他,舗装－乾燥,交差点－その他,施設なし,交差点－中（5.5m以上）－小,直線－平坦,交差点内,規制なし,中央線－ペイント,区分あり－縁石・ブロック等,車両相互,貨物車－普通車,乗用車－軽自動車,自家用,自家用,貨物車,乗用車,0～24歳,45～54歳,損傷なし,負傷,規制なし,規制なし,30㎞／ｈ以下,30㎞／ｈ以下,小破,小破,その他,その他,33.7337186,135.3642044
2020,和歌山,田辺市,110,0098,負傷,0,1,2020/09/03 11:35,2020,9,3,11,35,木,その他,昼－昼,曇,市街地－その他,舗装－乾燥,単路－その他,点灯－３灯式,単路－9.0m以上,直線－下り,単路（交差点付近を含む）,規制なし,中央分離帯,区分あり－路側帯,車両相互,乗用車－軽自動車,乗用車－軽自動車,自家用,自家用,乗用車,乗用車,65～74歳,45～54歳,損傷なし,負傷,対象外当事者,対象外当事者,指定の速度規制なし等,指定の速度規制なし等,中破,中破,装備あり 作動,その他,33.7089272,135.4077392
2020,和歌山,田辺市,110,0099,負傷,0,1,2020/08/26 08:15,2020,8,26,8,15,水,その他,昼－昼,晴,非市街地,舗装－乾燥,交差点－その他,施設なし,交差点－中（5.5m以上）－小,直線－平坦,交差点内,規制なし,中央分離なし,区分あり－路側帯,車両相互,乗用車－普通車,二輪車－自動二輪－原付二種－51～125cc,自家用,自家用,乗用車,対象外当事者,35～44歳,55～64歳,損傷なし,負傷,規制なし,規制なし,40㎞／ｈ以下,40㎞／ｈ以下,小破,小破,その他,対象外当事者,33.7509669,135.3524403
2020,和歌山,田辺市,110,0100,負傷,0,1,2020/09/09 18:00,2020,9,9,18,0,水,その他,昼－暮,晴,市街地－人口集中,舗装－乾燥,交差点－その他,施設なし,交差点－中（5.5m以上）－小,直線－上り,交差点内,規制なし,中央線－ペイント,区分あり－路側帯,車両相互,乗用車－普通車,貨物車－軽自動車,自家用,自家用,乗用車,貨物車,25～34歳,65～74歳,負傷,損傷なし,規制なし,規制なし,30㎞／ｈ以下,30㎞／ｈ以下,小破,小破,その他,その他,33.7333586,135.3941181
2020,和歌山,田辺市,110,0101,負傷,0,1,2020/09/09 08:00,2020,9,9,8,0,水,その他,昼－昼,雨,非市街地,舗装－湿潤,単路－カーブ・屈折,施設なし,単路－5.5m以上,カーブ・屈折－右－下り,単路（交差点付近を含む）,規制なし,中央線－ペイント,区分なし,車両単独,乗用車－軽自動車,物件等,自家用,対象外当事者,乗用車,対象外当事者,75歳以上,不明,負傷,対象外当事者,対象外当事者,対象外当事者,指定の速度規制なし等,対象外当事者,大破,対象外当事者,装備あり 作動,対象外当事者,33.7362297,135.5173644
2020,和歌山,田辺市,110,0102,負傷,0,3,2020/09/13 14:45,2020,9,13,14,45,日,その他,昼－昼,曇,市街地－その他,舗装－乾燥,交差点付近－その他,点灯－３灯式,単路－3.5m以上,直線－下り,単路（交差点付近を含む）,規制なし,中央分離なし,区分なし,車両相互,乗用車－普通車,乗用車－普通車,自家用,自家用,乗用車,乗用車,55～64歳,35～44歳,損傷なし,負傷,対象外当事者,対象外当事者,指定の速度規制なし等,指定の速度規制なし等,小破,小破,その他,その他,33.7083233,135.4001044
2020,和歌山,田辺市,110,0103,負傷,0,1,2020/09/12 13:20,2020,9,12,13,20,土,その他,昼－昼,晴,非市街地,舗装－乾燥,単路－その他,施設なし,単路－5.5m以上,直線－平坦,単路（交差点付近を含む）,規制なし,中央線－ペイント,区分あり－縁石・ブロック等,車両相互,乗用車－普通車,乗用車－軽自動車,自家用,自家用,乗用車,乗用車,45～54歳,65～74歳,損傷なし,負傷,対象外当事者,対象外当事者,指定の速度規制なし等,50㎞／ｈ以下,小破,小破,その他,その他,33.6931522,135.3868247
2020,和歌山,田辺市,110,0104,負傷,0,1,2020/09/01 12:10,2020,9,1,12,10,火,その他,昼－昼,晴,市街地－その他,舗装－乾燥,交差点－その他,施設なし,交差点－中（5.5m以上）－小,直線－平坦,交差点内,規制なし,中央線－ペイント,区分あり－縁石・ブロック等,車両相互,乗用車－普通車,二輪車－自動二輪－原付二種－51～125cc,自家用,自家用,乗用車,対象外当事者,35～44歳,55～64歳,損傷なし,負傷,規制なし,規制なし,40㎞／ｈ以下,40㎞／ｈ以下,小破,小破,その他,対象外当事者,33.7374136,135.3584397
2020,和歌山,田辺市,110,0105,負傷,0,1,2020/09/21 19:04,2020,9,21,19,4,月,当日,夜－夜,晴,非市街地,舗装－乾燥,単路－その他,施設なし,単路－5.5m以上,直線－平坦,単路（交差点付近を含む）,規制なし,中央線－ペイント,区分あり－路側帯,車両相互,乗用車－軽自動車,軽車両－自転車,自家用,対象外当事者,乗用車,対象外当事者,45～54歳,0～24歳,損傷なし,負傷,対象外当事者,対象外当事者,指定の速度規制なし等,対象外当事者,小破,小破,その他,対象外当事者,33.7017169,135.3919228
2020,和歌山,田辺市,110,0106,負傷,0,1,2020/09/03 16:52,2020,9,3,16,52,木,その他,昼－昼,曇,市街地－その他,舗装－湿潤,交差点付近－その他,施設なし,単路－5.5m以上,直線－平坦,単路（交差点付近を含む）,規制なし,中央線－ペイント,区分あり－縁石・ブロック等,車両相互,乗用車－普通車,二輪車－一般原付自転車,自家用,自家用,乗用車,対象外当事者,55～64歳,65～74歳,損傷なし,負傷,対象外当事者,対象外当事者,指定の速度規制なし等,指定の速度規制なし等,損壊なし,小破,その他,対象外当事者,33.7325081,135.362245
2020,和歌山,田辺市,110,0107,負傷,0,1,2020/09/04 09:02,2020,9,4,9,2,金,その他,昼－昼,雨,市街地－人口集中,舗装－湿潤,交差点－その他,施設なし,交差点－小（5.5m未満）－小,直線－平坦,交差点内,規制なし,中央分離なし,区分あり－路側帯,車両相互,乗用車－普通車,乗用車－軽自動車,自家用,自家用,乗用車,乗用車,25～34歳,25～34歳,負傷,損傷なし,規制なし,標準－反射式,30㎞／ｈ以下,指定の速度規制なし等,中破,中破,その他,その他,33.7299394,135.3765239
2020,和歌山,田辺市,110,0108,負傷,0,1,2020/08/31 16:00,2020,8,31,16,0,月,その他,昼－昼,晴,市街地－人口集中,舗装－乾燥,交差点－その他,施設なし,交差点－中（5.5m以上）－小,直線－平坦,交差点内,規制なし,中央線－ペイント,区分あり－縁石・ブロック等,車両相互,乗用車－普通車,二輪車－一般原付自転車,自家用,自家用,乗用車,対象外当事者,35～44歳,55～64歳,損傷なし,負傷,規制なし,規制なし,30㎞／ｈ以下,指定の速度規制なし等,小破,小破,その他,対象外当事者,33.7397853,135.3766486
2020,和歌山,田辺市,110,0109,負傷,0,1,2020/09/11 15:30,2020,9,11,15,30,金,その他,昼－昼,晴,市街地－人口集中,舗装－乾燥,交差点－その他,施設なし,交差点－中（5.5m以上）－中,直線－平坦,交差点内,規制なし,中央分離なし,区分あり－縁石・ブロック等,車両相互,乗用車－軽自動車,軽車両－自転車,自家用,対象外当事者,乗用車,対象外当事者,75歳以上,0～24歳,損傷なし,負傷,規制なし,規制なし,40㎞／ｈ以下,対象外当事者,小破,小破,その他,対象外当事者,33.7244556,135.3965519
2020,和歌山,串本町,111,0015,負傷,0,1,2020/08/05 12:50,2020,8,5,12,50,水,その他,昼－昼,晴,非市街地,舗装－乾燥,交差点付近－その他,施設なし,単路－5.5m以上,カーブ・屈折－左－下り,単路（交差点付近を含む）,規制なし,中央線－ペイント,区分あり－路側帯,車両相互,貨物車－軽自動車,二輪車－一般原付自転車,自家用,自家用,貨物車,対象外当事者,45～54歳,65～74歳,損傷なし,負傷,対象外当事者,対象外当事者,指定の速度規制なし等,指定の速度規制なし等,小破,大破,その他,対象外当事者,33.4690608,135.8478408
2020,和歌山,串本町,111,0016,負傷,0,1,2020/08/25 17:30,2020,8,25,17,30,火,その他,昼－昼,晴,市街地－その他,舗装－乾燥,交差点付近－その他,施設なし,単路－5.5m以上,直線－平坦,単路（交差点付近を含む）,規制なし,中央線－ペイント,区分あり－縁石・ブロック等,車両相互,貨物車－準中型車,乗用車－普通車,自家用,自家用,貨物車,乗用車,45～54歳,35～44歳,負傷,損傷なし,対象外当事者,対象外当事者,50㎞／ｈ以下,50㎞／ｈ以下,小破,小破,その他,装備あり 作動,33.4781153,135.785065
2020,和歌山,串本町,111,0017,負傷,0,1,2020/09/25 11:45,2020,9,25,11,45,金,その他,昼－昼,雨,市街地－その他,舗装－湿潤,単路－その他,施設なし,単路－3.5m以上,直線－平坦,単路（交差点付近を含む）,規制なし,中央分離なし,区分あり－路側帯,車両相互,乗用車－普通車,貨物車－軽自動車,自家用,自家用,乗用車,貨物車,35～44歳,25～34歳,負傷,損傷なし,対象外当事者,対象外当事者,指定の速度規制なし等,指定の速度規制なし等,小破,小破,その他,その他,33.5151231,135.8249569
2020,和歌山,串本町,111,0018,負傷,0,1,2020/09/16 10:50,2020,9,16,10,50,水,その他,昼－昼,晴,非市街地,舗装－乾燥,単路－その他,施設なし,単路－5.5m以上,直線－平坦,単路（交差点付近を含む）,規制なし,中央線－ペイント,区分あり－路側帯,車両相互,乗用車－軽自動車,貨物車－軽自動車,自家用,自家用,乗用車,貨物車,45～54歳,65～74歳,負傷,損傷なし,対象外当事者,対象外当事者,50㎞／ｈ以下,50㎞／ｈ以下,小破,小破,その他,その他,33.4788758,135.7726208
2020,和歌山,古座川町,111,0019,死亡,1,0,2020/09/23 21:00,2020,9,23,21,0,水,その他,夜－夜,晴,非市街地,舗装－乾燥,単路－カーブ・屈折,施設なし,単路－3.5m以上,カーブ・屈折－左－平坦,単路（交差点付近を含む）,規制なし,中央分離なし,区分なし,車両単独,貨物車－軽自動車,相手なし,自家用,対象外当事者,貨物車,対象外当事者,65～74歳,不明,死亡,対象外当事者,対象外当事者,対象外当事者,指定の速度規制なし等,対象外当事者,大破,対象外当事者,その他,対象外当事者,33.5980039,135.8029272
2020,和歌山,那智勝浦町,112,0044,負傷,0,1,2020/09/12 12:45,2020,9,12,12,45,土,その他,昼－昼,晴,非市街地,舗装－乾燥,交差点付近－その他,点灯－３灯式,単路－5.5m以上,直線－上り,単路（交差点付近を含む）,規制なし,中央線－ペイント,区分あり－縁石・ブロック等,車両相互,乗用車－普通車,貨物車－軽自動車,自家用,自家用,乗用車,貨物車,45～54歳,45～54歳,負傷,損傷なし,対象外当事者,対象外当事者,50㎞／ｈ以下,50㎞／ｈ以下,小破,小破,その他,その他,33.621925,135.9281092
2020,和歌山,新宮市,112,0045,負傷,0,1,2020/09/02 07:40,2020,9,2,7,40,水,その他,昼－昼,曇,市街地－人口集中,舗装－湿潤,交差点－その他,施設なし,交差点－小（5.5m未満）－小,直線－平坦,交差点内,規制なし,中央分離なし,区分なし,車両相互,貨物車－軽自動車,二輪車－一般原付自転車,自家用,自家用,貨物車,対象外当事者,0～24歳,55～64歳,損傷なし,負傷,標準－反射式,規制なし,指定の速度規制なし等,指定の速度規制なし等,小破,小破,その他,対象外当事者,33.7266769,135.9932769
2020,和歌山,和歌山市,114,0129,負傷,0,2,2020/08/29 14:20,2020,8,29,14,20,土,その他,昼－昼,晴,市街地－人口集中,舗装－乾燥,交差点付近－その他,施設なし,単路－3.5m未満,直線－平坦,単路（交差点付近を含む）,規制なし,中央線－ペイント,区分あり－縁石・ブロック等,車両相互,乗用車－普通車,乗用車－軽自動車,自家用,自家用,乗用車,乗用車,25～34歳,0～24歳,負傷,損傷なし,対象外当事者,対象外当事者,40㎞／ｈ以下,40㎞／ｈ以下,小破,小破,その他,その他,34.2496478,135.1599711
2020,和歌山,和歌山市,114,0130,負傷,0,1,2020/08/24 19:25,2020,8,24,19,25,月,その他,夜－暮,晴,市街地－人口集中,舗装－乾燥,交差点－その他,施設なし,交差点－小（5.5m未満）－小,直線－平坦,交差点内,規制なし,中央分離なし,区分あり－路側帯,人対車両,軽車両－自転車,歩行者,対象外当事者,対象外当事者,対象外当事者,対象外当事者,0～24歳,0～24歳,損傷なし,負傷,規制なし,対象外当事者,対象外当事者,対象外当事者,小破,対象外当事者,対象外当事者,対象外当事者,34.2526,135.1683092
2020,和歌山,和歌山市,114,0131,負傷,0,1,2020/08/26 12:45,2020,8,26,12,45,水,その他,昼－昼,晴,市街地－人口集中,舗装－乾燥,交差点付近－その他,施設なし,単路－3.5m以上,直線－平坦,単路（交差点付近を含む）,規制なし,中央分離なし,区分あり－路側帯,車両相互,乗用車－普通車,乗用車－普通車,自家用,自家用,乗用車,乗用車,65～74歳,45～54歳,損傷なし,負傷,対象外当事者,対象外当事者,40㎞／ｈ以下,50㎞／ｈ以下,小破,小破,その他,その他,34.2545956,135.1200883
2020,和歌山,和歌山市,114,0132,負傷,0,3,2020/08/29 17:25,2020,8,29,17,25,土,その他,昼－昼,晴,市街地－人口集中,舗装－乾燥,交差点付近－その他,点灯－３灯式,単路－13.0m以上,直線－平坦,単路（交差点付近を含む）,規制なし,中央分離帯,区分あり－縁石・ブロック等,車両相互,乗用車－軽自動車,乗用車－軽自動車,自家用,自家用,乗用車,乗用車,0～24歳,45～54歳,損傷なし,負傷,対象外当事者,対象外当事者,50㎞／ｈ以下,50㎞／ｈ以下,小破,小破,その他,その他,34.2542628,135.1453525
2020,和歌山,和歌山市,114,0133,負傷,0,1,2020/08/25 18:15,2020,8,25,18,15,火,その他,昼－暮,晴,市街地－人口集中,舗装－乾燥,単路－その他,施設なし,単路－5.5m以上,直線－平坦,単路（交差点付近を含む）,規制なし,中央線－ペイント,区分あり－路側帯,車両相互,乗用車－軽自動車,二輪車－一般原付自転車,自家用,自家用,乗用車,対象外当事者,45～54歳,55～64歳,損傷なし,負傷,対象外当事者,対象外当事者,40㎞／ｈ以下,指定の速度規制なし等,小破,小破,その他,対象外当事者,34.2572553,135.1155769
2020,和歌山,和歌山市,114,0134,負傷,0,1,2020/08/06 10:20,2020,8,6,10,20,木,その他,昼－昼,晴,市街地－人口集中,舗装－乾燥,交差点－その他,施設なし,交差点－中（5.5m以上）－小,直線－平坦,交差点内,規制なし,中央線－ペイント,区分あり－縁石・ブロック等,車両相互,乗用車－普通車,二輪車－一般原付自転車,自家用,自家用,乗用車,対象外当事者,45～54歳,65～74歳,損傷なし,負傷,規制なし,標準－反射式,指定の速度規制なし等,指定の速度規制なし等,小破,小破,その他,対象外当事者,34.2386531,135.1599994
2020,和歌山,和歌山市,114,0135,負傷,0,1,2020/08/01 12:35,2020,8,1,12,35,土,その他,昼－昼,晴,市街地－人口集中,舗装－乾燥,交差点－その他,点灯－３灯式,交差点－中（5.5m以上）－小,直線－平坦,交差点内,規制なし,中央分離なし,区分あり－縁石・ブロック等,車両相互,乗用車－普通車,軽車両－自転車,自家用,対象外当事者,乗用車,対象外当事者,35～44歳,55～64歳,損傷なし,負傷,規制なし,規制なし,50㎞／ｈ以下,対象外当事者,小破,小破,その他,対象外当事者,34.2594989,135.1657414
2020,和歌山,和歌山市,114,0136,死亡,1,0,2020/09/14 22:53,2020,9,14,22,53,月,その他,夜－夜,晴,市街地－人口集中,舗装－乾燥,交差点－その他,施設なし,交差点－中（5.5m以上）－小,直線－平坦,交差点内,規制なし,中央分離なし,区分あり－路側帯,車両相互,乗用車－普通車,二輪車－一般原付自転車,自家用,自家用,乗用車,対象外当事者,35～44歳,0～24歳,損傷なし,死亡,規制なし,標準－反射式,30㎞／ｈ以下,指定の速度規制なし等,小破,大破,その他,対象外当事者,34.2437753,135.1481422
2020,和歌山,和歌山市,114,0137,負傷,0,1,2020/08/07 12:50,2020,8,7,12,50,金,その他,昼－昼,晴,市街地－人口集中,舗装－乾燥,交差点－その他,施設なし,交差点－小（5.5m未満）－小,直線－平坦,交差点内,規制なし,中央分離なし,区分あり－路側帯,車両相互,乗用車－軽自動車,二輪車－一般原付自転車,自家用,自家用,乗用車,対象外当事者,75歳以上,25～34歳,損傷なし,負傷,規制なし,規制なし,40㎞／ｈ以下,指定の速度規制なし等,小破,小破,その他,対象外当事者,34.2479764,135.1278806
2020,和歌山,和歌山市,114,0138,負傷,0,1,2020/09/16 12:05,2020,9,16,12,5,水,その他,昼－昼,晴,市街地－人口集中,舗装－乾燥,単路－カーブ・屈折,施設なし,単路－3.5m以上,カーブ・屈折－右－下り,単路（交差点付近を含む）,規制なし,中央線－ペイント,区分あり－路側帯,車両相互,貨物車－普通車,軽車両－自転車,自家用,対象外当事者,貨物車,対象外当事者,65～74歳,35～44歳,損傷なし,負傷,対象外当事者,対象外当事者,40㎞／ｈ以下,対象外当事者,小破,小破,その他,対象外当事者,34.2412414,135.14792
2020,和歌山,和歌山市,114,0139,負傷,0,1,2020/09/19 10:25,2020,9,19,10,25,土,その他,昼－昼,晴,市街地－人口集中,舗装－乾燥,交差点付近－その他,施設なし,単路－9.0m以上,直線－平坦,単路（交差点付近を含む）,規制なし,中央分離帯,区分あり－縁石・ブロック等,車両相互,乗用車－軽自動車,貨物車－軽自動車,自家用,自家用,乗用車,貨物車,0～24歳,65～74歳,損傷なし,負傷,対象外当事者,対象外当事者,50㎞／ｈ以下,50㎞／ｈ以下,小破,小破,その他,その他,34.2538683,135.1393294
2020,和歌山,和歌山市,059,0016,負傷,0,1,2020/10/09 15:45,2020,10,9,15,45,金,その他,昼－昼,雨,市街地－その他,舗装－湿潤,単路－カーブ・屈折,施設なし,単路－3.5m未満,カーブ・屈折－左－下り,単路（交差点付近を含む）,規制なし,中央分離帯,区分なし,車両相互,貨物車－普通車,乗用車－軽自動車,自家用,自家用,貨物車,乗用車,45～54歳,25～34歳,負傷,損傷なし,対象外当事者,対象外当事者,40㎞／ｈ以下,40㎞／ｈ以下,小破,小破,その他,その他,34.2404175,135.2138714
2020,和歌山,橋本市,101,0052,負傷,0,1,2020/10/01 12:55,2020,10,1,12,55,木,その他,昼－昼,晴,非市街地,舗装－乾燥,交差点－その他,施設なし,交差点－小（5.5m未満）－小,直線－平坦,交差点内,規制なし,中央分離なし,区分なし,車両相互,乗用車－軽自動車,軽車両－自転車,自家用,対象外当事者,乗用車,対象外当事者,65～74歳,0～24歳,損傷なし,負傷,規制なし,標準－反射式,指定の速度規制なし等,対象外当事者,小破,小破,その他,対象外当事者,34.3128075,135.5855814
2020,和歌山,橋本市,101,0053,負傷,0,1,2020/09/10 20:18,2020,9,10,20,18,木,その他,夜－夜,曇,市街地－その他,舗装－湿潤,交差点付近－その他,点灯－３灯式,単路－9.0m以上,カーブ・屈折－左－上り,単路（交差点付近を含む）,規制なし,中央分離帯,区分あり－縁石・ブロック等,車両相互,乗用車－普通車,貨物車－軽自動車,自家用,自家用,乗用車,貨物車,25～34歳,45～54歳,負傷,損傷なし,対象外当事者,対象外当事者,50㎞／ｈ以下,50㎞／ｈ以下,小破,小破,その他,その他,34.3452261,135.6097403
2020,和歌山,橋本市,101,0054,負傷,0,1,2020/09/17 12:38,2020,9,17,12,38,木,その他,昼－昼,曇,市街地－その他,舗装－乾燥,単路－カーブ・屈折,施設なし,単路－3.5m以上,カーブ・屈折－左－平坦,単路（交差点付近を含む）,規制なし,中央線－ペイント,区分あり－縁石・ブロック等,車両相互,乗用車－普通車,乗用車－軽自動車,自家用,自家用,乗用車,乗用車,75歳以上,55～64歳,損傷なし,負傷,対象外当事者,対象外当事者,指定の速度規制なし等,指定の速度規制なし等,大破,大破,その他,その他,34.3072542,135.5854608
2020,和歌山,橋本市,101,0055,負傷,0,1,2020/10/13 14:25,2020,10,13,14,25,火,その他,昼－昼,晴,市街地－その他,舗装－乾燥,交差点付近－その他,施設なし,単路－3.5m以上,直線－平坦,単路（交差点付近を含む）,規制なし,中央線－ペイント,区分あり－縁石・ブロック等,車両相互,乗用車－軽自動車,乗用車－軽自動車,自家用,自家用,乗用車,乗用車,65～74歳,45～54歳,損傷なし,負傷,対象外当事者,対象外当事者,40㎞／ｈ以下,40㎞／ｈ以下,小破,小破,その他,その他,34.3152281,135.6120886
2020,和歌山,橋本市,102,0025,負傷,0,1,2020/09/07 16:54,2020,9,7,16,54,月,その他,昼－昼,曇,非市街地,舗装－乾燥,交差点－その他,点灯－３灯式,交差点－中（5.5m以上）－中,直線－平坦,交差点内,規制なし,中央分離なし,区分あり－縁石・ブロック等,車両相互,乗用車－軽自動車,乗用車－軽自動車,自家用,自家用,乗用車,乗用車,0～24歳,0～24歳,損傷なし,負傷,規制なし,規制なし,指定の速度規制なし等,指定の速度規制なし等,中破,中破,その他,その他,34.3114103,135.5434978
2020,和歌山,かつらぎ町,102,0026,負傷,0,3,2020/09/20 17:50,2020,9,20,17,50,日,前日,昼－暮,曇,非市街地,舗装－乾燥,交差点付近－その他,施設なし,単路－5.5m以上,直線－下り,単路（交差点付近を含む）,規制なし,中央線－ペイント,区分あり－縁石・ブロック等,車両相互,乗用車－普通車,乗用車－普通車,自家用,自家用,乗用車,乗用車,35～44歳,45～54歳,損傷なし,損傷なし,対象外当事者,対象外当事者,指定の速度規制なし等,指定の速度規制なし等,小破,小破,その他,その他,34.3184197,135.4780742
2020,和歌山,かつらぎ町,102,0027,負傷,0,2,2020/07/19 15:00,2020,7,19,15,0,日,その他,昼－昼,晴,非市街地,舗装－乾燥,単路－トンネル,施設なし,単路－5.5m以上,直線－下り,単路（交差点付近を含む）,規制なし,中央線－ペイント,区分なし,車両相互,乗用車－普通車,貨物車－軽自動車,自家用,自家用,乗用車,貨物車,45～54歳,35～44歳,損傷なし,負傷,対象外当事者,対象外当事者,指定の速度規制なし等,指定の速度規制なし等,大破,大破,その他,その他,34.3403739,135.4734081
2020,和歌山,かつらぎ町,102,0028,負傷,0,1,2020/08/08 11:00,2020,8,8,11,0,土,その他,昼－昼,晴,市街地－その他,舗装－乾燥,交差点－その他,施設なし,交差点－小（5.5m未満）－小,直線－平坦,交差点内,規制なし,中央分離なし,区分なし,車両相互,乗用車－軽自動車,二輪車－一般原付自転車,自家用,自家用,乗用車,対象外当事者,75歳以上,75歳以上,損傷なし,負傷,規制なし,規制なし,指定の速度規制なし等,指定の速度規制なし等,小破,小破,その他,対象外当事者,34.2976056,135.5160228
2020,和歌山,かつらぎ町,102,0029,負傷,0,3,2020/09/16 16:25,2020,9,16,16,25,水,その他,昼－昼,晴,非市街地,舗装－乾燥,交差点－その他,施設なし,交差点－中（5.5m以上）－中,カーブ・屈折－右－下り,交差点内,規制なし,中央分離なし,区分なし,車両相互,乗用車－軽自動車,乗用車－軽自動車,自家用,自家用,乗用車,乗用車,25～34歳,0～24歳,損傷なし,負傷,規制なし,規制なし,30㎞／ｈ以下,30㎞／ｈ以下,小破,小破,その他,装備あり 作動,34.2961542,135.4732428
2020,和歌山,かつらぎ町,102,0030,負傷,0,1,2020/10/07 17:05,2020,10,7,17,5,水,その他,昼－暮,雨,市街地－その他,舗装－湿潤,交差点付近－その他,点灯－３灯式,単路－5.5m以上,直線－下り,単路（交差点付近を含む）,規制なし,中央線－ペイント,区分あり－縁石・ブロック等,車両相互,乗用車－普通車,乗用車－軽自動車,自家用,自家用,乗用車,乗用車,45～54歳,55～64歳,損傷なし,負傷,対象外当事者,対象外当事者,指定の速度規制なし等,指定の速度規制なし等,小破,小破,その他,その他,34.2920694,135.4894508
2020,和歌山,かつらぎ町,102,0031,負傷,0,1,2020/10/02 10:55,2020,10,2,10,55,金,その他,昼－昼,晴,非市街地,舗装－乾燥,単路－その他,施設なし,単路－5.5m以上,直線－下り,単路（交差点付近を含む）,規制なし,中央分離なし,区分なし,車両相互,乗用車－普通車,貨物車－軽自動車,自家用,自家用,乗用車,貨物車,55～64歳,75歳以上,負傷,損傷なし,対象外当事者,対象外当事者,指定の速度規制なし等,指定の速度規制なし等,小破,小破,その他,装備あり 作動,34.29349,135.4909369