対象年,都道府県,市区町村,警察署等コード,本票番号,事故内容,死者数,負傷者数,発生日時,発生年,発生月,発生日,発生時,発生分,曜日,祝日,昼夜,天候,地形,路面状態,道路形状,信号機,車道幅員,道路線形,衝突地点,ゾーン規制,中央分離帯施設等,歩車道区分,事故類型,当事者A 種別,当事者B 種別,当事者A 用途,当事者B 用途,当事者A 車両形状,当事者B 車両形状,当事者A 年齢,当事者B 年齢,当事者A 人身損傷程度,当事者B 人身損傷程度,当事者A 一時停止規制標識,当事者B 一時停止規制標識,当事者A 速度規制,当事者B 速度規制,当事者A 車両損壊程度,当事者B 車両損壊程度,当事者A エアバッグ,当事者B エアバッグ,緯度,経度
2020,和歌山,田辺市,110,0147,負傷,0,1,2020/11/04 12:02,2020,11,4,12,2,水,その他,昼－昼,晴,非市街地,舗装－乾燥,単路－その他,施設なし,単路－5.5m以上,直線－平坦,単路（交差点付近を含む）,規制なし,中央線－ペイント,区分あり－路側帯,車両相互,乗用車－普通車,二輪車－自動二輪－小型二輪－251～400cc,自家用,自家用,乗用車,対象外当事者,75歳以上,45～54歳,損傷なし,負傷,対象外当事者,対象外当事者,指定の速度規制なし等,指定の速度規制なし等,小破,小破,その他,対象外当事者,34.0511831,135.5704994
2020,和歌山,田辺市,110,0148,負傷,0,1,2020/12/01 18:30,2020,12,1,18,30,火,その他,夜－夜,晴,市街地－その他,舗装－乾燥,交差点－その他,施設なし,交差点－小（5.5m未満）－小,直線－平坦,交差点内,規制なし,中央線－ペイント,区分あり－縁石・ブロック等,車両相互,乗用車－軽自動車,軽車両－自転車,自家用,対象外当事者,乗用車,対象外当事者,25～34歳,35～44歳,損傷なし,負傷,規制なし,規制なし,指定の速度規制なし等,対象外当事者,小破,中破,その他,対象外当事者,33.7405814,135.3933364
2020,和歌山,田辺市,110,0149,負傷,0,1,2020/11/26 16:30,2020,11,26,16,30,木,その他,昼－暮,晴,市街地－その他,舗装－乾燥,交差点付近－その他,点灯－３灯式,単路－5.5m以上,カーブ・屈折－左－平坦,単路（交差点付近を含む）,規制なし,中央線－ペイント,区分あり－縁石・ブロック等,車両相互,乗用車－普通車,乗用車－普通車,自家用,自家用,乗用車,乗用車,45～54歳,45～54歳,損傷なし,負傷,対象外当事者,対象外当事者,30㎞／ｈ以下,30㎞／ｈ以下,小破,小破,その他,その他,33.7401478,135.3764867
2020,和歌山,田辺市,110,0150,負傷,0,1,2020/11/13 17:35,2020,11,13,17,35,金,その他,夜－暮,雨,市街地－人口集中,舗装－湿潤,交差点－その他,施設なし,交差点－中（5.5m以上）－小,直線－下り,交差点内,規制なし,中央分離なし,区分あり－縁石・ブロック等,車両相互,乗用車－普通車,軽車両－自転車,自家用,対象外当事者,乗用車,対象外当事者,65～74歳,25～34歳,損傷なし,負傷,標準－反射式,規制なし,指定の速度規制なし等,対象外当事者,小破,小破,その他,対象外当事者,33.7231497,135.3893644
2020,和歌山,田辺市,110,0151,負傷,0,3,2020/12/12 18:05,2020,12,12,18,5,土,その他,夜－夜,晴,市街地－人口集中,舗装－乾燥,交差点付近－その他,点灯－３灯式,単路－3.5m以上,直線－平坦,単路（交差点付近を含む）,規制なし,中央線－ペイント,区分あり－縁石・ブロック等,車両相互,乗用車－軽自動車,乗用車－軽自動車,自家用,自家用,乗用車,乗用車,75歳以上,45～54歳,損傷なし,負傷,対象外当事者,対象外当事者,40㎞／ｈ以下,40㎞／ｈ以下,小破,小破,その他,その他,33.7315153,135.3825408
2020,和歌山,田辺市,110,0152,負傷,0,1,2020/12/02 10:05,2020,12,2,10,5,水,その他,昼－昼,晴,市街地－その他,舗装－乾燥,交差点－その他,施設なし,交差点－小（5.5m未満）－小,直線－平坦,交差点内,規制なし,中央線－ペイント,区分あり－路側帯,車両相互,乗用車－軽自動車,二輪車－一般原付自転車,自家用,自家用,乗用車,対象外当事者,75歳以上,55～64歳,損傷なし,負傷,標準－反射式,規制なし,指定の速度規制なし等,指定の速度規制なし等,小破,小破,その他,対象外当事者,33.7384086,135.3809733
2020,和歌山,田辺市,110,0153,負傷,0,1,2020/11/25 07:50,2020,11,25,7,50,水,その他,昼－昼,曇,市街地－その他,舗装－乾燥,交差点－その他,施設なし,交差点－中（5.5m以上）－小,直線－平坦,交差点内,規制なし,中央線－ペイント,区分あり－縁石・ブロック等,車両相互,乗用車－軽自動車,二輪車－一般原付自転車,自家用,自家用,乗用車,対象外当事者,65～74歳,0～24歳,損傷なし,負傷,標準－反射式,規制なし,30㎞／ｈ以下,30㎞／ｈ以下,小破,中破,その他,対象外当事者,33.7312189,135.3936667
2020,和歌山,田辺市,110,0154,負傷,0,3,2020/12/14 16:20,2020,12,14,16,20,月,その他,昼－暮,晴,非市街地,舗装－乾燥,単路－その他,施設なし,単路－5.5m以上,直線－平坦,単路（交差点付近を含む）,規制なし,中央線－ペイント,区分あり－路側帯,車両相互,乗用車－軽自動車,貨物車－軽自動車,自家用,自家用,乗用車,貨物車,35～44歳,45～54歳,負傷,損傷なし,対象外当事者,対象外当事者,50㎞／ｈ以下,50㎞／ｈ以下,小破,小破,その他,その他,33.7346031,135.4239586
2020,和歌山,みなべ町,110,0155,負傷,0,1,2020/12/19 17:17,2020,12,19,17,17,土,その他,夜－暮,晴,市街地－その他,舗装－乾燥,交差点－その他,施設なし,交差点－中（5.5m以上）－小,直線－平坦,交差点内,規制なし,中央線－ペイント,区分あり－防護柵等,車両相互,乗用車－普通車,軽車両－自転車,自家用,対象外当事者,乗用車,対象外当事者,35～44歳,75歳以上,損傷なし,負傷,規制なし,規制なし,50㎞／ｈ以下,対象外当事者,小破,小破,その他,対象外当事者,33.7925881,135.32842
2020,和歌山,田辺市,110,0156,負傷,0,1,2020/10/09 18:00,2020,10,9,18,0,金,その他,夜－暮,曇,非市街地,舗装－湿潤,交差点－その他,施設なし,交差点－小（5.5m未満）－小,直線－平坦,交差点内,規制なし,中央線－ペイント,区分あり－縁石・ブロック等,人対車両,貨物車－軽自動車,歩行者,自家用,対象外当事者,貨物車,対象外当事者,55～64歳,65～74歳,損傷なし,負傷,規制なし,対象外当事者,30㎞／ｈ以下,対象外当事者,小破,対象外当事者,その他,対象外当事者,33.7342167,135.3881656
2020,和歌山,田辺市,110,0157,負傷,0,1,2020/12/18 12:51,2020,12,18,12,51,金,その他,昼－昼,晴,市街地－人口集中,舗装－乾燥,交差点－その他,施設なし,交差点－中（5.5m以上）－中,直線－平坦,交差点内,規制なし,中央線－ペイント,区分あり－縁石・ブロック等,車両相互,乗用車－軽自動車,乗用車－軽自動車,自家用,自家用,乗用車,乗用車,55～64歳,65～74歳,損傷なし,負傷,標準－反射式,規制なし,指定の速度規制なし等,指定の速度規制なし等,中破,中破,その他,その他,33.7379117,135.3965961
2020,和歌山,上富田町,110,0158,負傷,0,1,2020/12/22 10:30,2020,12,22,10,30,火,その他,昼－昼,晴,非市街地,舗装－乾燥,交差点－その他,点灯－３灯式,交差点－中（5.5m以上）－中,直線－平坦,交差点内,規制なし,中央分離なし,区分あり－縁石・ブロック等,車両相互,貨物車－軽自動車,二輪車－一般原付自転車,自家用,自家用,貨物車,対象外当事者,75歳以上,75歳以上,損傷なし,負傷,規制なし,規制なし,40㎞／ｈ以下,指定の速度規制なし等,小破,小破,その他,対象外当事者,33.6928017,135.4298006
2020,和歌山,田辺市,110,0159,負傷,0,1,2020/09/29 05:55,2020,9,29,5,55,火,その他,昼－明,晴,市街地－その他,舗装－乾燥,交差点－その他,施設なし,交差点－小（5.5m未満）－小,直線－平坦,交差点内,規制なし,中央分離なし,区分あり－路側帯,車両相互,乗用車－普通車,二輪車－一般原付自転車,自家用,自家用,乗用車,対象外当事者,65～74歳,65～74歳,損傷なし,負傷,標準－反射式,規制なし,指定の速度規制なし等,指定の速度規制なし等,小破,中破,その他,対象外当事者,33.7488022,135.3506981
2020,和歌山,串本町,111,0025,負傷,0,3,2020/12/08 18:50,2020,12,8,18,50,火,その他,夜－夜,晴,市街地－その他,舗装－乾燥,単路－その他,施設なし,単路－3.5m以上,直線－平坦,単路（交差点付近を含む）,規制なし,中央線－ペイント,区分あり－縁石・ブロック等,車両相互,乗用車－普通車,乗用車－軽自動車,自家用,自家用,乗用車,乗用車,55～64歳,55～64歳,損傷なし,負傷,対象外当事者,対象外当事者,50㎞／ｈ以下,50㎞／ｈ以下,小破,小破,その他,その他,33.4858142,135.7142106
2020,和歌山,串本町,111,0026,負傷,0,1,2020/12/01 18:55,2020,12,1,18,55,火,その他,夜－夜,晴,市街地－その他,舗装－乾燥,一般交通の場所,施設なし,一般交通の場所,一般交通の場所,その他,規制なし,一般交通の場所,区分なし,人対車両,乗用車－普通車,歩行者,自家用,対象外当事者,乗用車,対象外当事者,35～44歳,75歳以上,損傷なし,負傷,対象外当事者,対象外当事者,指定の速度規制なし等,対象外当事者,小破,対象外当事者,その他,対象外当事者,33.5156786,135.8274394
2020,和歌山,串本町,111,0027,負傷,0,2,2020/12/23 13:50,2020,12,23,13,50,水,その他,昼－昼,晴,市街地－その他,舗装－乾燥,交差点－その他,施設なし,交差点－中（5.5m以上）－中,直線－平坦,交差点内,規制なし,中央線－ペイント,区分なし,車両相互,貨物車－軽自動車,貨物車－軽自動車,自家用,自家用,貨物車,貨物車,45～54歳,45～54歳,損傷なし,負傷,規制なし,規制なし,50㎞／ｈ以下,50㎞／ｈ以下,小破,小破,その他,その他,33.5114583,135.8197047
2020,和歌山,串本町,111,0028,負傷,0,1,2020/11/24 08:00,2020,11,24,8,0,火,その他,昼－昼,晴,非市街地,舗装－乾燥,単路－カーブ・屈折,施設なし,単路－5.5m以上,カーブ・屈折－右－下り,単路（交差点付近を含む）,規制なし,中央線－ペイント,区分あり－路側帯,車両相互,乗用車－軽自動車,乗用車－軽自動車,自家用,自家用,乗用車,乗用車,35～44歳,35～44歳,損傷なし,負傷,対象外当事者,対象外当事者,指定の速度規制なし等,指定の速度規制なし等,小破,小破,その他,その他,33.5057325,135.6368919
2020,和歌山,那智勝浦町,112,0054,負傷,0,2,2020/11/28 16:15,2020,11,28,16,15,土,その他,昼－暮,晴,市街地－その他,舗装－乾燥,交差点付近－その他,点灯－３灯式,単路－5.5m以上,直線－平坦,単路（交差点付近を含む）,規制なし,中央線－ペイント,区分あり－縁石・ブロック等,車両相互,乗用車－軽自動車,貨物車－軽自動車,自家用,自家用,乗用車,貨物車,35～44歳,75歳以上,損傷なし,負傷,対象外当事者,対象外当事者,50㎞／ｈ以下,50㎞／ｈ以下,小破,小破,その他,その他,33.6303761,135.9372375
2020,和歌山,新宮市,112,0055,負傷,0,2,2020/11/29 09:50,2020,11,29,9,50,日,その他,昼－昼,晴,市街地－人口集中,舗装－乾燥,交差点付近－その他,点灯－３灯式,単路－5.5m以上,直線－平坦,単路（交差点付近を含む）,規制なし,中央分離なし,区分あり－縁石・ブロック等,車両相互,乗用車－軽自動車,貨物車－軽自動車,自家用,自家用,乗用車,貨物車,65～74歳,65～74歳,損傷なし,負傷,対象外当事者,対象外当事者,40㎞／ｈ以下,40㎞／ｈ以下,小破,小破,その他,その他,33.7305922,135.9872181
2020,和歌山,新宮市,112,0056,負傷,0,1,2020/12/01 17:30,2020,12,1,17,30,火,その他,夜－暮,晴,市街地－人口集中,舗装－乾燥,交差点付近－その他,施設なし,単路－9.0m以上,直線－平坦,単路（交差点付近を含む）,規制なし,中央線－ペイント,区分あり－縁石・ブロック等,車両相互,乗用車－普通車,乗用車－軽自動車,自家用,自家用,乗用車,乗用車,55～64歳,45～54歳,負傷,損傷なし,対象外当事者,対象外当事者,30㎞／ｈ以下,30㎞／ｈ以下,小破,小破,その他,その他,33.725635,135.9939414
2020,和歌山,新宮市,112,0057,負傷,0,2,2020/12/09 17:20,2020,12,9,17,20,水,その他,夜－暮,曇,非市街地,舗装－乾燥,単路－カーブ・屈折,施設なし,単路－5.5m以上,カーブ・屈折－左－下り,単路（交差点付近を含む）,規制なし,中央線－ポストコーン,区分なし,車両相互,乗用車－軽自動車,乗用車－軽自動車,自家用,自家用,乗用車,乗用車,0～24歳,35～44歳,損傷なし,負傷,対象外当事者,対象外当事者,60㎞／ｈ以下,60㎞／ｈ以下,中破,中破,その他,その他,33.6930506,135.9857728
2020,和歌山,白浜町,113,0027,負傷,0,1,2020/12/01 22:12,2020,12,1,22,12,火,その他,夜－夜,晴,非市街地,舗装－乾燥,単路－その他,施設なし,単路－5.5m以上,直線－平坦,単路（交差点付近を含む）,規制なし,中央線－ペイント,区分あり－防護柵等,人対車両,乗用車－普通車,歩行者,自家用,対象外当事者,乗用車,対象外当事者,65～74歳,45～54歳,損傷なし,負傷,対象外当事者,対象外当事者,30㎞／ｈ以下,対象外当事者,損壊なし,対象外当事者,その他,対象外当事者,33.6779964,135.3430178
2020,和歌山,白浜町,113,0028,負傷,0,1,2020/12/22 12:45,2020,12,22,12,45,火,その他,昼－昼,晴,市街地－その他,舗装－乾燥,交差点－その他,施設なし,交差点－中（5.5m以上）－小,直線－平坦,交差点内,規制なし,中央線－ペイント,区分あり－縁石・ブロック等,車両相互,乗用車－普通車,二輪車－一般原付自転車,自家用,自家用,乗用車,対象外当事者,35～44歳,55～64歳,損傷なし,負傷,規制なし,規制なし,指定の速度規制なし等,指定の速度規制なし等,小破,中破,その他,対象外当事者,33.6779964,135.3479286
2020,和歌山,和歌山市,114,0168,負傷,0,1,2020/11/20 22:10,2020,11,20,22,10,金,その他,夜－夜,晴,市街地－人口集中,舗装－乾燥,交差点－その他,点灯－３灯式,交差点－大（13.0ｍ以上）－大,直線－平坦,交差点内,規制なし,中央分離なし,区分あり－縁石・ブロック等,車両相互,乗用車－軽自動車,乗用車－軽自動車,自家用,自家用,乗用車,乗用車,75歳以上,45～54歳,損傷なし,負傷,規制なし,規制なし,50㎞／ｈ以下,50㎞／ｈ以下,小破,小破,その他,その他,34.2371244,135.1528942
2020,和歌山,和歌山市,114,0169,負傷,0,1,2020/11/14 09:46,2020,11,14,9,46,土,その他,昼－昼,晴,市街地－その他,舗装－乾燥,交差点－その他,点灯－３灯式,交差点－中（5.5m以上）－小,直線－平坦,交差点内,規制なし,中央線－ペイント,区分あり－縁石・ブロック等,車両相互,乗用車－軽自動車,軽車両－自転車,自家用,対象外当事者,乗用車,対象外当事者,65～74歳,65～74歳,損傷なし,負傷,規制なし,規制なし,50㎞／ｈ以下,対象外当事者,損壊なし,小破,その他,対象外当事者,34.2481506,135.1404353
2020,和歌山,和歌山市,114,0170,負傷,0,1,2020/11/25 17:18,2020,11,25,17,18,水,その他,夜－暮,晴,市街地－人口集中,舗装－乾燥,交差点付近－その他,点灯－３灯式,単路－9.0m以上,直線－平坦,単路（交差点付近を含む）,規制なし,中央分離なし,区分あり－縁石・ブロック等,車両相互,乗用車－普通車,乗用車－軽自動車,自家用,自家用,乗用車,乗用車,45～54歳,25～34歳,損傷なし,負傷,対象外当事者,対象外当事者,50㎞／ｈ以下,50㎞／ｈ以下,小破,小破,その他,その他,34.2527339,135.1244131
2020,和歌山,和歌山市,114,0171,負傷,0,1,2020/12/01 16:10,2020,12,1,16,10,火,その他,昼－暮,晴,市街地－人口集中,舗装－乾燥,単路－その他,施設なし,単路－3.5m以上,直線－平坦,単路（交差点付近を含む）,規制なし,中央線－ペイント,区分あり－縁石・ブロック等,車両相互,乗用車－軽自動車,乗用車－軽自動車,自家用,自家用,乗用車,乗用車,55～64歳,45～54歳,損傷なし,負傷,対象外当事者,対象外当事者,40㎞／ｈ以下,40㎞／ｈ以下,小破,小破,その他,その他,34.2442858,135.1628111
2020,和歌山,和歌山市,114,0172,負傷,0,1,2020/11/16 07:53,2020,11,16,7,53,月,その他,昼－昼,晴,市街地－人口集中,舗装－乾燥,交差点付近－その他,点灯－３灯式,単路－3.5m以上,直線－平坦,単路（交差点付近を含む）,規制なし,中央線－ペイント,区分あり－縁石・ブロック等,車両相互,乗用車－普通車,乗用車－軽自動車,自家用,自家用,乗用車,乗用車,45～54歳,0～24歳,負傷,損傷なし,対象外当事者,対象外当事者,40㎞／ｈ以下,40㎞／ｈ以下,小破,小破,その他,その他,34.2453147,135.1613525
2020,和歌山,和歌山市,114,0173,負傷,0,1,2020/11/08 16:50,2020,11,8,16,50,日,その他,昼－暮,晴,市街地－人口集中,舗装－乾燥,単路－その他,施設なし,単路－3.5m以上,直線－平坦,単路（交差点付近を含む）,規制なし,中央分離なし,区分あり－縁石・ブロック等,車両相互,乗用車－軽自動車,二輪車－自動二輪－軽二輪－126～250cc,自家用,自家用,乗用車,対象外当事者,45～54歳,0～24歳,損傷なし,負傷,対象外当事者,対象外当事者,指定の速度規制なし等,指定の速度規制なし等,損壊なし,小破,その他,対象外当事者,34.2485297,135.1387119
2020,和歌山,和歌山市,114,0174,負傷,0,2,2020/10/17 16:40,2020,10,17,16,40,土,その他,昼－暮,雨,市街地－人口集中,舗装－湿潤,交差点付近－その他,点灯－３灯式,単路－5.5m以上,直線－平坦,単路（交差点付近を含む）,規制なし,中央分離帯,区分あり－縁石・ブロック等,車両相互,乗用車－普通車,貨物車－軽自動車,自家用,自家用,乗用車,貨物車,55～64歳,65～74歳,負傷,損傷なし,対象外当事者,対象外当事者,50㎞／ｈ以下,50㎞／ｈ以下,小破,小破,その他,その他,34.2611828,135.1844711
2020,和歌山,和歌山市,114,0175,負傷,0,1,2020/11/25 18:50,2020,11,25,18,50,水,その他,夜－夜,晴,市街地－人口集中,舗装－乾燥,単路－その他,施設なし,単路－3.5m以上,直線－平坦,単路（交差点付近を含む）,規制なし,中央線－ペイント,区分あり－縁石・ブロック等,人対車両,二輪車－一般原付自転車,歩行者,自家用,対象外当事者,対象外当事者,対象外当事者,45～54歳,25～34歳,損傷なし,負傷,対象外当事者,対象外当事者,指定の速度規制なし等,対象外当事者,小破,対象外当事者,対象外当事者,対象外当事者,34.2470675,135.1409922
2020,和歌山,和歌山市,114,0176,負傷,0,1,2020/11/15 05:28,2020,11,15,5,28,日,その他,夜－夜,晴,市街地－その他,舗装－乾燥,交差点－その他,点灯－３灯式,交差点－中（5.5m以上）－小,直線－平坦,交差点内,規制なし,中央分離なし,区分あり－路側帯,車両相互,乗用車－普通車,二輪車－一般原付自転車,自家用,自家用,乗用車,対象外当事者,45～54歳,65～74歳,損傷なし,負傷,規制なし,規制なし,30㎞／ｈ以下,指定の速度規制なし等,小破,小破,その他,対象外当事者,34.2426814,135.1503242
2020,和歌山,和歌山市,114,0177,負傷,0,1,2020/12/05 15:55,2020,12,5,15,55,土,その他,昼－暮,晴,市街地－その他,舗装－乾燥,交差点－その他,点灯－押ボタン式,交差点－中（5.5m以上）－小,直線－平坦,交差点内,規制なし,中央線－ペイント,区分あり－縁石・ブロック等,車両相互,乗用車－普通車,軽車両－自転車,自家用,対象外当事者,乗用車,対象外当事者,35～44歳,65～74歳,損傷なし,負傷,規制なし,規制なし,50㎞／ｈ以下,対象外当事者,小破,小破,その他,対象外当事者,34.25968,135.1753292
2020,和歌山,和歌山市,114,0178,負傷,0,2,2020/11/15 17:20,2020,11,15,17,20,日,その他,夜－暮,晴,市街地－人口集中,舗装－乾燥,交差点付近－その他,点灯－３灯式,単路－9.0m以上,直線－平坦,単路（交差点付近を含む）,規制なし,中央分離帯,区分あり－縁石・ブロック等,車両相互,乗用車－普通車,乗用車－普通車,自家用,自家用,乗用車,乗用車,45～54歳,55～64歳,損傷なし,負傷,対象外当事者,対象外当事者,50㎞／ｈ以下,50㎞／ｈ以下,小破,小破,その他,その他,34.2596725,135.1718314
2020,和歌山,和歌山市,114,0179,負傷,0,1,2020/12/12 13:40,2020,12,12,13,40,土,その他,昼－昼,晴,市街地－人口集中,舗装－乾燥,交差点－その他,施設なし,交差点－小（5.5m未満）－小,直線－平坦,交差点内,規制なし,中央分離なし,区分なし,車両相互,乗用車－軽自動車,軽車両－自転車,自家用,対象外当事者,乗用車,対象外当事者,55～64歳,0～24歳,損傷なし,負傷,規制なし,規制なし,30㎞／ｈ以下,対象外当事者,小破,小破,その他,対象外当事者,34.2564969,135.1819831
2020,和歌山,和歌山市,114,0180,負傷,0,1,2020/12/08 08:10,2020,12,8,8,10,火,その他,昼－昼,晴,市街地－人口集中,舗装－乾燥,交差点付近－その他,点灯－３灯式,単路－5.5m以上,直線－平坦,単路（交差点付近を含む）,規制なし,中央分離帯,区分あり－縁石・ブロック等,車両相互,乗用車－普通車,乗用車－軽自動車,自家用,自家用,乗用車,乗用車,55～64歳,0～24歳,損傷なし,負傷,対象外当事者,対象外当事者,50㎞／ｈ以下,50㎞／ｈ以下,小破,小破,その他,その他,34.25411,135.1381875
2020,和歌山,和歌山市,114,0181,負傷,0,1,2020/11/20 08:28,2020,11,20,8,28,金,その他,昼－昼,雨,市街地－人口集中,舗装－湿潤,交差点付近－その他,点灯－３灯式,単路－9.0m以上,直線－平坦,単路（交差点付近を含む）,規制なし,中央分離帯,区分あり－縁石・ブロック等,車両相互,乗用車－普通車,貨物車－普通車,自家用,自家用,乗用車,貨物車,25～34歳,0～24歳,負傷,損傷なし,対象外当事者,対象外当事者,50㎞／ｈ以下,50㎞／ｈ以下,小破,小破,その他,その他,34.2613303,135.1858322
2020,和歌山,和歌山市,114,0182,負傷,0,1,2020/12/19 14:45,2020,12,19,14,45,土,その他,昼－昼,曇,市街地－その他,舗装－湿潤,一般交通の場所,施設なし,一般交通の場所,一般交通の場所,その他,規制なし,一般交通の場所,区分なし,車両相互,乗用車－普通車,乗用車－軽自動車,自家用,自家用,乗用車,乗用車,55～64歳,45～54歳,損傷なし,負傷,対象外当事者,対象外当事者,指定の速度規制なし等,指定の速度規制なし等,小破,小破,その他,その他,34.2777747,135.148285
2020,和歌山,和歌山市,114,0183,負傷,0,1,2020/11/22 10:34,2020,11,22,10,34,日,前日,昼－昼,晴,市街地－その他,舗装－乾燥,交差点－その他,施設なし,交差点－中（5.5m以上）－小,カーブ・屈折－左－平坦,交差点内,規制なし,中央分離帯,区分あり－縁石・ブロック等,車両相互,乗用車－普通車,乗用車－普通車,自家用,自家用,乗用車,乗用車,75歳以上,65～74歳,損傷なし,負傷,規制なし,規制なし,指定の速度規制なし等,50㎞／ｈ以下,中破,中破,その他,装備あり 作動,34.2592158,135.1597142
2020,和歌山,和歌山市,114,0184,負傷,0,1,2020/12/11 09:05,2020,12,11,9,5,金,その他,昼－昼,晴,市街地－人口集中,舗装－乾燥,交差点－その他,施設なし,交差点－中（5.5m以上）－小,直線－平坦,交差点内,規制なし,中央分離なし,区分あり－縁石・ブロック等,車両相互,乗用車－軽自動車,軽車両－自転車,自家用,対象外当事者,乗用車,対象外当事者,35～44歳,55～64歳,損傷なし,負傷,標準－自発光式,規制なし,指定の速度規制なし等,対象外当事者,小破,小破,その他,対象外当事者,34.2446358,135.1622233
2020,和歌山,和歌山市,114,0185,負傷,0,1,2020/12/02 07:05,2020,12,2,7,5,水,その他,昼－明,晴,市街地－人口集中,舗装－乾燥,一般交通の場所,施設なし,一般交通の場所,一般交通の場所,その他,規制なし,一般交通の場所,区分なし,車両相互,乗用車－普通車,乗用車－軽自動車,自家用,自家用,乗用車,乗用車,0～24歳,45～54歳,負傷,損傷なし,対象外当事者,対象外当事者,指定の速度規制なし等,指定の速度規制なし等,小破,小破,その他,その他,34.2528858,135.1236297
2021,和歌山,和歌山市,059,0001,負傷,0,1,2020/11/01 10:20,2020,11,1,10,20,日,その他,昼－昼,晴,市街地－その他,舗装－乾燥,単路－その他,施設なし,単路－13.0m以上,直線－平坦,単路（交差点付近を含む）,規制なし,中央分離帯,区分あり－防護柵等,車両単独,二輪車－自動二輪－軽二輪－126～250cc,相手なし,自家用,対象外当事者,対象外当事者,対象外当事者,45～54歳,不明,負傷,対象外当事者,対象外当事者,対象外当事者,指定の速度規制なし等,対象外当事者,中破,対象外当事者,対象外当事者,対象外当事者,34.2748981,135.2440203
2021,和歌山,橋本市,101,0001,負傷,0,1,2020/12/24 18:44,2020,12,24,18,44,木,その他,夜－夜,雨,非市街地,舗装－湿潤,交差点－その他,施設なし,交差点－中（5.5m以上）－中,直線－平坦,交差点内,規制なし,中央分離なし,区分あり－縁石・ブロック等,車両相互,乗用車－軽自動車,二輪車－自動二輪－小型二輪－251～400cc,自家用,自家用,乗用車,対象外当事者,45～54歳,35～44歳,損傷なし,負傷,規制なし,規制なし,指定の速度規制なし等,指定の速度規制なし等,小破,小破,その他,対象外当事者,34.3369108,135.6529831
2021,和歌山,高野町,101,0002,負傷,0,2,2020/12/19 23:00,2020,12,19,23,0,土,その他,夜－夜,雪,非市街地,舗装－積雪,単路－カーブ・屈折,施設なし,単路－3.5m以上,カーブ・屈折－左－下り,単路（交差点付近を含む）,規制なし,中央線－ペイント,区分なし,車両相互,乗用車－普通車,乗用車－軽自動車,自家用,自家用,乗用車,乗用車,25～34歳,0～24歳,損傷なし,損傷なし,対象外当事者,対象外当事者,指定の速度規制なし等,指定の速度規制なし等,小破,小破,その他,その他,34.2188239,135.5670675
2021,和歌山,橋本市,101,0003,負傷,0,1,2020/12/23 06:10,2020,12,23,6,10,水,その他,夜－明,霧,非市街地,舗装－湿潤,交差点－その他,点灯－３灯式,交差点－中（5.5m以上）－小,直線－平坦,交差点内,規制なし,中央分離なし,区分あり－縁石・ブロック等,人対車両,乗用車－軽自動車,歩行者,自家用,対象外当事者,乗用車,対象外当事者,35～44歳,0～24歳,損傷なし,負傷,規制なし,対象外当事者,50㎞／ｈ以下,対象外当事者,小破,対象外当事者,その他,対象外当事者,34.3364378,135.6012042
2021,和歌山,九度山町,101,0004,負傷,0,1,2021/01/13 07:48,2021,1,13,7,48,水,その他,昼－明,晴,非市街地,舗装－凍結,単路－カーブ・屈折,施設なし,単路－3.5m以上,カーブ・屈折－左－平坦,単路（交差点付近を含む）,規制なし,中央線－ペイント,区分あり－縁石・ブロック等,車両相互,乗用車－普通車,乗用車－軽自動車,自家用,自家用,乗用車,乗用車,0～24歳,25～34歳,損傷なし,負傷,対象外当事者,対象外当事者,指定の速度規制なし等,指定の速度規制なし等,中破,中破,装備あり 作動,装備あり 作動,34.2983269,135.5470322
2021,和歌山,橋本市,101,0005,負傷,0,1,2021/01/26 16:20,2021,1,26,16,20,火,その他,昼－昼,曇,非市街地,舗装－乾燥,交差点－その他,施設なし,交差点－小（5.5m未満）－小,直線－平坦,交差点内,規制なし,中央分離なし,区分なし,人対車両,乗用車－軽自動車,歩行者,自家用,対象外当事者,乗用車,対象外当事者,35～44歳,0～24歳,損傷なし,負傷,規制なし,対象外当事者,指定の速度規制なし等,対象外当事者,小破,対象外当事者,その他,対象外当事者,34.3114736,135.5852986
2021,和歌山,かつらぎ町,102,0001,死亡,1,0,2021/01/02 13:35,2021,1,2,13,35,土,その他,昼－昼,曇,非市街地,舗装－乾燥,単路－トンネル,施設なし,単路－5.5m以上,直線－下り,単路（交差点付近を含む）,規制なし,中央線－ペイント,区分なし,車両単独,二輪車－自動二輪－小型二輪－751ｃｃ以上,物件等,自家用,対象外当事者,対象外当事者,対象外当事者,65～74歳,不明,死亡,対象外当事者,対象外当事者,対象外当事者,50㎞／ｈ以下,対象外当事者,小破,対象外当事者,対象外当事者,対象外当事者,34.3467994,135.4722867
2021,和歌山,橋本市,102,0002,負傷,0,2,2020/12/07 08:10,2020,12,7,8,10,月,その他,昼－昼,晴,非市街地,舗装－乾燥,交差点－その他,施設なし,交差点－小（5.5m未満）－小,直線－平坦,交差点内,規制なし,中央分離なし,区分なし,車両相互,乗用車－普通車,乗用車－軽自動車,自家用,自家用,乗用車,乗用車,25～34歳,55～64歳,負傷,負傷,規制なし,規制なし,指定の速度規制なし等,指定の速度規制なし等,中破,中破,装備あり 作動,装備あり 作動,34.3074269,135.5713836