対象年,都道府県,市区町村,警察署等コード,本票番号,事故内容,死者数,負傷者数,発生日時,発生年,発生月,発生日,発生時,発生分,曜日,祝日,昼夜,天候,地形,路面状態,道路形状,信号機,車道幅員,道路線形,衝突地点,ゾーン規制,中央分離帯施設等,歩車道区分,事故類型,当事者A 種別,当事者B 種別,当事者A 用途,当事者B 用途,当事者A 車両形状,当事者B 車両形状,当事者A 年齢,当事者B 年齢,当事者A 人身損傷程度,当事者B 人身損傷程度,当事者A 一時停止規制標識,当事者B 一時停止規制標識,当事者A 速度規制,当事者B 速度規制,当事者A 車両損壊程度,当事者B 車両損壊程度,当事者A エアバッグ,当事者B エアバッグ,緯度,経度
2021,和歌山,和歌山市,104,0232,負傷,0,1,2021/10/11 11:00,2021,10,11,11,0,月,その他,昼－昼,晴,市街地－人口集中,舗装－乾燥,交差点－その他,施設なし,交差点－小（5.5m未満）－小,直線－平坦,交差点内,規制なし,中央分離なし,区分なし,車両相互,乗用車－軽自動車,軽車両－自転車,自家用,対象外当事者,乗用車,対象外当事者,75歳以上,0～24歳,損傷なし,負傷,標準－反射式,規制なし,指定の速度規制なし等,対象外当事者,小破,中破,その他,対象外当事者,34.2319242,135.2081458
2021,和歌山,和歌山市,104,0233,負傷,0,1,2021/10/23 11:10,2021,10,23,11,10,土,その他,昼－昼,晴,市街地－人口集中,舗装－乾燥,交差点－その他,施設なし,交差点－中（5.5m以上）－小,直線－平坦,交差点内,規制なし,中央分離帯,区分あり－縁石・ブロック等,車両単独,乗用車－軽自動車,物件等,自家用,対象外当事者,乗用車,対象外当事者,75歳以上,不明,損傷なし,対象外当事者,規制なし,対象外当事者,50㎞／ｈ以下,対象外当事者,中破,対象外当事者,その他,対象外当事者,34.2058917,135.1845825
2021,和歌山,和歌山市,104,0234,負傷,0,1,2021/10/25 20:05,2021,10,25,20,5,月,その他,夜－夜,雨,非市街地,舗装－湿潤,単路－その他,施設なし,単路－9.0m以上,直線－平坦,単路（交差点付近を含む）,規制なし,中央線－ペイント,区分あり－縁石・ブロック等,車両相互,乗用車－普通車,乗用車－普通車,自家用,自家用,乗用車,乗用車,75歳以上,25～34歳,損傷なし,負傷,対象外当事者,対象外当事者,指定の速度規制なし等,指定の速度規制なし等,小破,小破,その他,その他,34.2586058,135.2173697
2021,和歌山,和歌山市,104,0235,負傷,0,1,2021/10/09 10:15,2021,10,9,10,15,土,その他,昼－昼,晴,非市街地,舗装－乾燥,交差点－その他,点灯－３灯式,交差点－中（5.5m以上）－小,直線－平坦,交差点内,規制なし,中央線－ペイント,区分あり－路側帯,車両相互,乗用車－軽自動車,乗用車－軽自動車,自家用,自家用,乗用車,乗用車,25～34歳,55～64歳,損傷なし,負傷,規制なし,規制なし,指定の速度規制なし等,指定の速度規制なし等,小破,大破,その他,その他,34.2529519,135.2945928
2021,和歌山,和歌山市,104,0236,負傷,0,1,2021/10/19 13:35,2021,10,19,13,35,火,その他,昼－昼,雨,市街地－人口集中,舗装－湿潤,交差点－その他,点灯－３灯式,交差点－大（13.0ｍ以上）－小,直線－平坦,交差点内,規制なし,中央分離なし,区分あり－縁石・ブロック等,車両相互,貨物車－準中型車,乗用車－普通車,自家用,自家用,貨物車,乗用車,55～64歳,75歳以上,負傷,損傷なし,規制なし,規制なし,指定の速度規制なし等,指定の速度規制なし等,大破,大破,その他,その他,34.2090308,135.2090564
2021,和歌山,和歌山市,104,0237,負傷,0,1,2021/10/19 18:05,2021,10,19,18,5,火,その他,夜－暮,晴,市街地－人口集中,舗装－乾燥,交差点－その他,点灯－３灯式,交差点－大（13.0ｍ以上）－小,直線－平坦,交差点内,規制なし,中央分離帯,区分あり－縁石・ブロック等,車両相互,乗用車－軽自動車,軽車両－自転車,自家用,対象外当事者,乗用車,対象外当事者,75歳以上,55～64歳,損傷なし,負傷,規制なし,規制なし,30㎞／ｈ以下,対象外当事者,小破,小破,その他,対象外当事者,34.2295386,135.1942736
2021,和歌山,和歌山市,104,0238,負傷,0,1,2021/09/30 18:50,2021,9,30,18,50,木,その他,夜－夜,晴,非市街地,舗装－乾燥,一般交通の場所,施設なし,一般交通の場所,一般交通の場所,その他,規制なし,一般交通の場所,区分なし,人対車両,乗用車－普通車,歩行者,自家用,対象外当事者,乗用車,対象外当事者,35～44歳,45～54歳,損傷なし,負傷,対象外当事者,対象外当事者,指定の速度規制なし等,対象外当事者,小破,対象外当事者,その他,対象外当事者,34.2442294,135.2486033
2021,和歌山,和歌山市,105,0142,負傷,0,1,2021/09/14 21:54,2021,9,14,21,54,火,その他,夜－夜,雨,市街地－その他,舗装－湿潤,一般交通の場所,施設なし,一般交通の場所,一般交通の場所,その他,規制なし,一般交通の場所,区分なし,車両相互,乗用車－軽自動車,軽車両－自転車,自家用,対象外当事者,乗用車,対象外当事者,55～64歳,25～34歳,損傷なし,負傷,対象外当事者,対象外当事者,指定の速度規制なし等,対象外当事者,中破,中破,その他,対象外当事者,34.2062011,135.1712178
2021,和歌山,和歌山市,105,0148,負傷,0,1,2021/09/29 19:36,2021,9,29,19,36,水,その他,夜－夜,曇,市街地－人口集中,舗装－乾燥,単路－その他,施設なし,単路－9.0m以上,直線－平坦,単路（交差点付近を含む）,規制なし,中央分離帯,区分あり－縁石・ブロック等,車両相互,乗用車－普通車,乗用車－軽自動車,自家用,自家用,乗用車,乗用車,35～44歳,45～54歳,負傷,損傷なし,対象外当事者,対象外当事者,50㎞／ｈ以下,50㎞／ｈ以下,小破,小破,その他,その他,34.1815208,135.1860567
2021,和歌山,和歌山市,105,0149,負傷,0,1,2021/09/07 14:50,2021,9,7,14,50,火,その他,昼－昼,曇,市街地－人口集中,舗装－乾燥,単路－カーブ・屈折,施設なし,単路－9.0m以上,カーブ・屈折－左－平坦,単路（交差点付近を含む）,規制なし,中央線－ペイント,区分あり－路側帯,車両相互,貨物車－大型車,乗用車－軽自動車,事業用,自家用,貨物車,乗用車,55～64歳,25～34歳,損傷なし,負傷,対象外当事者,対象外当事者,指定の速度規制なし等,指定の速度規制なし等,損壊なし,小破,その他,その他,34.2175967,135.1446075
2021,和歌山,和歌山市,105,0150,負傷,0,2,2021/10/05 18:10,2021,10,5,18,10,火,その他,夜－暮,晴,市街地－人口集中,舗装－乾燥,交差点付近－その他,点灯－３灯式,単路－9.0m以上,直線－平坦,単路（交差点付近を含む）,規制なし,中央分離帯,区分あり－縁石・ブロック等,車両相互,乗用車－普通車,乗用車－軽自動車,自家用,自家用,乗用車,乗用車,25～34歳,45～54歳,負傷,損傷なし,対象外当事者,対象外当事者,50㎞／ｈ以下,50㎞／ｈ以下,小破,小破,その他,その他,34.2151783,135.1779297
2021,和歌山,和歌山市,105,0151,負傷,0,1,2021/10/09 10:40,2021,10,9,10,40,土,その他,昼－昼,晴,市街地－人口集中,舗装－乾燥,交差点付近－その他,点灯－３灯式,単路－5.5m以上,直線－平坦,単路（交差点付近を含む）,規制なし,中央線－ペイント,区分あり－縁石・ブロック等,車両相互,乗用車－普通車,乗用車－軽自動車,自家用,自家用,乗用車,乗用車,45～54歳,35～44歳,負傷,損傷なし,対象外当事者,対象外当事者,40㎞／ｈ以下,40㎞／ｈ以下,小破,小破,その他,その他,34.2025728,135.1631753
2021,和歌山,和歌山市,105,0152,負傷,0,1,2021/07/10 19:45,2021,7,10,19,45,土,その他,夜－暮,晴,市街地－人口集中,舗装－乾燥,単路－その他,施設なし,単路－9.0m以上,直線－平坦,単路（交差点付近を含む）,規制なし,中央分離帯,区分あり－縁石・ブロック等,人対車両,乗用車－軽自動車,歩行者,自家用,対象外当事者,乗用車,対象外当事者,25～34歳,75歳以上,損傷なし,負傷,対象外当事者,対象外当事者,50㎞／ｈ以下,対象外当事者,中破,対象外当事者,その他,対象外当事者,34.1656122,135.1874692
2021,和歌山,和歌山市,105,0153,負傷,0,1,2021/10/05 10:30,2021,10,5,10,30,火,その他,昼－昼,晴,市街地－人口集中,舗装－乾燥,交差点－その他,施設なし,交差点－中（5.5m以上）－小,直線－平坦,交差点内,規制なし,中央分離なし,区分あり－縁石・ブロック等,車両相互,貨物車－軽自動車,二輪車－一般原付自転車,自家用,自家用,貨物車,対象外当事者,65～74歳,55～64歳,損傷なし,負傷,規制なし,規制なし,50㎞／ｈ以下,30㎞／ｈ以下,小破,小破,その他,対象外当事者,34.1983967,135.1588944
2021,和歌山,和歌山市,105,0154,負傷,0,1,2021/10/03 08:20,2021,10,3,8,20,日,その他,昼－昼,晴,市街地－人口集中,舗装－乾燥,交差点－その他,施設なし,交差点－中（5.5m以上）－小,直線－平坦,交差点内,規制なし,中央分離なし,区分なし,車両相互,乗用車－普通車,軽車両－自転車,自家用,対象外当事者,乗用車,対象外当事者,0～24歳,25～34歳,損傷なし,負傷,規制なし,標準－反射式,指定の速度規制なし等,対象外当事者,小破,小破,その他,対象外当事者,34.2415478,135.1736458
2021,和歌山,和歌山市,105,0155,負傷,0,1,2021/09/11 13:55,2021,9,11,13,55,土,その他,昼－昼,晴,市街地－人口集中,舗装－乾燥,交差点－その他,施設なし,交差点－大（13.0ｍ以上）－中,直線－平坦,交差点内,規制なし,中央分離なし,区分あり－縁石・ブロック等,車両相互,乗用車－軽自動車,軽車両－自転車,自家用,対象外当事者,乗用車,対象外当事者,65～74歳,45～54歳,損傷なし,負傷,標準－反射式,規制なし,指定の速度規制なし等,対象外当事者,小破,中破,その他,対象外当事者,34.2300919,135.1767033
2021,和歌山,和歌山市,105,0156,負傷,0,1,2021/10/14 07:46,2021,10,14,7,46,木,その他,昼－昼,晴,市街地－人口集中,舗装－乾燥,交差点付近－その他,点灯－３灯式,単路－9.0m以上,直線－下り,単路（交差点付近を含む）,規制なし,中央分離帯,区分あり－縁石・ブロック等,車両相互,乗用車－普通車,貨物車－普通車,自家用,自家用,乗用車,貨物車,25～34歳,35～44歳,損傷なし,負傷,対象外当事者,対象外当事者,50㎞／ｈ以下,50㎞／ｈ以下,小破,小破,その他,その他,34.2014906,135.1715836
2021,和歌山,和歌山市,105,0157,負傷,0,1,2021/10/11 21:50,2021,10,11,21,50,月,その他,夜－夜,曇,市街地－人口集中,舗装－乾燥,一般交通の場所,施設なし,一般交通の場所,一般交通の場所,その他,規制なし,一般交通の場所,区分なし,人対車両,乗用車－普通車,歩行者,自家用,対象外当事者,乗用車,対象外当事者,0～24歳,0～24歳,損傷なし,負傷,対象外当事者,対象外当事者,指定の速度規制なし等,対象外当事者,小破,対象外当事者,その他,対象外当事者,34.1854778,135.1845694
2021,和歌山,和歌山市,105,0158,負傷,0,1,2021/09/21 10:06,2021,9,21,10,6,火,その他,昼－昼,晴,市街地－人口集中,舗装－乾燥,交差点付近－その他,点灯－３灯式,単路－5.5m以上,直線－平坦,単路（交差点付近を含む）,規制なし,中央分離なし,区分あり－路側帯,車両単独,乗用車－大型車,相手なし,事業用,対象外当事者,乗用車,対象外当事者,45～54歳,不明,損傷なし,対象外当事者,対象外当事者,対象外当事者,50㎞／ｈ以下,対象外当事者,損壊なし,対象外当事者,その他,対象外当事者,34.2091081,135.1717931
2021,和歌山,和歌山市,105,0159,負傷,0,1,2021/10/05 12:05,2021,10,5,12,5,火,その他,昼－昼,晴,市街地－人口集中,舗装－乾燥,交差点－その他,点灯－３灯式,交差点－大（13.0ｍ以上）－中,直線－平坦,交差点内,規制なし,中央分離なし,区分あり－縁石・ブロック等,車両相互,乗用車－軽自動車,二輪車－一般原付自転車,自家用,自家用,乗用車,対象外当事者,45～54歳,35～44歳,損傷なし,負傷,規制なし,規制なし,60㎞／ｈ以下,30㎞／ｈ以下,小破,小破,その他,対象外当事者,34.2309708,135.1694144
2021,和歌山,和歌山市,105,0160,負傷,0,1,2021/10/12 05:45,2021,10,12,5,45,火,その他,夜－明,晴,市街地－人口集中,舗装－乾燥,交差点－その他,施設なし,交差点－中（5.5m以上）－中,直線－平坦,交差点内,規制なし,中央分離なし,区分あり－路側帯,車両相互,乗用車－普通車,軽車両－自転車,自家用,対象外当事者,乗用車,対象外当事者,45～54歳,45～54歳,損傷なし,負傷,規制なし,規制なし,指定の速度規制なし等,対象外当事者,小破,小破,その他,対象外当事者,34.2273892,135.1771264
2021,和歌山,和歌山市,105,0161,負傷,0,1,2021/10/04 03:05,2021,10,4,3,5,月,その他,夜－夜,晴,市街地－人口集中,舗装－乾燥,単路－その他,点滅－３灯式,単路－9.0m以上,直線－平坦,単路（交差点付近を含む）,規制なし,中央線－ペイント,区分あり－縁石・ブロック等,車両相互,二輪車－自動二輪－原付二種－51～125cc,軽車両－駆動補助機付自転車,自家用,対象外当事者,対象外当事者,対象外当事者,65～74歳,75歳以上,損傷なし,負傷,対象外当事者,対象外当事者,50㎞／ｈ以下,対象外当事者,小破,小破,対象外当事者,対象外当事者,34.224175,135.1575558
2021,和歌山,和歌山市,105,0162,負傷,0,1,2021/09/22 19:20,2021,9,22,19,20,水,前日,夜－夜,曇,市街地－人口集中,舗装－乾燥,交差点－その他,点灯－３灯式,交差点－中（5.5m以上）－中,直線－平坦,交差点内,規制なし,中央分離なし,区分あり－縁石・ブロック等,人対車両,乗用車－普通車,歩行者,自家用,対象外当事者,乗用車,対象外当事者,45～54歳,75歳以上,損傷なし,負傷,規制なし,対象外当事者,指定の速度規制なし等,対象外当事者,小破,対象外当事者,その他,対象外当事者,34.2177814,135.1572394
2021,和歌山,和歌山市,105,0163,負傷,0,1,2021/10/12 07:40,2021,10,12,7,40,火,その他,昼－昼,晴,市街地－人口集中,舗装－乾燥,交差点－その他,点灯－３灯式,交差点－大（13.0ｍ以上）－中,直線－平坦,交差点内,規制なし,中央分離なし,区分あり－縁石・ブロック等,車両相互,乗用車－軽自動車,軽車両－自転車,自家用,対象外当事者,乗用車,対象外当事者,75歳以上,45～54歳,損傷なし,負傷,規制なし,規制なし,50㎞／ｈ以下,対象外当事者,小破,小破,その他,対象外当事者,34.2405142,135.1768239
2021,和歌山,和歌山市,105,0164,負傷,0,1,2021/10/21 15:15,2021,10,21,15,15,木,その他,昼－昼,晴,市街地－人口集中,舗装－乾燥,単路－その他,施設なし,単路－9.0m以上,直線－平坦,単路（交差点付近を含む）,規制なし,中央分離帯,区分あり－縁石・ブロック等,車両相互,貨物車－普通車,貨物車－軽自動車,自家用,事業用,貨物車,貨物車,75歳以上,45～54歳,損傷なし,負傷,対象外当事者,対象外当事者,50㎞／ｈ以下,50㎞／ｈ以下,小破,小破,その他,その他,34.2216217,135.1783158
2021,和歌山,和歌山市,105,0165,負傷,0,1,2021/10/23 16:37,2021,10,23,16,37,土,その他,昼－暮,晴,市街地－人口集中,舗装－乾燥,単路－カーブ・屈折,施設なし,単路－9.0m以上,カーブ・屈折－左－平坦,単路（交差点付近を含む）,規制なし,中央線－ペイント,区分あり－縁石・ブロック等,車両相互,乗用車－軽自動車,二輪車－自動二輪－軽二輪－126～250cc,自家用,自家用,乗用車,対象外当事者,35～44歳,0～24歳,損傷なし,負傷,対象外当事者,対象外当事者,50㎞／ｈ以下,50㎞／ｈ以下,小破,小破,その他,対象外当事者,34.1856967,135.18486
2021,和歌山,海南市,106,0064,負傷,0,1,2021/07/22 09:35,2021,7,22,9,35,木,当日,昼－昼,晴,非市街地,舗装－乾燥,交差点付近－その他,点灯－３灯式,単路－9.0m以上,カーブ・屈折－右－平坦,単路（交差点付近を含む）,規制なし,中央線－ペイント,区分あり－縁石・ブロック等,車両単独,二輪車－自動二輪－軽二輪－126～250cc,物件等,自家用,対象外当事者,対象外当事者,対象外当事者,35～44歳,不明,負傷,対象外当事者,対象外当事者,対象外当事者,50㎞／ｈ以下,対象外当事者,中破,対象外当事者,対象外当事者,対象外当事者,34.1553264,135.2412725
2021,和歌山,海南市,106,0065,負傷,0,1,2021/10/01 06:00,2021,10,1,6,0,金,その他,昼－明,曇,非市街地,舗装－乾燥,単路－その他,施設なし,単路－9.0m以上,直線－平坦,単路（交差点付近を含む）,規制なし,中央分離帯,区分あり－防護柵等,車両相互,乗用車－普通車,乗用車－軽自動車,自家用,自家用,乗用車,乗用車,0～24歳,25～34歳,損傷なし,負傷,対象外当事者,対象外当事者,50㎞／ｈ以下,50㎞／ｈ以下,小破,小破,その他,その他,34.1450822,135.2057475
2021,和歌山,海南市,106,0066,負傷,0,1,2021/10/06 14:50,2021,10,6,14,50,水,その他,昼－昼,曇,市街地－人口集中,舗装－乾燥,単路－その他,施設なし,単路－9.0m以上,直線－平坦,単路（交差点付近を含む）,規制なし,中央線－ペイント,区分あり－縁石・ブロック等,車両相互,乗用車－普通車,二輪車－自動二輪－小型二輪－251～400cc,自家用,自家用,乗用車,対象外当事者,45～54歳,35～44歳,負傷,損傷なし,対象外当事者,対象外当事者,50㎞／ｈ以下,50㎞／ｈ以下,小破,小破,その他,対象外当事者,34.1530119,135.2287483
2021,和歌山,有田市,107,0012,負傷,0,1,2021/10/05 07:20,2021,10,5,7,20,火,その他,昼－昼,晴,非市街地,舗装－乾燥,単路－その他,施設なし,単路－3.5m以上,直線－平坦,単路（交差点付近を含む）,規制なし,中央線－ペイント,区分あり－防護柵等,車両相互,乗用車－普通車,乗用車－普通車,自家用,自家用,乗用車,乗用車,25～34歳,0～24歳,損傷なし,負傷,対象外当事者,対象外当事者,50㎞／ｈ以下,50㎞／ｈ以下,中破,中破,その他,その他,34.0798392,135.1344311
2021,和歌山,有田市,107,0013,負傷,0,2,2021/10/14 01:00,2021,10,14,1,0,木,その他,夜－夜,晴,非市街地,舗装－乾燥,一般交通の場所,施設なし,一般交通の場所,一般交通の場所,その他,規制なし,一般交通の場所,区分なし,人対車両,乗用車－普通車,歩行者,自家用,対象外当事者,乗用車,対象外当事者,0～24歳,0～24歳,損傷なし,負傷,対象外当事者,対象外当事者,指定の速度規制なし等,対象外当事者,小破,対象外当事者,その他,対象外当事者,34.0787583,135.1318211
2021,和歌山,有田市,107,0014,負傷,0,1,2021/10/23 22:30,2021,10,23,22,30,土,その他,夜－夜,晴,非市街地,舗装－乾燥,交差点付近－その他,点灯－３灯式,単路－3.5m以上,直線－上り,単路（交差点付近を含む）,規制なし,中央線－ペイント,区分あり－縁石・ブロック等,車両相互,乗用車－軽自動車,乗用車－軽自動車,自家用,自家用,乗用車,乗用車,35～44歳,25～34歳,損傷なし,負傷,対象外当事者,対象外当事者,50㎞／ｈ以下,50㎞／ｈ以下,中破,中破,その他,その他,34.0796522,135.1288161
2021,和歌山,有田市,107,0015,負傷,0,1,2021/10/05 18:30,2021,10,5,18,30,火,その他,夜－暮,晴,非市街地,舗装－乾燥,単路－その他,施設なし,単路－5.5m以上,直線－平坦,単路（交差点付近を含む）,規制なし,中央分離帯,区分あり－縁石・ブロック等,車両相互,貨物車－軽自動車,軽車両－自転車,自家用,対象外当事者,貨物車,対象外当事者,35～44歳,65～74歳,損傷なし,負傷,対象外当事者,対象外当事者,50㎞／ｈ以下,対象外当事者,小破,中破,その他,対象外当事者,34.0796736,135.1199836
2021,和歌山,有田川町,108,0028,負傷,0,1,2021/09/19 12:05,2021,9,19,12,5,日,前日,昼－昼,晴,非市街地,舗装－乾燥,単路－その他,施設なし,単路－9.0m以上,直線－平坦,単路（交差点付近を含む）,規制なし,中央線－ペイント,区分あり－縁石・ブロック等,車両相互,乗用車－軽自動車,二輪車－自動二輪－小型二輪－751ｃｃ以上,自家用,自家用,乗用車,対象外当事者,45～54歳,65～74歳,負傷,損傷なし,対象外当事者,対象外当事者,50㎞／ｈ以下,20㎞／ｈ以下,小破,小破,その他,対象外当事者,34.0560311,135.2002092
2021,和歌山,湯浅町,108,0029,死亡,1,0,2021/10/21 18:52,2021,10,21,18,52,木,その他,夜－夜,晴,市街地－人口集中,舗装－乾燥,交差点－その他,施設なし,交差点－中（5.5m以上）－小,直線－平坦,交差点内,規制なし,中央線－ペイント,区分なし,人対車両,乗用車－普通車,歩行者,自家用,対象外当事者,乗用車,対象外当事者,75歳以上,75歳以上,損傷なし,死亡,規制なし,対象外当事者,40㎞／ｈ以下,対象外当事者,小破,対象外当事者,その他,対象外当事者,34.0384422,135.1809125
2021,和歌山,日高町,109,0033,負傷,0,2,2021/09/22 16:00,2021,9,22,16,0,水,前日,昼－昼,曇,非市街地,舗装－乾燥,一般交通の場所,施設なし,一般交通の場所,一般交通の場所,その他,規制なし,一般交通の場所,区分なし,人対車両,乗用車－軽自動車,歩行者,自家用,対象外当事者,乗用車,対象外当事者,75歳以上,35～44歳,損傷なし,負傷,対象外当事者,対象外当事者,指定の速度規制なし等,対象外当事者,小破,対象外当事者,その他,対象外当事者,33.9380803,135.0869286
2021,和歌山,由良町,109,0034,負傷,0,1,2021/10/03 10:15,2021,10,3,10,15,日,その他,昼－昼,晴,非市街地,舗装－乾燥,単路－その他,施設なし,単路－5.5m以上,直線－平坦,単路（交差点付近を含む）,規制なし,中央線－ペイント,区分あり－縁石・ブロック等,車両相互,乗用車－普通車,二輪車－自動二輪－小型二輪－751ｃｃ以上,自家用,自家用,乗用車,対象外当事者,25～34歳,45～54歳,損傷なし,負傷,対象外当事者,対象外当事者,50㎞／ｈ以下,50㎞／ｈ以下,小破,小破,その他,対象外当事者,33.9706533,135.1296392
2021,和歌山,由良町,109,0035,負傷,0,1,2021/09/18 09:50,2021,9,18,9,50,土,その他,昼－昼,晴,非市街地,舗装－乾燥,単路－カーブ・屈折,施設なし,単路－5.5m以上,カーブ・屈折－右－上り,単路（交差点付近を含む）,規制なし,中央線－ペイント,区分あり－路側帯,車両単独,貨物車－軽自動車,物件等,自家用,対象外当事者,貨物車,対象外当事者,55～64歳,不明,損傷なし,対象外当事者,対象外当事者,対象外当事者,40㎞／ｈ以下,対象外当事者,小破,対象外当事者,その他,対象外当事者,33.9886933,135.1601311
2021,和歌山,田辺市,110,0087,負傷,0,1,2021/09/25 17:24,2021,9,25,17,24,土,その他,昼－暮,晴,市街地－その他,舗装－乾燥,交差点－その他,点灯－３灯式,交差点－中（5.5m以上）－小,直線－平坦,交差点内,規制なし,中央分離なし,区分あり－縁石・ブロック等,車両相互,乗用車－軽自動車,二輪車－一般原付自転車,自家用,自家用,乗用車,対象外当事者,35～44歳,45～54歳,損傷なし,負傷,規制なし,規制なし,30㎞／ｈ以下,指定の速度規制なし等,小破,小破,その他,対象外当事者,33.7328944,135.3753128
2021,和歌山,みなべ町,110,0088,負傷,0,1,2021/09/28 08:17,2021,9,28,8,17,火,その他,昼－昼,晴,非市街地,舗装－乾燥,交差点付近－その他,施設なし,単路－5.5m以上,直線－平坦,単路（交差点付近を含む）,規制なし,中央線－ペイント,区分あり－防護柵等,車両相互,乗用車－軽自動車,乗用車－軽自動車,自家用,自家用,乗用車,乗用車,0～24歳,45～54歳,損傷なし,負傷,対象外当事者,対象外当事者,50㎞／ｈ以下,50㎞／ｈ以下,小破,小破,その他,その他,33.7721925,135.3135347
2021,和歌山,田辺市,110,0089,負傷,0,4,2021/10/02 13:00,2021,10,2,13,0,土,その他,昼－昼,晴,非市街地,舗装－乾燥,単路－その他,施設なし,単路－5.5m以上,直線－上り,単路（交差点付近を含む）,規制なし,中央線－ペイント,区分あり－縁石・ブロック等,車両相互,乗用車－普通車,乗用車－普通車,自家用,自家用,乗用車,乗用車,25～34歳,35～44歳,損傷なし,負傷,対象外当事者,対象外当事者,指定の速度規制なし等,指定の速度規制なし等,小破,小破,その他,その他,33.7095222,135.4019975
2021,和歌山,田辺市,110,0090,負傷,0,1,2021/10/02 09:40,2021,10,2,9,40,土,その他,昼－昼,晴,非市街地,舗装－乾燥,一般交通の場所,施設なし,一般交通の場所,一般交通の場所,その他,規制なし,一般交通の場所,区分なし,人対車両,貨物車－軽自動車,歩行者,自家用,対象外当事者,貨物車,対象外当事者,65～74歳,55～64歳,損傷なし,負傷,対象外当事者,対象外当事者,指定の速度規制なし等,対象外当事者,小破,対象外当事者,その他,対象外当事者,33.7366383,135.3984333
2021,和歌山,田辺市,110,0091,負傷,0,1,2021/09/23 13:20,2021,9,23,13,20,木,当日,昼－昼,晴,市街地－人口集中,舗装－乾燥,交差点付近－その他,施設なし,単路－3.5m以上,直線－平坦,単路（交差点付近を含む）,規制なし,中央分離なし,区分あり－路側帯,車両単独,二輪車－一般原付自転車,物件等,自家用,対象外当事者,対象外当事者,対象外当事者,45～54歳,不明,負傷,対象外当事者,対象外当事者,対象外当事者,30㎞／ｈ以下,対象外当事者,中破,対象外当事者,対象外当事者,対象外当事者,33.7260958,135.3854706
2021,和歌山,田辺市,110,0092,負傷,0,1,2021/10/09 11:35,2021,10,9,11,35,土,その他,昼－昼,晴,市街地－人口集中,舗装－乾燥,単路－その他,施設なし,単路－5.5m以上,直線－平坦,単路（交差点付近を含む）,規制なし,中央線－ペイント,区分あり－縁石・ブロック等,車両相互,乗用車－普通車,乗用車－普通車,自家用,自家用,乗用車,乗用車,75歳以上,65～74歳,損傷なし,負傷,対象外当事者,対象外当事者,40㎞／ｈ以下,40㎞／ｈ以下,小破,小破,その他,その他,33.7310072,135.3884564
2021,和歌山,田辺市,110,0093,負傷,0,2,2021/10/15 08:20,2021,10,15,8,20,金,その他,昼－昼,晴,非市街地,舗装－乾燥,交差点－その他,施設なし,交差点－中（5.5m以上）－小,直線－平坦,交差点内,規制なし,中央分離なし,区分なし,車両相互,乗用車－普通車,乗用車－軽自動車,自家用,自家用,乗用車,乗用車,45～54歳,35～44歳,負傷,負傷,規制なし,標準－反射式,30㎞／ｈ以下,30㎞／ｈ以下,小破,小破,その他,その他,33.7242453,135.3802078
2021,和歌山,田辺市,110,0094,負傷,0,2,2021/10/09 16:26,2021,10,9,16,26,土,その他,昼－昼,晴,非市街地,舗装－乾燥,単路－その他,点灯－３灯式,単路－5.5m以上,直線－平坦,単路（交差点付近を含む）,規制なし,中央線－ペイント,区分あり－縁石・ブロック等,車両相互,乗用車－軽自動車,乗用車－軽自動車,自家用,自家用,乗用車,乗用車,35～44歳,75歳以上,損傷なし,負傷,対象外当事者,対象外当事者,40㎞／ｈ以下,40㎞／ｈ以下,小破,小破,その他,その他,33.7269097,135.3941422
2021,和歌山,田辺市,110,0095,負傷,0,1,2021/10/18 10:30,2021,10,18,10,30,月,その他,昼－昼,晴,市街地－人口集中,舗装－乾燥,交差点－その他,施設なし,交差点－中（5.5m以上）－中,カーブ・屈折－左－平坦,交差点内,規制なし,中央線－ペイント,区分あり－路側帯,車両相互,貨物車－普通車,軽車両－自転車,自家用,対象外当事者,貨物車,対象外当事者,45～54歳,25～34歳,損傷なし,負傷,規制なし,規制なし,30㎞／ｈ以下,対象外当事者,小破,損壊なし,その他,対象外当事者,33.7301297,135.3903703
2021,和歌山,すさみ町,111,0021,負傷,0,1,2021/09/11 17:02,2021,9,11,17,2,土,その他,昼－昼,晴,非市街地,舗装－乾燥,一般交通の場所,施設なし,一般交通の場所,一般交通の場所,その他,規制なし,一般交通の場所,区分なし,車両相互,乗用車－軽自動車,乗用車－軽自動車,自家用,自家用,乗用車,乗用車,35～44歳,75歳以上,損傷なし,負傷,対象外当事者,対象外当事者,指定の速度規制なし等,指定の速度規制なし等,小破,小破,その他,その他,33.5542286,135.4969947
2021,和歌山,新宮市,112,0038,負傷,0,1,2021/10/12 15:50,2021,10,12,15,50,火,その他,昼－昼,晴,市街地－人口集中,舗装－乾燥,交差点－その他,点滅－１灯式,交差点－小（5.5m未満）－小,直線－平坦,交差点内,規制なし,中央分離なし,区分なし,車両相互,乗用車－軽自動車,軽車両－自転車,自家用,対象外当事者,乗用車,対象外当事者,65～74歳,0～24歳,損傷なし,負傷,規制なし,規制なし,30㎞／ｈ以下,対象外当事者,小破,小破,その他,対象外当事者,33.7239411,135.9906925