対象年,都道府県,市区町村,警察署等コード,本票番号,事故内容,死者数,負傷者数,発生日時,発生年,発生月,発生日,発生時,発生分,曜日,祝日,昼夜,天候,地形,路面状態,道路形状,信号機,車道幅員,道路線形,衝突地点,ゾーン規制,中央分離帯施設等,歩車道区分,事故類型,当事者A 種別,当事者B 種別,当事者A 用途,当事者B 用途,当事者A 車両形状,当事者B 車両形状,当事者A 年齢,当事者B 年齢,当事者A 人身損傷程度,当事者B 人身損傷程度,当事者A 一時停止規制標識,当事者B 一時停止規制標識,当事者A 速度規制,当事者B 速度規制,当事者A 車両損壊程度,当事者B 車両損壊程度,当事者A エアバッグ,当事者B エアバッグ,緯度,経度
2021,和歌山,新宮市,112,0042,負傷,0,1,2021/10/24 10:15,2021,10,24,10,15,日,その他,昼－昼,晴,非市街地,舗装－乾燥,交差点付近－その他,施設なし,単路－3.5m以上,直線－上り,単路（交差点付近を含む）,規制なし,中央分離なし,区分あり－路側帯,人対車両,乗用車－普通車,歩行者,自家用,対象外当事者,乗用車,対象外当事者,0～24歳,55～64歳,損傷なし,負傷,対象外当事者,対象外当事者,30㎞／ｈ以下,対象外当事者,小破,対象外当事者,その他,対象外当事者,33.6836792,135.9750067
2021,和歌山,新宮市,112,0043,負傷,0,1,2021/11/01 12:10,2021,11,1,12,10,月,その他,昼－昼,晴,市街地－その他,舗装－乾燥,一般交通の場所,施設なし,一般交通の場所,一般交通の場所,その他,規制なし,一般交通の場所,区分なし,人対車両,乗用車－普通車,歩行者,自家用,対象外当事者,乗用車,対象外当事者,45～54歳,45～54歳,損傷なし,負傷,対象外当事者,対象外当事者,指定の速度規制なし等,対象外当事者,損壊なし,対象外当事者,その他,対象外当事者,33.7172097,135.9870844
2021,和歌山,新宮市,112,0044,負傷,0,1,2021/10/31 12:15,2021,10,31,12,15,日,その他,昼－昼,晴,非市街地,舗装－乾燥,一般交通の場所,施設なし,一般交通の場所,一般交通の場所,その他,規制なし,一般交通の場所,区分あり－縁石・ブロック等,車両相互,乗用車－軽自動車,貨物車－軽自動車,自家用,自家用,乗用車,貨物車,35～44歳,65～74歳,負傷,損傷なし,対象外当事者,対象外当事者,指定の速度規制なし等,指定の速度規制なし等,小破,小破,その他,その他,33.6839081,135.9703761
2021,和歌山,白浜町,113,0024,負傷,0,1,2021/11/03 13:25,2021,11,3,13,25,水,当日,昼－昼,晴,非市街地,舗装－乾燥,単路－カーブ・屈折,施設なし,単路－5.5m以上,カーブ・屈折－右－平坦,単路（交差点付近を含む）,規制なし,中央線－ペイント,区分あり－路側帯,車両相互,乗用車－軽自動車,二輪車－自動二輪－小型二輪－751ｃｃ以上,自家用,自家用,乗用車,対象外当事者,35～44歳,55～64歳,負傷,損傷なし,対象外当事者,対象外当事者,40㎞／ｈ以下,40㎞／ｈ以下,小破,小破,その他,対象外当事者,33.6761928,135.3870714
2021,和歌山,白浜町,113,0025,負傷,0,1,2021/10/31 05:51,2021,10,31,5,51,日,その他,夜－明,曇,非市街地,舗装－乾燥,交差点－その他,点灯－３灯式,交差点－中（5.5m以上）－中,直線－平坦,交差点内,規制なし,中央分離なし,区分あり－防護柵等,車両相互,乗用車－普通車,軽車両－自転車,自家用,対象外当事者,乗用車,対象外当事者,55～64歳,45～54歳,損傷なし,負傷,規制なし,規制なし,指定の速度規制なし等,対象外当事者,中破,大破,その他,対象外当事者,33.6792169,135.4094386
2021,和歌山,白浜町,113,0026,負傷,0,1,2021/07/20 17:35,2021,7,20,17,35,火,その他,昼－昼,晴,非市街地,舗装－乾燥,交差点－その他,施設なし,交差点－中（5.5m以上）－小,直線－下り,交差点内,規制なし,中央分離なし,区分なし,車両相互,乗用車－軽自動車,二輪車－一般原付自転車,自家用,自家用,乗用車,対象外当事者,65～74歳,45～54歳,損傷なし,負傷,規制なし,規制なし,指定の速度規制なし等,指定の速度規制なし等,小破,小破,その他,対象外当事者,33.6867078,135.3528842
2021,和歌山,和歌山市,114,0123,負傷,0,1,2021/10/31 13:05,2021,10,31,13,5,日,その他,昼－昼,晴,市街地－人口集中,舗装－乾燥,一般交通の場所,施設なし,一般交通の場所,一般交通の場所,その他,規制なし,一般交通の場所,区分なし,車両相互,乗用車－普通車,乗用車－軽自動車,自家用,自家用,乗用車,乗用車,35～44歳,25～34歳,損傷なし,負傷,対象外当事者,対象外当事者,指定の速度規制なし等,指定の速度規制なし等,小破,小破,その他,その他,34.2554064,135.1331525
2021,和歌山,和歌山市,114,0124,負傷,0,1,2021/10/27 18:40,2021,10,27,18,40,水,その他,夜－夜,晴,市街地－人口集中,舗装－乾燥,単路－その他,点灯－３灯式,単路－5.5m以上,直線－平坦,単路（交差点付近を含む）,規制なし,中央分離帯,区分あり－縁石・ブロック等,車両相互,乗用車－普通車,貨物車－普通車,自家用,自家用,乗用車,貨物車,55～64歳,25～34歳,負傷,損傷なし,対象外当事者,対象外当事者,40㎞／ｈ以下,40㎞／ｈ以下,小破,小破,その他,その他,34.2529875,135.1746203
2021,和歌山,和歌山市,114,0125,負傷,0,1,2021/10/10 09:05,2021,10,10,9,5,日,その他,昼－昼,晴,市街地－人口集中,舗装－乾燥,交差点－その他,施設なし,交差点－小（5.5m未満）－小,直線－平坦,交差点内,規制なし,中央分離なし,区分なし,車両相互,乗用車－普通車,乗用車－軽自動車,自家用,自家用,乗用車,乗用車,35～44歳,55～64歳,損傷なし,負傷,規制なし,規制なし,指定の速度規制なし等,指定の速度規制なし等,小破,小破,その他,その他,34.2606344,135.1259653
2021,和歌山,和歌山市,114,0126,負傷,0,1,2021/09/30 16:35,2021,9,30,16,35,木,その他,昼－昼,曇,市街地－人口集中,舗装－乾燥,交差点－その他,施設なし,交差点－小（5.5m未満）－小,直線－平坦,交差点内,規制なし,中央分離なし,区分あり－縁石・ブロック等,車両相互,乗用車－軽自動車,軽車両－自転車,自家用,対象外当事者,乗用車,対象外当事者,75歳以上,0～24歳,損傷なし,負傷,標準－反射式,規制なし,指定の速度規制なし等,対象外当事者,小破,小破,その他,対象外当事者,34.2488219,135.1387989
2021,和歌山,和歌山市,114,0127,負傷,0,1,2021/11/04 08:16,2021,11,4,8,16,木,その他,昼－昼,晴,市街地－人口集中,舗装－乾燥,交差点付近－その他,点灯－３灯式,単路－9.0m以上,直線－平坦,単路（交差点付近を含む）,規制なし,中央分離帯,区分あり－縁石・ブロック等,車両相互,貨物車－準中型車,乗用車－軽自動車,自家用,自家用,貨物車,乗用車,45～54歳,25～34歳,損傷なし,負傷,対象外当事者,対象外当事者,50㎞／ｈ以下,50㎞／ｈ以下,小破,小破,その他,その他,34.2434919,135.1515417
2021,和歌山,和歌山市,114,0128,負傷,0,1,2021/10/28 10:00,2021,10,28,10,0,木,その他,昼－昼,晴,非市街地,舗装－乾燥,一般交通の場所,施設なし,一般交通の場所,一般交通の場所,その他,規制なし,一般交通の場所,区分なし,人対車両,乗用車－普通車,歩行者,自家用,対象外当事者,乗用車,対象外当事者,75歳以上,35～44歳,損傷なし,負傷,対象外当事者,対象外当事者,指定の速度規制なし等,対象外当事者,小破,対象外当事者,その他,対象外当事者,34.2371842,135.1514881
2021,和歌山,和歌山市,114,0129,負傷,0,1,2021/10/16 17:09,2021,10,16,17,9,土,その他,昼－暮,曇,市街地－人口集中,舗装－乾燥,単路－カーブ・屈折,施設なし,単路－5.5m以上,カーブ・屈折－左－平坦,単路（交差点付近を含む）,規制なし,中央分離なし,区分なし,車両相互,乗用車－軽自動車,軽車両－自転車,自家用,対象外当事者,乗用車,対象外当事者,0～24歳,75歳以上,損傷なし,負傷,対象外当事者,対象外当事者,30㎞／ｈ以下,対象外当事者,小破,小破,その他,対象外当事者,34.2580389,135.1812808
2021,和歌山,和歌山市,114,0130,負傷,0,1,2021/10/25 14:34,2021,10,25,14,34,月,その他,昼－昼,雨,市街地－人口集中,舗装－湿潤,交差点－その他,施設なし,交差点－中（5.5m以上）－中,直線－平坦,交差点内,規制なし,中央分離なし,区分なし,車両相互,乗用車－普通車,二輪車－一般原付自転車,自家用,自家用,乗用車,対象外当事者,45～54歳,65～74歳,損傷なし,負傷,規制なし,規制なし,指定の速度規制なし等,指定の速度規制なし等,小破,中破,その他,対象外当事者,34.25833,135.1383089
2021,和歌山,和歌山市,114,0131,負傷,0,1,2021/11/17 17:15,2021,11,17,17,15,水,その他,夜－暮,晴,市街地－人口集中,舗装－乾燥,交差点－その他,施設なし,交差点－中（5.5m以上）－小,直線－平坦,交差点内,規制なし,中央線－ペイント,区分あり－縁石・ブロック等,車両相互,乗用車－普通車,軽車両－駆動補助機付自転車,自家用,対象外当事者,乗用車,対象外当事者,25～34歳,45～54歳,損傷なし,負傷,規制なし,規制なし,指定の速度規制なし等,対象外当事者,小破,小破,その他,対象外当事者,34.2464872,135.1596194
2021,和歌山,和歌山市,114,0132,負傷,0,1,2021/10/22 19:00,2021,10,22,19,0,金,その他,夜－夜,雨,市街地－人口集中,舗装－湿潤,交差点付近－その他,点灯－３灯式,単路－13.0m以上,直線－平坦,単路（交差点付近を含む）,規制なし,中央分離帯,区分あり－縁石・ブロック等,車両相互,乗用車－軽自動車,乗用車－軽自動車,自家用,自家用,乗用車,乗用車,25～34歳,65～74歳,損傷なし,負傷,対象外当事者,対象外当事者,50㎞／ｈ以下,50㎞／ｈ以下,小破,小破,その他,その他,34.2596708,135.1729203
2021,和歌山,和歌山市,114,0133,負傷,0,1,2021/10/21 18:35,2021,10,21,18,35,木,その他,夜－夜,晴,市街地－人口集中,舗装－乾燥,交差点－その他,点灯－３灯式,交差点－中（5.5m以上）－小,直線－平坦,交差点内,規制なし,中央分離なし,区分あり－縁石・ブロック等,車両相互,乗用車－普通車,軽車両－自転車,自家用,対象外当事者,乗用車,対象外当事者,45～54歳,0～24歳,損傷なし,負傷,規制なし,規制なし,40㎞／ｈ以下,対象外当事者,小破,小破,その他,対象外当事者,34.2534328,135.1544508
2021,和歌山,和歌山市,114,0134,負傷,0,1,2021/11/24 15:15,2021,11,24,15,15,水,その他,昼－昼,晴,市街地－人口集中,舗装－乾燥,単路－その他,施設なし,単路－9.0m以上,直線－平坦,単路（交差点付近を含む）,規制なし,中央分離帯,区分あり－縁石・ブロック等,車両相互,乗用車－軽自動車,乗用車－軽自動車,自家用,自家用,乗用車,乗用車,35～44歳,45～54歳,損傷なし,負傷,対象外当事者,対象外当事者,50㎞／ｈ以下,50㎞／ｈ以下,小破,小破,その他,その他,34.2606953,135.1805519
2021,和歌山,和歌山市,114,0135,負傷,0,1,2021/11/16 09:20,2021,11,16,9,20,火,その他,昼－昼,晴,非市街地,舗装－乾燥,単路－カーブ・屈折,施設なし,単路－5.5m以上,カーブ・屈折－右－上り,単路（交差点付近を含む）,規制なし,中央線－ペイント,区分あり－縁石・ブロック等,車両相互,乗用車－普通車,貨物車－軽自動車,自家用,自家用,乗用車,貨物車,65～74歳,65～74歳,負傷,損傷なし,対象外当事者,対象外当事者,40㎞／ｈ以下,40㎞／ｈ以下,小破,小破,その他,その他,34.2730025,135.0840003
2021,和歌山,和歌山市,114,0136,負傷,0,1,2021/11/15 09:40,2021,11,15,9,40,月,その他,昼－昼,晴,非市街地,舗装－乾燥,交差点－その他,施設なし,交差点－小（5.5m未満）－小,直線－平坦,交差点内,規制なし,中央分離なし,区分なし,車両相互,貨物車－普通車,二輪車－一般原付自転車,事業用,自家用,貨物車,対象外当事者,35～44歳,55～64歳,損傷なし,負傷,規制なし,規制なし,指定の速度規制なし等,指定の速度規制なし等,小破,中破,その他,対象外当事者,34.2524975,135.1120972
2021,和歌山,和歌山市,114,0137,負傷,0,1,2021/11/06 10:23,2021,11,6,10,23,土,その他,昼－昼,晴,市街地－人口集中,舗装－乾燥,交差点付近－その他,点滅－３灯式,単路－5.5m以上,直線－平坦,単路（交差点付近を含む）,規制なし,中央線－ペイント,区分あり－縁石・ブロック等,車両相互,乗用車－普通車,二輪車－一般原付自転車,自家用,自家用,乗用車,対象外当事者,45～54歳,75歳以上,損傷なし,損傷なし,対象外当事者,対象外当事者,40㎞／ｈ以下,指定の速度規制なし等,小破,小破,装備あり 作動,対象外当事者,34.2574569,135.1261931
2021,和歌山,日高川町,059,0028,負傷,0,2,2021/11/14 10:35,2021,11,14,10,35,日,その他,昼－昼,晴,非市街地,舗装－乾燥,単路－その他,施設なし,単路－3.5m以上,直線－平坦,単路（交差点付近を含む）,規制なし,中央線－ポストコーン,区分なし,車両相互,乗用車－普通車,乗用車－普通車,自家用,自家用,乗用車,乗用車,35～44歳,55～64歳,損傷なし,負傷,対象外当事者,対象外当事者,70㎞／ｈ以下,70㎞／ｈ以下,小破,小破,その他,その他,33.9366769,135.1957831
2021,和歌山,和歌山市,059,0029,負傷,0,2,2021/11/30 09:30,2021,11,30,9,30,火,その他,昼－昼,晴,非市街地,舗装－乾燥,単路－その他,施設なし,単路－9.0m以上,直線－平坦,単路（交差点付近を含む）,規制なし,中央分離帯,区分なし,車両相互,貨物車－普通車,乗用車－軽自動車,自家用,自家用,貨物車,乗用車,25～34歳,35～44歳,損傷なし,負傷,対象外当事者,対象外当事者,80㎞／ｈ以下,80㎞／ｈ以下,中破,大破,その他,装備あり 作動,34.1946397,135.2363608
2021,和歌山,紀の川市,059,0030,負傷,0,1,2021/11/02 09:05,2021,11,2,9,5,火,前日,昼－昼,晴,非市街地,舗装－乾燥,単路－その他,施設なし,単路－5.5m以上,直線－平坦,単路（交差点付近を含む）,規制なし,中央線－ポストコーン,区分なし,車両相互,乗用車－普通車,乗用車－軽自動車,自家用,自家用,乗用車,乗用車,45～54歳,55～64歳,損傷なし,負傷,対象外当事者,対象外当事者,70㎞／ｈ以下,70㎞／ｈ以下,中破,中破,装備あり 作動,装備あり 作動,34.2915014,135.3612925
2021,和歌山,田辺市,059,0031,負傷,0,2,2021/10/25 10:31,2021,10,25,10,31,月,その他,昼－昼,雨,非市街地,舗装－湿潤,単路－その他,施設なし,単路－9.0m以上,直線－平坦,その他,規制なし,中央分離なし,区分なし,車両相互,乗用車－普通車,乗用車－軽自動車,自家用,自家用,乗用車,乗用車,25～34歳,25～34歳,損傷なし,負傷,対象外当事者,対象外当事者,30㎞／ｈ以下,30㎞／ｈ以下,小破,小破,その他,その他,33.7468303,135.3706164
2021,和歌山,湯浅町,059,0032,負傷,0,2,2021/12/09 16:35,2021,12,9,16,35,木,その他,昼－暮,晴,非市街地,舗装－乾燥,単路－その他,施設なし,単路－5.5m以上,直線－平坦,単路（交差点付近を含む）,規制なし,中央線－ポストコーン,区分なし,車両相互,乗用車－普通車,貨物車－普通車,自家用,自家用,乗用車,貨物車,25～34歳,55～64歳,負傷,損傷なし,対象外当事者,対象外当事者,70㎞／ｈ以下,70㎞／ｈ以下,小破,小破,その他,その他,34.0306686,135.2009014
2021,和歌山,かつらぎ町,059,0033,負傷,0,1,2021/12/22 08:50,2021,12,22,8,50,水,その他,昼－昼,晴,非市街地,舗装－乾燥,単路－その他,施設なし,単路－5.5m以上,直線－平坦,単路（交差点付近を含む）,規制なし,中央線－ポストコーン,区分なし,車両相互,貨物車－準中型車,乗用車－軽自動車,事業用,自家用,貨物車,乗用車,65～74歳,0～24歳,損傷なし,負傷,対象外当事者,対象外当事者,70㎞／ｈ以下,70㎞／ｈ以下,小破,小破,その他,その他,34.2929789,135.4580128
2021,和歌山,橋本市,101,0068,負傷,0,1,2021/10/21 10:50,2021,10,21,10,50,木,その他,昼－昼,曇,非市街地,舗装－乾燥,交差点－その他,施設なし,交差点－中（5.5m以上）－小,直線－平坦,交差点内,規制なし,中央線－ペイント,区分あり－縁石・ブロック等,車両相互,乗用車－軽自動車,乗用車－軽自動車,自家用,自家用,乗用車,乗用車,65～74歳,65～74歳,損傷なし,負傷,規制なし,規制なし,50㎞／ｈ以下,50㎞／ｈ以下,中破,中破,装備あり 作動,その他,34.3211217,135.6430725
2021,和歌山,橋本市,101,0069,負傷,0,1,2021/10/23 19:40,2021,10,23,19,40,土,その他,夜－夜,晴,非市街地,舗装－乾燥,一般交通の場所,施設なし,一般交通の場所,一般交通の場所,その他,規制なし,一般交通の場所,区分なし,人対車両,乗用車－軽自動車,歩行者,自家用,対象外当事者,乗用車,対象外当事者,45～54歳,75歳以上,損傷なし,負傷,対象外当事者,対象外当事者,指定の速度規制なし等,対象外当事者,損壊なし,対象外当事者,その他,対象外当事者,34.3146625,135.6082089
2021,和歌山,橋本市,101,0070,負傷,0,1,2021/12/09 17:15,2021,12,9,17,15,木,その他,夜－暮,晴,非市街地,舗装－乾燥,交差点－その他,点灯－３灯式,交差点－中（5.5m以上）－中,直線－平坦,交差点内,規制なし,中央分離なし,区分あり－縁石・ブロック等,人対車両,乗用車－普通車,歩行者,自家用,対象外当事者,乗用車,対象外当事者,55～64歳,0～24歳,損傷なし,負傷,規制なし,対象外当事者,指定の速度規制なし等,対象外当事者,小破,対象外当事者,その他,対象外当事者,34.3214686,135.6258603
2021,和歌山,橋本市,101,0071,負傷,0,1,2021/12/01 18:05,2021,12,1,18,5,水,その他,夜－夜,晴,非市街地,舗装－乾燥,交差点－その他,点灯－３灯式,交差点－中（5.5m以上）－中,直線－平坦,交差点内,規制なし,中央分離なし,区分あり－路側帯,人対車両,乗用車－普通車,歩行者,自家用,対象外当事者,乗用車,対象外当事者,35～44歳,0～24歳,損傷なし,負傷,規制なし,対象外当事者,指定の速度規制なし等,対象外当事者,小破,対象外当事者,その他,対象外当事者,34.3004211,135.5785161
2021,和歌山,橋本市,101,0072,負傷,0,1,2021/12/14 06:23,2021,12,14,6,23,火,その他,夜－明,晴,非市街地,舗装－乾燥,単路－その他,施設なし,単路－5.5m以上,直線－平坦,単路（交差点付近を含む）,規制なし,中央線－ペイント,区分あり－路側帯,人対車両,乗用車－普通車,歩行者,自家用,対象外当事者,乗用車,対象外当事者,65～74歳,65～74歳,損傷なし,負傷,対象外当事者,対象外当事者,40㎞／ｈ以下,対象外当事者,小破,対象外当事者,その他,対象外当事者,34.3020522,135.5790925
2021,和歌山,九度山町,101,0073,負傷,0,1,2021/11/24 15:30,2021,11,24,15,30,水,その他,昼－昼,曇,非市街地,舗装－乾燥,交差点－その他,点灯－３灯式,交差点－中（5.5m以上）－中,直線－下り,交差点内,規制なし,中央線－ペイント,区分あり－路側帯,車両相互,乗用車－普通車,貨物車－軽自動車,自家用,自家用,乗用車,貨物車,55～64歳,65～74歳,損傷なし,負傷,規制なし,規制なし,指定の速度規制なし等,40㎞／ｈ以下,中破,中破,その他,装備あり 作動,34.2887261,135.5643614
2021,和歌山,九度山町,101,0074,負傷,0,1,2021/12/09 07:30,2021,12,9,7,30,木,その他,昼－明,晴,非市街地,舗装－乾燥,単路－カーブ・屈折,施設なし,単路－5.5m以上,カーブ・屈折－右－平坦,単路（交差点付近を含む）,規制なし,中央分離なし,区分なし,車両相互,乗用車－軽自動車,二輪車－一般原付自転車,自家用,自家用,乗用車,対象外当事者,55～64歳,0～24歳,損傷なし,負傷,対象外当事者,対象外当事者,指定の速度規制なし等,指定の速度規制なし等,小破,中破,その他,対象外当事者,34.2758903,135.5780575
2021,和歌山,橋本市,101,0075,負傷,0,1,2021/12/21 19:05,2021,12,21,19,5,火,その他,夜－夜,晴,非市街地,舗装－乾燥,単路－その他,点灯－３灯式,単路－5.5m以上,直線－平坦,単路（交差点付近を含む）,規制なし,中央線－ペイント,区分あり－縁石・ブロック等,車両相互,乗用車－普通車,乗用車－軽自動車,自家用,自家用,乗用車,乗用車,0～24歳,35～44歳,負傷,損傷なし,対象外当事者,対象外当事者,50㎞／ｈ以下,50㎞／ｈ以下,小破,小破,その他,その他,34.3095928,135.5780967
2021,和歌山,高野町,101,0076,負傷,0,1,2021/12/10 13:25,2021,12,10,13,25,金,その他,昼－昼,晴,非市街地,舗装－乾燥,単路－その他,施設なし,単路－5.5m以上,直線－下り,単路（交差点付近を含む）,規制なし,中央線－ペイント,区分あり－路側帯,車両相互,貨物車－普通車,二輪車－自動二輪－小型二輪－251～400cc,自家用,自家用,貨物車,対象外当事者,65～74歳,0～24歳,損傷なし,負傷,対象外当事者,対象外当事者,指定の速度規制なし等,指定の速度規制なし等,小破,小破,その他,対象外当事者,34.2182808,135.5374211
2021,和歌山,九度山町,101,0077,負傷,0,1,2021/07/17 10:40,2021,7,17,10,40,土,その他,昼－昼,晴,非市街地,舗装－乾燥,単路－カーブ・屈折,施設なし,単路－3.5m以上,カーブ・屈折－左－下り,単路（交差点付近を含む）,規制なし,中央分離なし,区分なし,車両相互,乗用車－普通車,乗用車－普通車,自家用,自家用,乗用車,乗用車,0～24歳,55～64歳,損傷なし,負傷,対象外当事者,対象外当事者,指定の速度規制なし等,指定の速度規制なし等,小破,小破,その他,その他,34.2754603,135.5707875
2021,和歌山,橋本市,101,0078,負傷,0,1,2021/12/22 21:43,2021,12,22,21,43,水,その他,夜－夜,曇,非市街地,舗装－乾燥,交差点－その他,施設なし,交差点－中（5.5m以上）－小,直線－平坦,交差点内,規制なし,中央分離なし,区分あり－縁石・ブロック等,車両相互,乗用車－軽自動車,乗用車－軽自動車,自家用,自家用,乗用車,乗用車,45～54歳,0～24歳,損傷なし,損傷なし,規制なし,規制なし,50㎞／ｈ以下,50㎞／ｈ以下,大破,中破,その他,その他,34.3279792,135.6453711
2021,和歌山,橋本市,101,0079,負傷,0,1,2021/12/24 17:09,2021,12,24,17,9,金,その他,夜－暮,雨,非市街地,舗装－湿潤,単路－その他,施設なし,単路－5.5m以上,直線－平坦,単路（交差点付近を含む）,規制なし,中央線－ペイント,区分あり－縁石・ブロック等,人対車両,乗用車－軽自動車,歩行者,自家用,対象外当事者,乗用車,対象外当事者,45～54歳,75歳以上,損傷なし,負傷,対象外当事者,対象外当事者,50㎞／ｈ以下,対象外当事者,中破,対象外当事者,その他,対象外当事者,34.3077197,135.6039928
2021,和歌山,高野町,101,0080,負傷,0,1,2021/12/26 10:30,2021,12,26,10,30,日,その他,昼－昼,雪,非市街地,舗装－積雪,交差点－その他,施設なし,交差点－中（5.5m以上）－中,直線－下り,交差点内,規制なし,中央線－ペイント,区分あり－路側帯,車両相互,乗用車－普通車,乗用車－軽自動車,自家用,自家用,乗用車,乗用車,35～44歳,55～64歳,損傷なし,負傷,規制なし,標準－反射式,指定の速度規制なし等,指定の速度規制なし等,中破,中破,その他,その他,34.2128867,135.5726125
2021,和歌山,橋本市,102,0037,負傷,0,1,2021/12/03 18:25,2021,12,3,18,25,金,その他,夜－夜,曇,非市街地,舗装－乾燥,交差点－その他,点灯－３灯式,交差点－中（5.5m以上）－中,直線－平坦,交差点内,規制なし,中央分離なし,区分あり－縁石・ブロック等,車両相互,貨物車－軽自動車,二輪車－一般原付自転車,自家用,自家用,貨物車,対象外当事者,45～54歳,35～44歳,損傷なし,負傷,規制なし,規制なし,50㎞／ｈ以下,指定の速度規制なし等,小破,小破,その他,対象外当事者,34.3070361,135.5725681
2021,和歌山,橋本市,102,0038,負傷,0,1,2021/12/10 13:55,2021,12,10,13,55,金,その他,昼－昼,晴,非市街地,舗装－乾燥,単路－その他,施設なし,単路－3.5m以上,直線－上り,単路（交差点付近を含む）,規制なし,中央分離なし,区分なし,車両相互,乗用車－普通車,乗用車－軽自動車,自家用,自家用,乗用車,乗用車,35～44歳,45～54歳,損傷なし,負傷,対象外当事者,対象外当事者,指定の速度規制なし等,指定の速度規制なし等,小破,小破,その他,その他,34.3122258,135.5735306
2021,和歌山,かつらぎ町,102,0039,負傷,0,2,2021/12/09 22:15,2021,12,9,22,15,木,その他,夜－夜,曇,非市街地,舗装－乾燥,交差点－その他,点滅－３灯式,交差点－中（5.5m以上）－中,直線－平坦,交差点内,規制なし,中央分離なし,区分あり－縁石・ブロック等,車両相互,乗用車－普通車,乗用車－軽自動車,自家用,自家用,乗用車,乗用車,0～24歳,0～24歳,負傷,損傷なし,規制なし,規制なし,50㎞／ｈ以下,50㎞／ｈ以下,小破,大破,その他,その他,34.2863286,135.4827953
2021,和歌山,かつらぎ町,102,0040,負傷,0,1,2021/12/07 18:23,2021,12,7,18,23,火,その他,夜－夜,雨,非市街地,舗装－湿潤,単路－カーブ・屈折,施設なし,単路－5.5m以上,カーブ・屈折－左－平坦,単路（交差点付近を含む）,規制なし,中央線－ペイント,区分あり－縁石・ブロック等,車両相互,乗用車－普通車,乗用車－軽自動車,自家用,自家用,乗用車,乗用車,35～44歳,35～44歳,損傷なし,負傷,対象外当事者,対象外当事者,50㎞／ｈ以下,50㎞／ｈ以下,小破,小破,装備あり 作動,その他,34.2779789,135.4615169
2021,和歌山,橋本市,102,0041,負傷,0,1,2021/12/19 14:15,2021,12,19,14,15,日,その他,昼－昼,曇,非市街地,舗装－湿潤,単路－その他,施設なし,単路－5.5m以上,直線－平坦,単路（交差点付近を含む）,規制なし,中央線－ペイント,区分あり－縁石・ブロック等,車両相互,乗用車－普通車,乗用車－軽自動車,自家用,自家用,乗用車,乗用車,55～64歳,75歳以上,負傷,損傷なし,対象外当事者,対象外当事者,50㎞／ｈ以下,40㎞／ｈ以下,小破,小破,その他,その他,34.2996917,135.5544167
2021,和歌山,岩出市,103,0184,負傷,0,1,2021/11/16 19:40,2021,11,16,19,40,火,その他,夜－夜,晴,非市街地,舗装－乾燥,単路－その他,施設なし,単路－3.5m未満,直線－平坦,単路（交差点付近を含む）,規制なし,中央分離なし,区分なし,人対車両,乗用車－普通車,歩行者,自家用,対象外当事者,乗用車,対象外当事者,25～34歳,45～54歳,損傷なし,負傷,対象外当事者,対象外当事者,指定の速度規制なし等,対象外当事者,小破,対象外当事者,その他,対象外当事者,34.2753717,135.3284411
2021,和歌山,紀の川市,103,0185,負傷,0,1,2021/09/10 07:50,2021,9,10,7,50,金,その他,昼－昼,晴,非市街地,舗装－乾燥,単路－橋,施設なし,単路－3.5m未満,直線－平坦,単路（交差点付近を含む）,ゾーン30,中央分離なし,区分あり－防護柵等,車両相互,軽車両－自転車,軽車両－自転車,対象外当事者,対象外当事者,対象外当事者,対象外当事者,0～24歳,55～64歳,損傷なし,負傷,対象外当事者,対象外当事者,対象外当事者,対象外当事者,小破,小破,対象外当事者,対象外当事者,34.2657086,135.40863
2021,和歌山,紀の川市,103,0186,負傷,0,1,2021/11/14 18:00,2021,11,14,18,0,日,その他,夜－夜,晴,非市街地,舗装－乾燥,交差点－その他,施設なし,交差点－中（5.5m以上）－中,直線－平坦,交差点内,規制なし,中央線－ペイント,区分あり－縁石・ブロック等,車両相互,乗用車－普通車,乗用車－軽自動車,自家用,自家用,乗用車,乗用車,45～54歳,75歳以上,負傷,損傷なし,規制なし,規制なし,50㎞／ｈ以下,指定の速度規制なし等,小破,小破,その他,その他,34.2369592,135.334595
2021,和歌山,岩出市,103,0187,負傷,0,1,2021/12/06 11:20,2021,12,6,11,20,月,その他,昼－昼,晴,非市街地,舗装－乾燥,単路－その他,点灯－３灯式,単路－13.0m以上,直線－平坦,単路（交差点付近を含む）,規制なし,中央分離帯,区分あり－縁石・ブロック等,車両相互,乗用車－普通車,貨物車－軽自動車,自家用,自家用,乗用車,貨物車,45～54歳,75歳以上,負傷,損傷なし,対象外当事者,対象外当事者,50㎞／ｈ以下,50㎞／ｈ以下,小破,小破,その他,その他,34.2675142,135.3103475
2021,和歌山,岩出市,103,0188,負傷,0,1,2021/11/08 19:10,2021,11,8,19,10,月,その他,夜－夜,晴,非市街地,舗装－乾燥,交差点－その他,点灯－３灯式,交差点－大（13.0ｍ以上）－中,直線－平坦,交差点内,規制なし,中央線－ペイント,区分あり－縁石・ブロック等,車両相互,乗用車－普通車,二輪車－自動二輪－軽二輪－126～250cc,自家用,自家用,乗用車,対象外当事者,0～24歳,25～34歳,損傷なし,負傷,規制なし,規制なし,50㎞／ｈ以下,50㎞／ｈ以下,小破,大破,その他,対象外当事者,34.2619656,135.312425