対象年,都道府県,市区町村,警察署等コード,本票番号,事故内容,死者数,負傷者数,発生日時,発生年,発生月,発生日,発生時,発生分,曜日,祝日,昼夜,天候,地形,路面状態,道路形状,信号機,車道幅員,道路線形,衝突地点,ゾーン規制,中央分離帯施設等,歩車道区分,事故類型,当事者A 種別,当事者B 種別,当事者A 用途,当事者B 用途,当事者A 車両形状,当事者B 車両形状,当事者A 年齢,当事者B 年齢,当事者A 人身損傷程度,当事者B 人身損傷程度,当事者A 一時停止規制標識,当事者B 一時停止規制標識,当事者A 速度規制,当事者B 速度規制,当事者A 車両損壊程度,当事者B 車両損壊程度,当事者A エアバッグ,当事者B エアバッグ,緯度,経度
2022,和歌山,和歌山市,104,0110,負傷,0,1,2022/05/25 15:00,2022,5,25,15,0,水,その他,昼－昼,晴,非市街地,舗装－乾燥,交差点－その他,施設なし,交差点－小（5.5m未満）－中,直線－平坦,交差点内,規制なし,中央線－ペイント,区分あり－縁石・ブロック等,車両相互,貨物車－中型車,乗用車－軽自動車,自家用,自家用,貨物車,乗用車,45～54歳,35～44歳,損傷なし,負傷,規制なし,規制なし,50㎞／ｈ以下,50㎞／ｈ以下,小破,小破,その他,その他,34.2403275,135.2615053
2022,和歌山,和歌山市,104,0111,負傷,0,1,2022/05/11 17:20,2022,5,11,17,20,水,その他,昼－昼,晴,市街地－人口集中,舗装－乾燥,交差点－その他,点灯－３灯式,交差点－大（13.0ｍ以上）－中,直線－平坦,交差点内,規制なし,中央分離なし,区分あり－縁石・ブロック等,車両相互,貨物車－軽自動車,軽車両－自転車,自家用,自転車,貨物車,対象外当事者,45～54歳,45～54歳,損傷なし,負傷,規制なし,規制なし,50㎞／ｈ以下,対象外当事者,小破,小破,その他,対象外当事者,34.2385067,135.1866486
2022,和歌山,和歌山市,104,0112,負傷,0,1,2022/05/11 20:52,2022,5,11,20,52,水,その他,夜－夜,曇,市街地－人口集中,舗装－乾燥,交差点－その他,点灯－３灯式,交差点－中（5.5m以上）－大,直線－平坦,交差点内,規制なし,中央分離なし,区分あり－縁石・ブロック等,人対車両,貨物車－普通車,歩行者,自家用,対象外当事者,貨物車,対象外当事者,35～44歳,25～34歳,損傷なし,負傷,規制なし,対象外当事者,指定の速度規制なし等,対象外当事者,小破,対象外当事者,その他,対象外当事者,34.2623042,135.1958933
2022,和歌山,和歌山市,104,0113,負傷,0,1,2022/05/03 16:35,2022,5,3,16,35,火,当日,昼－昼,晴,市街地－人口集中,舗装－乾燥,交差点－その他,施設なし,交差点－小（5.5m未満）－中,直線－平坦,交差点内,規制なし,中央分離なし,区分なし,車両相互,乗用車－軽自動車,軽車両－自転車,自家用,自転車,乗用車,対象外当事者,25～34歳,0～24歳,損傷なし,負傷,規制なし,規制なし,指定の速度規制なし等,対象外当事者,小破,小破,その他,対象外当事者,34.2112553,135.1906869
2022,和歌山,和歌山市,104,0114,負傷,0,2,2022/06/01 18:15,2022,6,1,18,15,水,その他,昼－暮,晴,市街地－人口集中,舗装－乾燥,単路－その他,施設なし,単路－5.5m以上,直線－平坦,単路（交差点付近を含む）,規制なし,中央線－ペイント,区分あり－縁石・ブロック等,車両相互,乗用車－普通車,乗用車－軽自動車,自家用,自家用,乗用車,乗用車,35～44歳,45～54歳,負傷,負傷,対象外当事者,対象外当事者,40㎞／ｈ以下,指定の速度規制なし等,小破,小破,その他,その他,34.2096933,135.2065567
2022,和歌山,和歌山市,104,0115,負傷,0,1,2022/06/02 17:50,2022,6,2,17,50,木,その他,昼－昼,晴,市街地－人口集中,舗装－乾燥,単路－その他,施設なし,単路－5.5m以上,直線－平坦,単路（交差点付近を含む）,規制なし,中央線－ペイント,区分あり－防護柵等,車両相互,乗用車－軽自動車,軽車両－自転車,自家用,自転車,乗用車,対象外当事者,35～44歳,75歳以上,損傷なし,負傷,対象外当事者,対象外当事者,50㎞／ｈ以下,対象外当事者,小破,小破,その他,対象外当事者,34.2444797,135.1930511
2022,和歌山,和歌山市,104,0116,負傷,0,1,2022/05/22 10:45,2022,5,22,10,45,日,その他,昼－昼,晴,市街地－人口集中,舗装－乾燥,単路－その他,施設なし,単路－13.0m以上,直線－平坦,単路（交差点付近を含む）,規制なし,中央分離帯,区分あり－縁石・ブロック等,車両相互,乗用車－普通車,乗用車－軽自動車,自家用,自家用,乗用車,乗用車,25～34歳,45～54歳,負傷,損傷なし,対象外当事者,対象外当事者,指定の速度規制なし等,指定の速度規制なし等,小破,小破,その他,その他,34.23539,135.18885
2022,和歌山,和歌山市,104,0117,負傷,0,1,2022/06/03 17:39,2022,6,3,17,39,金,その他,昼－昼,晴,市街地－人口集中,舗装－乾燥,一般交通の場所,施設なし,一般交通の場所,一般交通の場所,その他,規制なし,一般交通の場所,区分なし,人対車両,貨物車－普通車,歩行者,自家用,対象外当事者,貨物車,対象外当事者,35～44歳,25～34歳,損傷なし,負傷,対象外当事者,対象外当事者,指定の速度規制なし等,対象外当事者,損壊なし,対象外当事者,その他,対象外当事者,34.2239719,135.1869597
2022,和歌山,和歌山市,104,0118,負傷,0,1,2022/06/04 18:00,2022,6,4,18,0,土,その他,昼－昼,晴,市街地－人口集中,舗装－乾燥,交差点－その他,施設なし,交差点－中（5.5m以上）－小,直線－平坦,交差点内,規制なし,中央線－ペイント,区分あり－縁石・ブロック等,車両相互,乗用車－普通車,二輪車－一般原付自転車,自家用,自家用,乗用車,対象外当事者,35～44歳,0～24歳,損傷なし,負傷,規制なし,規制なし,50㎞／ｈ以下,指定の速度規制なし等,小破,小破,その他,対象外当事者,34.2453733,135.2218619
2022,和歌山,和歌山市,104,0119,負傷,0,1,2022/05/20 10:05,2022,5,20,10,5,金,その他,昼－昼,晴,市街地－人口集中,舗装－乾燥,交差点－その他,施設なし,交差点－小（5.5m未満）－小,直線－平坦,交差点内,規制なし,中央分離なし,区分あり－路側帯,車両相互,乗用車－普通車,二輪車－一般原付自転車,自家用,自家用,乗用車,対象外当事者,35～44歳,65～74歳,損傷なし,負傷,規制なし,規制なし,指定の速度規制なし等,指定の速度規制なし等,小破,小破,その他,対象外当事者,34.2347156,135.196295
2022,和歌山,和歌山市,104,0120,負傷,0,2,2022/05/17 22:00,2022,5,17,22,0,火,その他,夜－夜,晴,非市街地,舗装－乾燥,単路－その他,施設なし,単路－5.5m以上,直線－平坦,単路（交差点付近を含む）,規制なし,中央線－ペイント,区分あり－防護柵等,車両相互,乗用車－普通車,乗用車－普通車,自家用,自家用,乗用車,乗用車,35～44歳,25～34歳,負傷,負傷,対象外当事者,対象外当事者,50㎞／ｈ以下,50㎞／ｈ以下,小破,中破,その他,その他,34.2402219,135.2675708
2022,和歌山,和歌山市,104,0121,負傷,0,1,2022/05/25 10:05,2022,5,25,10,5,水,その他,昼－昼,晴,市街地－人口集中,舗装－乾燥,一般交通の場所,施設なし,一般交通の場所,一般交通の場所,その他,規制なし,一般交通の場所,区分なし,人対車両,乗用車－軽自動車,歩行者,自家用,対象外当事者,乗用車,対象外当事者,45～54歳,75歳以上,損傷なし,負傷,対象外当事者,対象外当事者,指定の速度規制なし等,対象外当事者,小破,対象外当事者,その他,対象外当事者,34.2163997,135.2007622
2022,和歌山,和歌山市,104,0122,負傷,0,1,2022/03/25 21:15,2022,3,25,21,15,金,その他,夜－夜,晴,市街地－人口集中,舗装－乾燥,交差点付近－その他,施設なし,単路－3.5m以上,直線－平坦,単路（交差点付近を含む）,規制なし,中央分離なし,区分あり－路側帯,車両単独,二輪車－自動二輪－原付二種－51～125cc,相手なし,自家用,対象外当事者,対象外当事者,対象外当事者,25～34歳,不明,負傷,対象外当事者,対象外当事者,対象外当事者,指定の速度規制なし等,対象外当事者,小破,対象外当事者,対象外当事者,対象外当事者,34.2286264,135.1920125
2022,和歌山,和歌山市,104,0123,負傷,0,1,2022/05/27 15:00,2022,5,27,15,0,金,その他,昼－昼,晴,市街地－人口集中,舗装－乾燥,交差点付近－その他,施設なし,単路－13.0m以上,直線－平坦,単路（交差点付近を含む）,規制なし,中央分離帯,区分あり－縁石・ブロック等,車両相互,乗用車－普通車,二輪車－一般原付自転車,自家用,自家用,乗用車,対象外当事者,55～64歳,0～24歳,損傷なし,負傷,対象外当事者,対象外当事者,50㎞／ｈ以下,指定の速度規制なし等,小破,小破,その他,対象外当事者,34.2149053,135.1864392
2022,和歌山,和歌山市,104,0125,負傷,0,3,2022/06/09 17:30,2022,6,9,17,30,木,その他,昼－昼,晴,非市街地,舗装－乾燥,交差点付近－その他,点灯－押ボタン式,単路－13.0m以上,直線－平坦,単路（交差点付近を含む）,規制なし,中央分離帯,区分あり－縁石・ブロック等,車両相互,乗用車－軽自動車,乗用車－軽自動車,自家用,自家用,乗用車,乗用車,25～34歳,0～24歳,損傷なし,負傷,対象外当事者,対象外当事者,指定の速度規制なし等,指定の速度規制なし等,中破,小破,その他,その他,34.2637597,135.2704278
2022,和歌山,和歌山市,104,0126,負傷,0,1,2022/05/31 18:20,2022,5,31,18,20,火,その他,昼－暮,晴,市街地－人口集中,舗装－乾燥,交差点－その他,施設なし,交差点－中（5.5m以上）－中,直線－平坦,交差点内,ゾーン30,中央分離なし,区分なし,車両相互,乗用車－普通車,軽車両－自転車,自家用,自転車,乗用車,対象外当事者,65～74歳,0～24歳,損傷なし,負傷,規制なし,規制なし,30㎞／ｈ以下,対象外当事者,小破,中破,その他,対象外当事者,34.2261653,135.1874617
2022,和歌山,和歌山市,104,0127,負傷,0,1,2022/05/19 07:19,2022,5,19,7,19,木,その他,昼－昼,晴,非市街地,舗装－乾燥,単路－その他,点灯－３灯式,単路－9.0m以上,直線－平坦,単路（交差点付近を含む）,規制なし,中央分離帯,区分あり－縁石・ブロック等,車両相互,乗用車－普通車,乗用車－普通車,自家用,自家用,乗用車,乗用車,75歳以上,0～24歳,損傷なし,負傷,対象外当事者,対象外当事者,60㎞／ｈ以下,60㎞／ｈ以下,小破,小破,その他,その他,34.2376103,135.2247097
2022,和歌山,和歌山市,104,0128,負傷,0,1,2022/06/13 07:16,2022,6,13,7,16,月,その他,昼－昼,晴,非市街地,舗装－乾燥,単路－カーブ・屈折,施設なし,単路－3.5m未満,カーブ・屈折－右－平坦,単路（交差点付近を含む）,規制なし,中央分離なし,区分あり－路側帯,人対車両,二輪車－一般原付自転車,歩行者,自家用,対象外当事者,対象外当事者,対象外当事者,25～34歳,0～24歳,損傷なし,負傷,対象外当事者,対象外当事者,指定の速度規制なし等,対象外当事者,損壊なし,対象外当事者,対象外当事者,対象外当事者,34.2416089,135.2570894
2022,和歌山,和歌山市,104,0129,負傷,0,1,2022/06/05 09:50,2022,6,5,9,50,日,その他,昼－昼,晴,市街地－人口集中,舗装－乾燥,単路－その他,施設なし,単路－5.5m以上,直線－平坦,単路（交差点付近を含む）,規制なし,中央線－ペイント,区分あり－防護柵等,車両相互,乗用車－普通車,二輪車－一般原付自転車,自家用,自家用,乗用車,対象外当事者,35～44歳,55～64歳,損傷なし,負傷,対象外当事者,対象外当事者,50㎞／ｈ以下,30㎞／ｈ以下,小破,小破,その他,対象外当事者,34.2449289,135.1995358
2022,和歌山,和歌山市,104,0130,負傷,0,1,2022/06/03 06:50,2022,6,3,6,50,金,その他,昼－昼,晴,非市街地,舗装－乾燥,交差点－その他,点灯－３灯式,交差点－中（5.5m以上）－中,直線－平坦,交差点内,規制なし,中央分離なし,区分あり－縁石・ブロック等,車両相互,乗用車－普通車,二輪車－自動二輪－軽二輪－126～250cc,自家用,自家用,乗用車,対象外当事者,0～24歳,45～54歳,損傷なし,負傷,規制なし,規制なし,指定の速度規制なし等,指定の速度規制なし等,小破,小破,その他,対象外当事者,34.2711847,135.2709942
2022,和歌山,和歌山市,104,0131,負傷,0,1,2022/06/07 20:36,2022,6,7,20,36,火,その他,夜－夜,晴,市街地－人口集中,舗装－乾燥,交差点－その他,点灯－３灯式,交差点－中（5.5m以上）－中,直線－平坦,交差点内,規制なし,中央分離なし,区分あり－縁石・ブロック等,車両相互,乗用車－軽自動車,乗用車－軽自動車,自家用,自家用,乗用車,乗用車,0～24歳,65～74歳,損傷なし,負傷,規制なし,規制なし,指定の速度規制なし等,40㎞／ｈ以下,中破,中破,その他,装備あり 作動,34.2622144,135.2182925
2022,和歌山,和歌山市,104,0132,負傷,0,1,2022/05/27 04:59,2022,5,27,4,59,金,その他,昼－明,雨,非市街地,舗装－湿潤,交差点－その他,点滅－３灯式,交差点－小（5.5m未満）－中,直線－平坦,交差点内,規制なし,中央分離なし,区分あり－縁石・ブロック等,車両相互,乗用車－普通車,二輪車－一般原付自転車,自家用,自家用,乗用車,対象外当事者,25～34歳,0～24歳,損傷なし,負傷,規制なし,規制なし,50㎞／ｈ以下,指定の速度規制なし等,小破,小破,その他,対象外当事者,34.2465664,135.2583489
2022,和歌山,和歌山市,104,0133,負傷,0,1,2022/06/12 21:15,2022,6,12,21,15,日,その他,夜－夜,晴,市街地－人口集中,舗装－乾燥,交差点－その他,点灯－３灯式,交差点－中（5.5m以上）－中,直線－平坦,交差点内,規制なし,中央分離なし,区分あり－縁石・ブロック等,車両相互,乗用車－軽自動車,二輪車－自動二輪－原付二種－51～125cc,自家用,自家用,乗用車,対象外当事者,0～24歳,25～34歳,損傷なし,負傷,規制なし,規制なし,40㎞／ｈ以下,40㎞／ｈ以下,小破,小破,その他,対象外当事者,34.2350781,135.1824311
2022,和歌山,和歌山市,104,0134,負傷,0,1,2022/05/30 16:35,2022,5,30,16,35,月,その他,昼－昼,雨,非市街地,舗装－湿潤,一般交通の場所,施設なし,一般交通の場所,一般交通の場所,その他,規制なし,一般交通の場所,区分なし,人対車両,乗用車－軽自動車,歩行者,自家用,対象外当事者,乗用車,対象外当事者,25～34歳,0～24歳,損傷なし,負傷,対象外当事者,対象外当事者,指定の速度規制なし等,対象外当事者,小破,対象外当事者,その他,対象外当事者,34.2607631,135.2636825
2022,和歌山,和歌山市,104,0135,負傷,0,1,2022/06/21 08:40,2022,6,21,8,40,火,その他,昼－昼,雨,市街地－その他,舗装－湿潤,交差点－その他,点灯－３灯式,交差点－小（5.5m未満）－中,直線－平坦,交差点内,規制なし,中央分離なし,区分あり－縁石・ブロック等,人対車両,乗用車－軽自動車,歩行者,自家用,対象外当事者,乗用車,対象外当事者,45～54歳,55～64歳,損傷なし,負傷,規制なし,対象外当事者,指定の速度規制なし等,対象外当事者,小破,対象外当事者,その他,対象外当事者,34.2052067,135.1847594
2022,和歌山,和歌山市,104,0136,負傷,0,2,2022/06/14 21:45,2022,6,14,21,45,火,その他,夜－夜,曇,市街地－人口集中,舗装－乾燥,交差点付近－その他,点灯－３灯式,単路－13.0m以上,直線－平坦,単路（交差点付近を含む）,規制なし,中央分離帯,区分あり－縁石・ブロック等,車両相互,乗用車－軽自動車,乗用車－軽自動車,自家用,自家用,乗用車,乗用車,65～74歳,0～24歳,損傷なし,負傷,対象外当事者,対象外当事者,50㎞／ｈ以下,50㎞／ｈ以下,小破,小破,その他,その他,34.2087383,135.1851233
2022,和歌山,和歌山市,104,0137,負傷,0,1,2022/06/16 01:24,2022,6,16,1,24,木,その他,夜－夜,曇,市街地－人口集中,舗装－乾燥,交差点－その他,点灯－３灯式,交差点－中（5.5m以上）－中,直線－平坦,交差点内,規制なし,中央分離なし,区分あり－縁石・ブロック等,車両相互,乗用車－軽自動車,軽車両－自転車,自家用,自転車,乗用車,対象外当事者,75歳以上,45～54歳,損傷なし,負傷,規制なし,規制なし,50㎞／ｈ以下,対象外当事者,小破,小破,その他,対象外当事者,34.2325325,135.1845406
2022,和歌山,和歌山市,105,0083,負傷,0,1,2022/05/27 08:25,2022,5,27,8,25,金,その他,昼－昼,曇,市街地－人口集中,舗装－乾燥,交差点付近－その他,施設なし,単路－5.5m以上,直線－平坦,単路（交差点付近を含む）,規制なし,中央線－ペイント,区分あり－縁石・ブロック等,車両相互,乗用車－軽自動車,乗用車－軽自動車,自家用,自家用,乗用車,乗用車,0～24歳,35～44歳,損傷なし,負傷,対象外当事者,対象外当事者,50㎞／ｈ以下,50㎞／ｈ以下,小破,小破,その他,その他,34.1968639,135.1588931
2022,和歌山,和歌山市,105,0084,負傷,0,1,2022/05/25 14:10,2022,5,25,14,10,水,その他,昼－昼,晴,市街地－人口集中,舗装－乾燥,単路－その他,施設なし,単路－13.0m以上,直線－平坦,単路（交差点付近を含む）,規制なし,中央線－ペイント,区分あり－縁石・ブロック等,車両相互,乗用車－普通車,軽車両－自転車,自家用,自転車,乗用車,対象外当事者,65～74歳,65～74歳,損傷なし,負傷,対象外当事者,対象外当事者,50㎞／ｈ以下,対象外当事者,小破,中破,その他,対象外当事者,34.1829064,135.1858647
2022,和歌山,和歌山市,105,0085,負傷,0,1,2022/05/20 13:30,2022,5,20,13,30,金,その他,昼－昼,曇,市街地－人口集中,舗装－乾燥,交差点－その他,施設なし,交差点－小（5.5m未満）－小,直線－平坦,交差点内,規制なし,中央分離なし,区分なし,車両相互,貨物車－軽自動車,二輪車－自動二輪－原付二種－51～125cc,自家用,自家用,貨物車,対象外当事者,45～54歳,55～64歳,損傷なし,負傷,標準－反射式,規制なし,指定の速度規制なし等,指定の速度規制なし等,小破,小破,その他,対象外当事者,34.2224786,135.1674769
2022,和歌山,和歌山市,105,0086,負傷,0,1,2022/05/19 17:15,2022,5,19,17,15,木,その他,昼－昼,晴,市街地－人口集中,舗装－乾燥,交差点－その他,点灯－３灯式,交差点－中（5.5m以上）－大,直線－平坦,交差点内,規制なし,中央分離なし,区分あり－縁石・ブロック等,車両相互,乗用車－普通車,乗用車－普通車,自家用,自家用,乗用車,乗用車,35～44歳,75歳以上,負傷,損傷なし,規制なし,規制なし,30㎞／ｈ以下,30㎞／ｈ以下,小破,小破,その他,その他,34.1872708,135.1802872
2022,和歌山,和歌山市,105,0087,負傷,0,1,2022/05/10 17:30,2022,5,10,17,30,火,その他,昼－昼,晴,市街地－人口集中,舗装－乾燥,交差点－その他,点灯－３灯式,交差点－小（5.5m未満）－大,直線－平坦,交差点内,規制なし,中央分離なし,区分あり－縁石・ブロック等,車両相互,乗用車－普通車,軽車両－駆動補助機付自転車,自家用,自転車,乗用車,対象外当事者,45～54歳,45～54歳,損傷なし,負傷,規制なし,規制なし,指定の速度規制なし等,対象外当事者,小破,小破,その他,対象外当事者,34.2014578,135.1714411
2022,和歌山,和歌山市,105,0088,負傷,0,1,2022/06/13 15:30,2022,6,13,15,30,月,その他,昼－昼,晴,市街地－人口集中,舗装－乾燥,単路－その他,施設なし,単路－9.0m以上,直線－平坦,単路（交差点付近を含む）,規制なし,中央線－ペイント,区分あり－縁石・ブロック等,車両相互,乗用車－普通車,二輪車－一般原付自転車,自家用,自家用,乗用車,対象外当事者,45～54歳,0～24歳,損傷なし,負傷,対象外当事者,対象外当事者,50㎞／ｈ以下,指定の速度規制なし等,小破,小破,その他,対象外当事者,34.2196167,135.1595572
2022,和歌山,和歌山市,105,0089,負傷,0,1,2022/05/07 17:50,2022,5,7,17,50,土,その他,昼－暮,晴,市街地－人口集中,舗装－乾燥,単路－その他,施設なし,単路－13.0m以上,直線－平坦,単路（交差点付近を含む）,規制なし,中央線－ペイント,区分あり－縁石・ブロック等,車両相互,乗用車－軽自動車,二輪車－自動二輪－軽二輪－126～250cc,自家用,自家用,乗用車,対象外当事者,55～64歳,35～44歳,損傷なし,負傷,対象外当事者,対象外当事者,50㎞／ｈ以下,50㎞／ｈ以下,中破,中破,装備あり 作動,対象外当事者,34.1831703,135.1858853
2022,和歌山,和歌山市,105,0090,負傷,0,1,2022/06/11 07:38,2022,6,11,7,38,土,その他,昼－昼,曇,市街地－人口集中,舗装－乾燥,単路－その他,点灯－３灯式,単路－13.0m以上,直線－平坦,単路（交差点付近を含む）,規制なし,中央分離帯,区分あり－縁石・ブロック等,車両相互,乗用車－軽自動車,乗用車－軽自動車,自家用,自家用,乗用車,乗用車,75歳以上,35～44歳,損傷なし,負傷,対象外当事者,対象外当事者,50㎞／ｈ以下,50㎞／ｈ以下,小破,小破,その他,その他,34.2335781,135.1694786
2022,和歌山,和歌山市,105,0091,負傷,0,2,2022/06/03 16:26,2022,6,3,16,26,金,その他,昼－昼,晴,市街地－人口集中,舗装－乾燥,交差点付近－その他,施設なし,単路－9.0m以上,直線－平坦,単路（交差点付近を含む）,規制なし,中央線－ペイント,区分あり－縁石・ブロック等,車両相互,乗用車－普通車,乗用車－軽自動車,自家用,自家用,乗用車,乗用車,65～74歳,35～44歳,損傷なし,負傷,対象外当事者,対象外当事者,50㎞／ｈ以下,50㎞／ｈ以下,大破,大破,その他,装備あり 作動,34.2131697,135.1773272
2022,和歌山,和歌山市,105,0092,負傷,0,1,2022/06/02 14:05,2022,6,2,14,5,木,その他,昼－昼,晴,市街地－人口集中,舗装－乾燥,単路－その他,施設なし,単路－9.0m以上,直線－平坦,単路（交差点付近を含む）,規制なし,中央線－ペイント,区分あり－路側帯,車両相互,乗用車－普通車,軽車両－駆動補助機付自転車,自家用,自転車,乗用車,対象外当事者,75歳以上,75歳以上,損傷なし,負傷,対象外当事者,対象外当事者,50㎞／ｈ以下,対象外当事者,小破,小破,その他,対象外当事者,34.2167314,135.1595689
2022,和歌山,和歌山市,105,0093,負傷,0,1,2021/07/24 23:35,2021,7,24,23,35,土,その他,夜－夜,晴,市街地－人口集中,舗装－乾燥,交差点－その他,施設なし,交差点－中（5.5m以上）－中,直線－平坦,交差点内,規制なし,中央分離なし,区分あり－路側帯,車両相互,乗用車－普通車,軽車両－自転車,自家用,自転車,乗用車,対象外当事者,65～74歳,45～54歳,損傷なし,負傷,標準－反射式,規制なし,40㎞／ｈ以下,対象外当事者,小破,小破,その他,対象外当事者,34.2380497,135.1752614
2022,和歌山,和歌山市,105,0094,負傷,0,1,2022/06/07 20:43,2022,6,7,20,43,火,その他,夜－夜,晴,市街地－人口集中,舗装－乾燥,単路－その他,施設なし,単路－13.0m以上,直線－平坦,単路（交差点付近を含む）,規制なし,中央分離帯,区分あり－縁石・ブロック等,車両相互,乗用車－普通車,乗用車－軽自動車,自家用,自家用,乗用車,乗用車,45～54歳,25～34歳,負傷,損傷なし,対象外当事者,対象外当事者,50㎞／ｈ以下,50㎞／ｈ以下,小破,中破,その他,その他,34.2372317,135.1733836
2022,和歌山,和歌山市,105,0095,負傷,0,1,2022/06/27 14:20,2022,6,27,14,20,月,その他,昼－昼,晴,市街地－人口集中,舗装－乾燥,交差点－その他,施設なし,交差点－中（5.5m以上）－小,直線－平坦,交差点内,規制なし,中央分離なし,区分なし,車両相互,乗用車－普通車,乗用車－軽自動車,自家用,自家用,乗用車,乗用車,25～34歳,75歳以上,負傷,損傷なし,規制なし,規制なし,指定の速度規制なし等,指定の速度規制なし等,小破,小破,その他,その他,34.2361761,135.1748564
2022,和歌山,海南市,106,0026,負傷,0,1,2022/05/14 13:25,2022,5,14,13,25,土,その他,昼－昼,曇,市街地－人口集中,舗装－乾燥,交差点－その他,施設なし,交差点－小（5.5m未満）－小,直線－平坦,交差点内,規制なし,中央分離なし,区分なし,人対車両,乗用車－軽自動車,歩行者,自家用,対象外当事者,乗用車,対象外当事者,45～54歳,0～24歳,損傷なし,負傷,規制なし,対象外当事者,指定の速度規制なし等,対象外当事者,小破,対象外当事者,その他,対象外当事者,34.1559092,135.2158675
2022,和歌山,海南市,106,0027,負傷,0,1,2022/06/13 12:15,2022,6,13,12,15,月,その他,昼－昼,曇,市街地－人口集中,舗装－乾燥,交差点付近－その他,点灯－３灯式,単路－9.0m以上,直線－平坦,単路（交差点付近を含む）,規制なし,中央線－ペイント,区分あり－縁石・ブロック等,車両相互,乗用車－普通車,乗用車－軽自動車,自家用,自家用,乗用車,乗用車,45～54歳,55～64歳,損傷なし,負傷,対象外当事者,対象外当事者,50㎞／ｈ以下,50㎞／ｈ以下,中破,中破,その他,その他,34.1588383,135.1995711
2022,和歌山,海南市,106,0028,負傷,0,1,2022/06/10 08:00,2022,6,10,8,0,金,その他,昼－昼,晴,非市街地,舗装－乾燥,交差点－その他,点灯－押ボタン式,交差点－中（5.5m以上）－小,直線－平坦,交差点内,規制なし,中央線－ペイント,区分あり－縁石・ブロック等,車両相互,乗用車－普通車,乗用車－軽自動車,自家用,自家用,乗用車,乗用車,25～34歳,45～54歳,負傷,損傷なし,規制なし,規制なし,50㎞／ｈ以下,50㎞／ｈ以下,小破,小破,その他,その他,34.1593406,135.278335
2022,和歌山,海南市,106,0029,負傷,0,1,2021/04/01 05:15,2021,4,1,5,15,木,その他,夜－明,晴,非市街地,舗装－乾燥,単路－その他,施設なし,単路－19.5m以上,直線－平坦,単路（交差点付近を含む）,規制なし,中央線－ペイント,区分あり－縁石・ブロック等,車両相互,二輪車－自動二輪－原付二種－51～125cc,二輪車－自動二輪－原付二種－51～125cc,自家用,自家用,対象外当事者,対象外当事者,65～74歳,45～54歳,損傷なし,負傷,対象外当事者,対象外当事者,指定の速度規制なし等,指定の速度規制なし等,小破,小破,対象外当事者,対象外当事者,34.1580631,135.2686514
2022,和歌山,海南市,106,0030,負傷,0,1,2022/05/27 17:00,2022,5,27,17,0,金,その他,昼－昼,晴,市街地－人口集中,舗装－乾燥,単路－その他,施設なし,単路－3.5m未満,直線－平坦,単路（交差点付近を含む）,規制なし,中央分離なし,区分なし,人対車両,乗用車－普通車,歩行者,自家用,対象外当事者,乗用車,対象外当事者,55～64歳,75歳以上,損傷なし,負傷,対象外当事者,対象外当事者,指定の速度規制なし等,対象外当事者,小破,対象外当事者,その他,対象外当事者,34.170965,135.2114778
2022,和歌山,海南市,106,0031,負傷,0,2,2022/06/14 17:10,2022,6,14,17,10,火,その他,昼－昼,雨,非市街地,舗装－湿潤,単路－その他,施設なし,単路－5.5m以上,直線－平坦,単路（交差点付近を含む）,規制なし,中央線－ペイント,区分あり－路側帯,車両相互,乗用車－普通車,乗用車－普通車,自家用,自家用,乗用車,乗用車,0～24歳,45～54歳,損傷なし,負傷,対象外当事者,対象外当事者,40㎞／ｈ以下,40㎞／ｈ以下,小破,小破,その他,その他,34.1947014,135.3096175
2022,和歌山,海南市,106,0032,負傷,0,1,2022/06/10 17:30,2022,6,10,17,30,金,その他,昼－昼,晴,非市街地,舗装－乾燥,交差点－その他,施設なし,交差点－小（5.5m未満）－小,直線－平坦,交差点内,規制なし,中央分離なし,区分なし,車両相互,乗用車－普通車,軽車両－自転車,自家用,自転車,乗用車,対象外当事者,55～64歳,0～24歳,損傷なし,負傷,規制なし,規制なし,指定の速度規制なし等,対象外当事者,小破,損壊なし,その他,対象外当事者,34.1697017,135.234505
2022,和歌山,海南市,106,0033,負傷,0,1,2022/06/29 18:00,2022,6,29,18,0,水,その他,昼－昼,晴,非市街地,舗装－乾燥,単路－その他,施設なし,単路－5.5m以上,直線－平坦,単路（交差点付近を含む）,規制なし,中央線－ペイント,区分あり－路側帯,人対車両,乗用車－普通車,歩行者,自家用,対象外当事者,乗用車,対象外当事者,35～44歳,35～44歳,損傷なし,負傷,対象外当事者,対象外当事者,40㎞／ｈ以下,対象外当事者,小破,対象外当事者,その他,対象外当事者,34.1273111,135.1730039
2022,和歌山,湯浅町,108,0021,負傷,0,1,2022/05/23 17:40,2022,5,23,17,40,月,その他,昼－昼,晴,非市街地,舗装－乾燥,交差点付近－その他,点灯－３灯式,単路－5.5m以上,直線－平坦,単路（交差点付近を含む）,規制なし,中央線－ペイント,区分あり－縁石・ブロック等,車両相互,乗用車－軽自動車,二輪車－一般原付自転車,自家用,自家用,乗用車,対象外当事者,25～34歳,0～24歳,損傷なし,負傷,対象外当事者,対象外当事者,40㎞／ｈ以下,指定の速度規制なし等,小破,小破,その他,対象外当事者,34.0324533,135.1857086