対象年,都道府県,市区町村,警察署等コード,本票番号,事故内容,死者数,負傷者数,発生日時,発生年,発生月,発生日,発生時,発生分,曜日,祝日,昼夜,天候,地形,路面状態,道路形状,信号機,車道幅員,道路線形,衝突地点,ゾーン規制,中央分離帯施設等,歩車道区分,事故類型,当事者A 種別,当事者B 種別,当事者A 用途,当事者B 用途,当事者A 車両形状,当事者B 車両形状,当事者A 年齢,当事者B 年齢,当事者A 人身損傷程度,当事者B 人身損傷程度,当事者A 一時停止規制標識,当事者B 一時停止規制標識,当事者A 速度規制,当事者B 速度規制,当事者A 車両損壊程度,当事者B 車両損壊程度,当事者A エアバッグ,当事者B エアバッグ,緯度,経度
2022,和歌山,和歌山市,104,0155,負傷,0,1,2022/03/19 15:45,2022,3,19,15,45,土,その他,昼－昼,曇,市街地－人口集中,舗装－湿潤,単路－その他,施設なし,単路－3.5m以上,直線－平坦,単路（交差点付近を含む）,規制なし,中央分離なし,区分あり－路側帯,車両単独,乗用車－普通車,物件等,自家用,対象外当事者,乗用車,対象外当事者,75歳以上,不明,負傷,対象外当事者,対象外当事者,対象外当事者,指定の速度規制なし等,対象外当事者,小破,対象外当事者,その他,対象外当事者,34.2422511,135.1811592
2022,和歌山,和歌山市,104,0156,負傷,0,1,2022/07/01 17:40,2022,7,1,17,40,金,その他,昼－昼,晴,非市街地,舗装－乾燥,単路－その他,施設なし,単路－9.0m以上,直線－平坦,単路（交差点付近を含む）,規制なし,中央分離帯,区分あり－縁石・ブロック等,車両相互,乗用車－普通車,軽車両－自転車,自家用,自転車,乗用車,対象外当事者,45～54歳,35～44歳,損傷なし,負傷,対象外当事者,対象外当事者,指定の速度規制なし等,対象外当事者,小破,小破,その他,対象外当事者,34.2613289,135.2171361
2022,和歌山,和歌山市,104,0157,負傷,0,1,2022/06/23 19:55,2022,6,23,19,55,木,その他,夜－暮,晴,市街地－人口集中,舗装－乾燥,交差点－その他,施設なし,交差点－小（5.5m未満）－小,直線－平坦,交差点内,規制なし,中央分離なし,区分あり－路側帯,人対車両,乗用車－軽自動車,歩行者,自家用,対象外当事者,乗用車,対象外当事者,0～24歳,55～64歳,損傷なし,負傷,規制なし,対象外当事者,指定の速度規制なし等,対象外当事者,損壊なし,対象外当事者,その他,対象外当事者,34.23217,135.1864222
2022,和歌山,和歌山市,104,0158,負傷,0,1,2022/07/15 14:05,2022,7,15,14,5,金,その他,昼－昼,晴,市街地－人口集中,舗装－乾燥,交差点－その他,点灯－３灯式,交差点－大（13.0ｍ以上）－大,直線－平坦,交差点内,規制なし,中央分離なし,区分あり－縁石・ブロック等,車両相互,乗用車－普通車,二輪車－一般原付自転車,自家用,自家用,乗用車,対象外当事者,65～74歳,0～24歳,損傷なし,負傷,規制なし,規制なし,50㎞／ｈ以下,指定の速度規制なし等,小破,小破,その他,対象外当事者,34.2139097,135.1862092
2022,和歌山,和歌山市,104,0159,負傷,0,1,2022/06/23 11:15,2022,6,23,11,15,木,その他,昼－昼,晴,市街地－その他,舗装－乾燥,単路－その他,施設なし,単路－5.5m以上,直線－平坦,単路（交差点付近を含む）,規制なし,中央線－ペイント,区分あり－路側帯,車両相互,乗用車－軽自動車,二輪車－一般原付自転車,自家用,自家用,乗用車,対象外当事者,75歳以上,75歳以上,損傷なし,負傷,対象外当事者,対象外当事者,40㎞／ｈ以下,指定の速度規制なし等,小破,小破,その他,対象外当事者,34.2674369,135.2429686
2022,和歌山,和歌山市,104,0160,負傷,0,1,2022/07/13 15:18,2022,7,13,15,18,水,その他,昼－昼,晴,市街地－人口集中,舗装－乾燥,単路－その他,点灯－３灯式,単路－9.0m以上,直線－平坦,単路（交差点付近を含む）,規制なし,中央分離帯,区分あり－路側帯,車両相互,乗用車－普通車,貨物車－軽自動車,自家用,自家用,乗用車,貨物車,75歳以上,75歳以上,負傷,損傷なし,対象外当事者,対象外当事者,指定の速度規制なし等,指定の速度規制なし等,中破,中破,その他,その他,34.2279983,135.2072967
2022,和歌山,和歌山市,104,0161,負傷,0,1,2022/07/15 09:25,2022,7,15,9,25,金,その他,昼－昼,晴,市街地－人口集中,舗装－乾燥,単路－その他,施設なし,単路－5.5m以上,直線－平坦,単路（交差点付近を含む）,規制なし,中央分離なし,区分なし,人対車両,乗用車－軽自動車,歩行者,自家用,対象外当事者,乗用車,対象外当事者,65～74歳,65～74歳,損傷なし,負傷,対象外当事者,対象外当事者,指定の速度規制なし等,対象外当事者,小破,対象外当事者,その他,対象外当事者,34.2454983,135.1966639
2022,和歌山,和歌山市,104,0162,負傷,0,1,2022/07/22 14:42,2022,7,22,14,42,金,その他,昼－昼,晴,市街地－人口集中,舗装－乾燥,一般交通の場所,施設なし,一般交通の場所,一般交通の場所,その他,規制なし,一般交通の場所,区分なし,車両相互,乗用車－軽自動車,乗用車－軽自動車,自家用,自家用,乗用車,乗用車,75歳以上,35～44歳,損傷なし,負傷,対象外当事者,対象外当事者,指定の速度規制なし等,指定の速度規制なし等,小破,小破,その他,その他,34.2584572,135.2178422
2022,和歌山,和歌山市,104,0163,負傷,0,1,2022/07/26 12:15,2022,7,26,12,15,火,その他,昼－昼,晴,市街地－人口集中,舗装－乾燥,単路－その他,施設なし,単路－9.0m以上,直線－平坦,単路（交差点付近を含む）,規制なし,中央分離帯,区分あり－縁石・ブロック等,車両相互,乗用車－普通車,二輪車－一般原付自転車,自家用,自家用,乗用車,対象外当事者,65～74歳,0～24歳,損傷なし,負傷,対象外当事者,対象外当事者,50㎞／ｈ以下,30㎞／ｈ以下,小破,小破,その他,対象外当事者,34.2171008,135.1876325
2022,和歌山,和歌山市,105,0096,負傷,0,1,2022/03/23 09:50,2022,3,23,9,50,水,その他,昼－昼,晴,市街地－人口集中,舗装－乾燥,交差点－その他,施設なし,交差点－小（5.5m未満）－中,直線－平坦,交差点内,規制なし,中央線－ペイント,区分あり－縁石・ブロック等,車両相互,二輪車－一般原付自転車,軽車両－自転車,自家用,自転車,対象外当事者,対象外当事者,55～64歳,75歳以上,損傷なし,負傷,規制なし,規制なし,指定の速度規制なし等,対象外当事者,小破,小破,対象外当事者,対象外当事者,34.2108364,135.1723708
2022,和歌山,和歌山市,105,0097,負傷,0,1,2022/05/31 21:05,2022,5,31,21,5,火,その他,夜－夜,晴,市街地－人口集中,舗装－乾燥,交差点－その他,点灯－３灯式,交差点－大（13.0ｍ以上）－大,直線－平坦,交差点内,規制なし,中央分離なし,区分あり－縁石・ブロック等,車両相互,乗用車－軽自動車,二輪車－自動二輪－原付二種－51～125cc,自家用,自家用,乗用車,対象外当事者,0～24歳,0～24歳,損傷なし,負傷,規制なし,規制なし,50㎞／ｈ以下,50㎞／ｈ以下,中破,大破,その他,対象外当事者,34.2007778,135.1781867
2022,和歌山,和歌山市,105,0098,負傷,0,1,2022/07/13 10:45,2022,7,13,10,45,水,その他,昼－昼,晴,市街地－人口集中,舗装－乾燥,交差点－その他,点灯－３灯式,交差点－大（13.0ｍ以上）－中,直線－平坦,交差点内,規制なし,中央分離なし,区分あり－縁石・ブロック等,車両相互,貨物車－軽自動車,軽車両－自転車,自家用,自転車,貨物車,対象外当事者,75歳以上,65～74歳,損傷なし,負傷,規制なし,規制なし,50㎞／ｈ以下,対象外当事者,小破,小破,その他,対象外当事者,34.2220275,135.1783558
2022,和歌山,和歌山市,105,0099,負傷,0,1,2022/07/14 10:55,2022,7,14,10,55,木,その他,昼－昼,曇,市街地－人口集中,舗装－乾燥,交差点－その他,施設なし,交差点－小（5.5m未満）－大,直線－平坦,交差点内,規制なし,中央分離なし,区分あり－縁石・ブロック等,車両相互,乗用車－普通車,乗用車－普通車,自家用,自家用,乗用車,乗用車,0～24歳,45～54歳,損傷なし,負傷,標準－反射式,規制なし,指定の速度規制なし等,50㎞／ｈ以下,中破,中破,装備あり 作動,装備あり 作動,34.2209969,135.1821997
2022,和歌山,和歌山市,105,0100,負傷,0,1,2022/06/01 09:35,2022,6,1,9,35,水,その他,昼－昼,晴,市街地－人口集中,舗装－乾燥,単路－その他,施設なし,単路－5.5m以上,直線－平坦,単路（交差点付近を含む）,規制なし,中央線－ペイント,区分あり－縁石・ブロック等,車両相互,乗用車－軽自動車,二輪車－一般原付自転車,自家用,自家用,乗用車,対象外当事者,65～74歳,75歳以上,損傷なし,負傷,対象外当事者,対象外当事者,50㎞／ｈ以下,指定の速度規制なし等,小破,小破,その他,対象外当事者,34.1858358,135.1796322
2022,和歌山,和歌山市,105,0101,負傷,0,1,2022/07/19 09:49,2022,7,19,9,49,火,その他,昼－昼,雨,市街地－人口集中,舗装－湿潤,交差点－その他,施設なし,交差点－小（5.5m未満）－中,直線－平坦,交差点内,規制なし,中央線－ペイント,区分あり－縁石・ブロック等,車両相互,乗用車－軽自動車,二輪車－一般原付自転車,自家用,自家用,乗用車,対象外当事者,55～64歳,65～74歳,損傷なし,負傷,規制なし,規制なし,指定の速度規制なし等,指定の速度規制なし等,小破,小破,その他,対象外当事者,34.1986786,135.1771481
2022,和歌山,和歌山市,105,0102,負傷,0,1,2022/07/25 18:20,2022,7,25,18,20,月,その他,昼－暮,晴,市街地－人口集中,舗装－乾燥,単路－カーブ・屈折,施設なし,単路－13.0m以上,カーブ・屈折－左－平坦,単路（交差点付近を含む）,規制なし,中央分離帯,区分あり－縁石・ブロック等,車両相互,乗用車－普通車,乗用車－軽自動車,自家用,自家用,乗用車,乗用車,45～54歳,35～44歳,負傷,損傷なし,対象外当事者,対象外当事者,50㎞／ｈ以下,50㎞／ｈ以下,中破,中破,その他,その他,34.1941647,135.1772097
2022,和歌山,和歌山市,105,0103,負傷,0,1,2022/07/08 16:17,2022,7,8,16,17,金,その他,昼－昼,曇,市街地－人口集中,舗装－乾燥,単路－その他,施設なし,単路－13.0m以上,直線－平坦,単路（交差点付近を含む）,規制なし,中央線－ペイント,区分あり－縁石・ブロック等,車両相互,貨物車－大型車,二輪車－自動二輪－原付二種－51～125cc,事業用,自家用,貨物車,対象外当事者,25～34歳,75歳以上,損傷なし,負傷,対象外当事者,対象外当事者,50㎞／ｈ以下,50㎞／ｈ以下,小破,中破,その他,対象外当事者,34.2254631,135.1685664
2022,和歌山,和歌山市,105,0104,負傷,0,1,2022/06/28 12:27,2022,6,28,12,27,火,その他,昼－昼,晴,市街地－人口集中,舗装－乾燥,単路－その他,施設なし,単路－5.5m以上,直線－平坦,単路（交差点付近を含む）,規制なし,中央線－ペイント,区分あり－縁石・ブロック等,車両相互,乗用車－普通車,乗用車－軽自動車,自家用,自家用,乗用車,乗用車,55～64歳,45～54歳,負傷,損傷なし,対象外当事者,対象外当事者,40㎞／ｈ以下,40㎞／ｈ以下,小破,小破,その他,その他,34.1712336,135.1892583
2022,和歌山,和歌山市,105,0105,負傷,0,1,2022/07/24 14:50,2022,7,24,14,50,日,その他,昼－昼,晴,市街地－人口集中,舗装－乾燥,交差点－その他,施設なし,交差点－大（13.0ｍ以上）－小,直線－平坦,交差点内,規制なし,中央線－ペイント,区分あり－縁石・ブロック等,車両相互,乗用車－軽自動車,二輪車－一般原付自転車,自家用,自家用,乗用車,対象外当事者,25～34歳,25～34歳,損傷なし,負傷,規制なし,規制なし,50㎞／ｈ以下,指定の速度規制なし等,小破,小破,その他,対象外当事者,34.2299417,135.1737447
2022,和歌山,和歌山市,105,0106,負傷,0,1,2022/07/30 07:50,2022,7,30,7,50,土,その他,昼－昼,晴,市街地－人口集中,舗装－乾燥,交差点－その他,点灯－３灯式,交差点－大（13.0ｍ以上）－大,直線－平坦,交差点内,規制なし,中央分離なし,区分あり－縁石・ブロック等,車両相互,乗用車－普通車,乗用車－軽自動車,自家用,自家用,乗用車,乗用車,25～34歳,35～44歳,損傷なし,負傷,規制なし,規制なし,50㎞／ｈ以下,50㎞／ｈ以下,小破,小破,装備あり 作動,装備あり 作動,34.2297756,135.1689353
2022,和歌山,和歌山市,105,0107,負傷,0,1,2022/07/28 06:59,2022,7,28,6,59,木,その他,昼－昼,晴,市街地－人口集中,舗装－乾燥,交差点－その他,点灯－３灯式,交差点－中（5.5m以上）－中,直線－平坦,交差点内,規制なし,中央分離なし,区分あり－縁石・ブロック等,車両相互,乗用車－普通車,二輪車－一般原付自転車,自家用,自家用,乗用車,対象外当事者,55～64歳,25～34歳,損傷なし,負傷,規制なし,規制なし,50㎞／ｈ以下,指定の速度規制なし等,小破,小破,その他,対象外当事者,34.2191078,135.1595422
2022,和歌山,海南市,106,0034,負傷,0,1,2022/06/21 18:15,2022,6,21,18,15,火,その他,昼－暮,雨,非市街地,舗装－湿潤,単路－トンネル,施設なし,単路－5.5m以上,カーブ・屈折－右－下り,単路（交差点付近を含む）,規制なし,中央線－ペイント,区分あり－路側帯,車両相互,乗用車－普通車,貨物車－軽自動車,自家用,自家用,乗用車,貨物車,0～24歳,0～24歳,損傷なし,負傷,対象外当事者,対象外当事者,50㎞／ｈ以下,50㎞／ｈ以下,小破,小破,その他,その他,34.12987,135.1704356
2022,和歌山,海南市,106,0035,負傷,0,1,2022/07/11 07:45,2022,7,11,7,45,月,その他,昼－昼,晴,非市街地,舗装－乾燥,単路－その他,施設なし,単路－5.5m以上,直線－平坦,単路（交差点付近を含む）,規制なし,中央線－ペイント,区分あり－路側帯,車両相互,貨物車－準中型車,乗用車－普通車,自家用,自家用,貨物車,乗用車,25～34歳,65～74歳,損傷なし,負傷,対象外当事者,対象外当事者,40㎞／ｈ以下,40㎞／ｈ以下,小破,小破,その他,その他,34.1697883,135.2238339
2022,和歌山,海南市,106,0036,負傷,0,1,2022/07/04 14:50,2022,7,4,14,50,月,その他,昼－昼,雨,市街地－人口集中,舗装－湿潤,交差点－その他,施設なし,交差点－大（13.0ｍ以上）－小,直線－平坦,交差点内,規制なし,中央線－ペイント,区分あり－縁石・ブロック等,車両相互,乗用車－普通車,軽車両－駆動補助機付自転車,自家用,自転車,乗用車,対象外当事者,25～34歳,75歳以上,損傷なし,負傷,規制なし,規制なし,50㎞／ｈ以下,対象外当事者,小破,小破,その他,対象外当事者,34.1529111,135.2293283
2022,和歌山,海南市,106,0037,負傷,0,1,2022/06/15 15:50,2022,6,15,15,50,水,その他,昼－昼,曇,市街地－その他,舗装－乾燥,交差点－その他,点灯－３灯式,交差点－中（5.5m以上）－中,直線－平坦,交差点内,規制なし,中央分離なし,区分あり－路側帯,車両相互,乗用車－軽自動車,乗用車－軽自動車,自家用,自家用,乗用車,乗用車,55～64歳,35～44歳,損傷なし,負傷,規制なし,規制なし,50㎞／ｈ以下,指定の速度規制なし等,大破,大破,装備あり 作動,その他,34.1568089,135.2287853
2022,和歌山,海南市,106,0038,負傷,0,5,2022/07/16 13:00,2022,7,16,13,0,土,その他,昼－昼,雨,非市街地,舗装－湿潤,単路－トンネル,施設なし,単路－5.5m以上,直線－平坦,単路（交差点付近を含む）,規制なし,中央線－ペイント,区分あり－路側帯,車両相互,乗用車－普通車,乗用車－普通車,自家用,自家用,乗用車,乗用車,55～64歳,25～34歳,損傷なし,負傷,対象外当事者,対象外当事者,50㎞／ｈ以下,50㎞／ｈ以下,小破,小破,その他,その他,34.1324544,135.1715442
2022,和歌山,有田市,108,0027,負傷,0,1,2022/06/16 03:00,2022,6,16,3,0,木,その他,夜－夜,曇,市街地－人口集中,舗装－湿潤,交差点付近－その他,点灯－３灯式,単路－5.5m以上,直線－平坦,単路（交差点付近を含む）,規制なし,中央線－高輝度標示,区分あり－路側帯,車両相互,乗用車－普通車,乗用車－普通車,自家用,自家用,乗用車,乗用車,45～54歳,0～24歳,損傷なし,損傷なし,対象外当事者,対象外当事者,50㎞／ｈ以下,50㎞／ｈ以下,小破,中破,その他,その他,34.0878464,135.1139658
2022,和歌山,有田市,108,0028,負傷,0,2,2022/05/28 10:20,2022,5,28,10,20,土,その他,昼－昼,晴,非市街地,舗装－乾燥,交差点付近－その他,施設なし,単路－5.5m以上,直線－平坦,単路（交差点付近を含む）,規制なし,中央線－ペイント,区分あり－縁石・ブロック等,車両相互,乗用車－普通車,乗用車－普通車,事業用,自家用,乗用車,乗用車,75歳以上,55～64歳,損傷なし,負傷,対象外当事者,対象外当事者,50㎞／ｈ以下,50㎞／ｈ以下,中破,中破,その他,その他,34.0728,135.1833403
2022,和歌山,日高川町,109,0020,負傷,0,1,2022/05/10 17:00,2022,5,10,17,0,火,その他,昼－昼,曇,非市街地,舗装－乾燥,交差点－その他,施設なし,交差点－小（5.5m未満）－中,直線－平坦,交差点内,規制なし,中央線－ペイント,区分あり－路側帯,車両相互,貨物車－中型車,二輪車－一般原付自転車,自家用,自家用,貨物車,対象外当事者,45～54歳,35～44歳,損傷なし,負傷,規制なし,規制なし,指定の速度規制なし等,指定の速度規制なし等,小破,小破,その他,対象外当事者,33.9258508,135.2956369
2022,和歌山,御坊市,109,0021,負傷,0,1,2022/07/08 15:50,2022,7,8,15,50,金,その他,昼－昼,曇,非市街地,舗装－乾燥,単路－その他,施設なし,単路－5.5m以上,直線－平坦,単路（交差点付近を含む）,規制なし,中央線－ペイント,区分あり－縁石・ブロック等,車両相互,乗用車－普通車,貨物車－軽自動車,自家用,自家用,乗用車,貨物車,45～54歳,65～74歳,損傷なし,負傷,対象外当事者,対象外当事者,40㎞／ｈ以下,40㎞／ｈ以下,小破,小破,その他,その他,33.9005478,135.1533931
2022,和歌山,御坊市,109,0022,負傷,0,1,2022/07/21 09:00,2022,7,21,9,0,木,その他,昼－昼,晴,市街地－人口集中,舗装－乾燥,交差点－その他,施設なし,交差点－小（5.5m未満）－小,直線－平坦,交差点内,規制なし,中央分離なし,区分なし,車両相互,乗用車－普通車,二輪車－一般原付自転車,自家用,自家用,乗用車,対象外当事者,75歳以上,0～24歳,損傷なし,負傷,規制なし,規制なし,指定の速度規制なし等,指定の速度規制なし等,小破,小破,その他,対象外当事者,33.9023367,135.1625047
2022,和歌山,田辺市,110,0054,負傷,0,1,2022/06/12 12:07,2022,6,12,12,7,日,その他,昼－昼,晴,市街地－その他,舗装－乾燥,単路－その他,施設なし,単路－5.5m以上,直線－平坦,単路（交差点付近を含む）,規制なし,中央線－ペイント,区分あり－縁石・ブロック等,車両単独,二輪車－一般原付自転車,相手なし,自家用,対象外当事者,対象外当事者,対象外当事者,55～64歳,不明,負傷,対象外当事者,対象外当事者,対象外当事者,指定の速度規制なし等,対象外当事者,小破,対象外当事者,対象外当事者,対象外当事者,33.7183278,135.4027628
2022,和歌山,田辺市,110,0055,負傷,0,1,2022/06/01 11:40,2022,6,1,11,40,水,その他,昼－昼,曇,市街地－人口集中,舗装－乾燥,単路－カーブ・屈折,施設なし,単路－3.5m未満,カーブ・屈折－右－下り,単路（交差点付近を含む）,規制なし,中央分離なし,区分なし,車両相互,貨物車－準中型車,二輪車－一般原付自転車,自家用,自家用,貨物車,対象外当事者,65～74歳,75歳以上,損傷なし,負傷,対象外当事者,対象外当事者,指定の速度規制なし等,指定の速度規制なし等,小破,小破,その他,対象外当事者,33.741005,135.3810797
2022,和歌山,田辺市,110,0056,負傷,0,1,2022/07/01 14:15,2022,7,1,14,15,金,その他,昼－昼,晴,市街地－人口集中,舗装－乾燥,単路－その他,施設なし,単路－3.5m以上,直線－平坦,単路（交差点付近を含む）,規制なし,中央分離なし,区分なし,車両相互,乗用車－普通車,二輪車－一般原付自転車,自家用,自家用,乗用車,対象外当事者,55～64歳,75歳以上,損傷なし,負傷,対象外当事者,対象外当事者,30㎞／ｈ以下,指定の速度規制なし等,小破,小破,その他,対象外当事者,33.7337844,135.3780306
2022,和歌山,田辺市,110,0057,負傷,0,1,2022/03/19 11:50,2022,3,19,11,50,土,その他,昼－昼,曇,市街地－その他,舗装－乾燥,単路－トンネル,施設なし,単路－3.5m未満,直線－平坦,単路（交差点付近を含む）,規制なし,中央分離なし,区分なし,車両単独,二輪車－一般原付自転車,相手なし,自家用,対象外当事者,対象外当事者,対象外当事者,0～24歳,不明,負傷,対象外当事者,対象外当事者,対象外当事者,指定の速度規制なし等,対象外当事者,損壊なし,対象外当事者,対象外当事者,対象外当事者,33.7411689,135.3781183
2022,和歌山,田辺市,110,0058,負傷,0,1,2022/07/04 19:23,2022,7,4,19,23,月,その他,夜－暮,雨,市街地－人口集中,舗装－湿潤,交差点－その他,点灯－３灯式,交差点－大（13.0ｍ以上）－中,直線－平坦,交差点内,規制なし,中央分離なし,区分あり－防護柵等,車両相互,乗用車－軽自動車,乗用車－軽自動車,自家用,自家用,乗用車,乗用車,75歳以上,25～34歳,損傷なし,負傷,規制なし,規制なし,指定の速度規制なし等,指定の速度規制なし等,中破,中破,その他,その他,33.7377317,135.3964319
2022,和歌山,田辺市,110,0059,負傷,0,2,2022/06/24 12:20,2022,6,24,12,20,金,その他,昼－昼,曇,市街地－人口集中,舗装－乾燥,交差点付近－その他,点灯－３灯式,単路－5.5m以上,直線－平坦,単路（交差点付近を含む）,規制なし,中央線－ペイント,区分あり－縁石・ブロック等,車両相互,乗用車－普通車,乗用車－軽自動車,自家用,自家用,乗用車,乗用車,45～54歳,0～24歳,損傷なし,負傷,対象外当事者,対象外当事者,30㎞／ｈ以下,30㎞／ｈ以下,小破,小破,その他,その他,33.7265286,135.3784658
2022,和歌山,田辺市,110,0060,負傷,0,1,2022/06/22 13:15,2022,6,22,13,15,水,その他,昼－昼,晴,市街地－その他,舗装－乾燥,交差点－その他,施設なし,交差点－小（5.5m未満）－小,直線－平坦,交差点内,規制なし,中央分離なし,区分なし,車両相互,乗用車－軽自動車,乗用車－軽自動車,自家用,自家用,乗用車,乗用車,75歳以上,0～24歳,損傷なし,負傷,標準－反射式,規制なし,指定の速度規制なし等,40㎞／ｈ以下,中破,小破,その他,装備あり 作動,33.7124808,135.3994917
2022,和歌山,田辺市,110,0061,負傷,0,1,2022/07/01 16:40,2022,7,1,16,40,金,その他,昼－昼,晴,非市街地,舗装－乾燥,単路－その他,施設なし,単路－5.5m以上,直線－平坦,単路（交差点付近を含む）,規制なし,中央線－ペイント,区分あり－路側帯,車両相互,乗用車－普通車,乗用車－普通車,自家用,自家用,乗用車,乗用車,45～54歳,25～34歳,損傷なし,負傷,対象外当事者,対象外当事者,指定の速度規制なし等,指定の速度規制なし等,損壊なし,損壊なし,その他,その他,33.7018736,135.3927208
2022,和歌山,田辺市,110,0062,負傷,0,1,2022/04/24 22:30,2022,4,24,22,30,日,その他,夜－夜,雨,非市街地,舗装－湿潤,単路－その他,施設なし,単路－5.5m以上,直線－平坦,単路（交差点付近を含む）,規制なし,中央線－ペイント,区分あり－縁石・ブロック等,車両単独,二輪車－一般原付自転車,物件等,自家用,対象外当事者,対象外当事者,対象外当事者,75歳以上,不明,負傷,対象外当事者,対象外当事者,対象外当事者,指定の速度規制なし等,対象外当事者,小破,対象外当事者,対象外当事者,対象外当事者,33.75619,135.3551703
2022,和歌山,田辺市,110,0063,負傷,0,1,2022/07/08 10:05,2022,7,8,10,5,金,その他,昼－昼,晴,市街地－人口集中,舗装－乾燥,交差点－その他,点灯－３灯式,交差点－中（5.5m以上）－小,直線－平坦,交差点内,規制なし,中央線－ペイント,区分あり－縁石・ブロック等,車両相互,乗用車－軽自動車,軽車両－自転車,自家用,自転車,乗用車,対象外当事者,65～74歳,75歳以上,損傷なし,負傷,規制なし,規制なし,40㎞／ｈ以下,対象外当事者,小破,小破,その他,対象外当事者,33.7343108,135.3867644
2022,和歌山,田辺市,110,0064,負傷,0,1,2022/07/09 08:15,2022,7,9,8,15,土,その他,昼－昼,晴,市街地－その他,舗装－乾燥,単路－その他,施設なし,単路－5.5m以上,直線－平坦,単路（交差点付近を含む）,規制なし,中央線－ペイント,区分あり－路側帯,車両相互,貨物車－軽自動車,二輪車－自動二輪－軽二輪－126～250cc,自家用,自家用,貨物車,対象外当事者,35～44歳,35～44歳,損傷なし,負傷,対象外当事者,対象外当事者,30㎞／ｈ以下,30㎞／ｈ以下,小破,中破,その他,対象外当事者,33.7374294,135.3999031
2022,和歌山,田辺市,110,0065,負傷,0,1,2022/07/09 10:40,2022,7,9,10,40,土,その他,昼－昼,曇,市街地－人口集中,舗装－乾燥,単路－その他,施設なし,単路－3.5m以上,直線－平坦,単路（交差点付近を含む）,規制なし,中央分離なし,区分なし,車両相互,二輪車－一般原付自転車,軽車両－自転車,自家用,自転車,対象外当事者,対象外当事者,65～74歳,65～74歳,負傷,損傷なし,対象外当事者,対象外当事者,指定の速度規制なし等,対象外当事者,小破,損壊なし,対象外当事者,対象外当事者,33.7228472,135.3954533
2022,和歌山,田辺市,110,0066,負傷,0,1,2022/07/20 16:35,2022,7,20,16,35,水,その他,昼－昼,晴,市街地－人口集中,舗装－乾燥,交差点－その他,点灯－３灯式,交差点－中（5.5m以上）－小,直線－平坦,交差点内,規制なし,中央分離なし,区分あり－縁石・ブロック等,車両相互,貨物車－軽自動車,二輪車－一般原付自転車,自家用,自家用,貨物車,対象外当事者,45～54歳,45～54歳,損傷なし,負傷,規制なし,規制なし,30㎞／ｈ以下,指定の速度規制なし等,小破,小破,その他,対象外当事者,33.7296997,135.3807228
2022,和歌山,田辺市,110,0067,負傷,0,1,2022/07/17 11:35,2022,7,17,11,35,日,前日,昼－昼,晴,市街地－人口集中,舗装－乾燥,交差点－その他,施設なし,交差点－小（5.5m未満）－中,直線－平坦,交差点内,規制なし,中央分離なし,区分あり－路側帯,車両相互,乗用車－普通車,乗用車－軽自動車,自家用,自家用,乗用車,乗用車,45～54歳,25～34歳,損傷なし,負傷,標準－反射式,規制なし,指定の速度規制なし等,40㎞／ｈ以下,小破,小破,その他,その他,33.7351561,135.3940403
2022,和歌山,新宮市,112,0028,負傷,0,1,2022/02/19 11:42,2022,2,19,11,42,土,その他,昼－昼,曇,市街地－人口集中,舗装－乾燥,交差点－その他,施設なし,交差点－中（5.5m以上）－小,直線－平坦,交差点内,規制なし,中央分離なし,区分あり－路側帯,車両相互,乗用車－普通車,乗用車－普通車,自家用,自家用,乗用車,乗用車,75歳以上,25～34歳,損傷なし,負傷,標準－反射式,規制なし,30㎞／ｈ以下,30㎞／ｈ以下,小破,小破,その他,その他,33.7297781,135.9881439
2022,和歌山,新宮市,112,0029,負傷,0,2,2022/06/29 10:38,2022,6,29,10,38,水,その他,昼－昼,晴,市街地－人口集中,舗装－乾燥,単路－カーブ・屈折,施設なし,単路－5.5m以上,カーブ・屈折－左－下り,単路（交差点付近を含む）,規制なし,中央線－ペイント,区分あり－縁石・ブロック等,車両相互,乗用車－軽自動車,乗用車－軽自動車,自家用,自家用,乗用車,乗用車,0～24歳,25～34歳,損傷なし,負傷,対象外当事者,対象外当事者,40㎞／ｈ以下,40㎞／ｈ以下,小破,小破,その他,その他,33.7176958,135.9960453
2022,和歌山,串本町,112,0030,負傷,0,1,2022/07/07 19:00,2022,7,7,19,0,木,その他,昼－暮,曇,非市街地,舗装－乾燥,一般交通の場所,施設なし,一般交通の場所,一般交通の場所,その他,規制なし,一般交通の場所,区分なし,車両単独,乗用車－軽自動車,物件等,自家用,対象外当事者,乗用車,対象外当事者,0～24歳,不明,負傷,対象外当事者,対象外当事者,対象外当事者,指定の速度規制なし等,対象外当事者,小破,対象外当事者,その他,対象外当事者,33.5301611,135.8125544
2022,和歌山,新宮市,112,0031,負傷,0,1,2022/06/29 06:25,2022,6,29,6,25,水,その他,昼－昼,晴,市街地－人口集中,舗装－乾燥,交差点－その他,施設なし,交差点－中（5.5m以上）－小,直線－平坦,交差点内,規制なし,中央線－ペイント,区分あり－路側帯,車両相互,貨物車－普通車,二輪車－一般原付自転車,自家用,自家用,貨物車,対象外当事者,0～24歳,75歳以上,損傷なし,負傷,規制なし,規制なし,指定の速度規制なし等,指定の速度規制なし等,小破,小破,その他,対象外当事者,33.7149939,135.9939786