対象年,都道府県,市区町村,警察署等コード,本票番号,事故内容,死者数,負傷者数,発生日時,発生年,発生月,発生日,発生時,発生分,曜日,祝日,昼夜,天候,地形,路面状態,道路形状,信号機,車道幅員,道路線形,衝突地点,ゾーン規制,中央分離帯施設等,歩車道区分,事故類型,当事者A 種別,当事者B 種別,当事者A 用途,当事者B 用途,当事者A 車両形状,当事者B 車両形状,当事者A 年齢,当事者B 年齢,当事者A 人身損傷程度,当事者B 人身損傷程度,当事者A 一時停止規制標識,当事者B 一時停止規制標識,当事者A 速度規制,当事者B 速度規制,当事者A 車両損壊程度,当事者B 車両損壊程度,当事者A エアバッグ,当事者B エアバッグ,緯度,経度
2022,和歌山,岩出市,103,0131,負傷,0,2,2022/08/17 12:10,2022,8,17,12,10,水,その他,昼－昼,曇,非市街地,舗装－湿潤,交差点付近－その他,点灯－３灯式,単路－13.0m以上,直線－平坦,単路（交差点付近を含む）,規制なし,中央分離帯,区分あり－縁石・ブロック等,車両相互,乗用車－軽自動車,乗用車－軽自動車,自家用,自家用,乗用車,乗用車,0～24歳,45～54歳,損傷なし,負傷,対象外当事者,対象外当事者,指定の速度規制なし等,指定の速度規制なし等,小破,小破,その他,その他,34.2610536,135.3161881
2022,和歌山,紀の川市,103,0132,負傷,0,1,2022/08/18 07:38,2022,8,18,7,38,木,その他,昼－昼,雨,非市街地,舗装－湿潤,交差点－その他,施設なし,交差点－小（5.5m未満）－中,直線－平坦,交差点内,規制なし,中央分離なし,区分あり－路側帯,車両相互,乗用車－中型車,乗用車－軽自動車,事業用,自家用,乗用車,乗用車,65～74歳,25～34歳,損傷なし,損傷なし,標準－反射式,規制なし,指定の速度規制なし等,50㎞／ｈ以下,小破,大破,その他,装備あり 作動,34.2881117,135.3640678
2022,和歌山,岩出市,103,0133,負傷,0,1,2022/08/20 13:50,2022,8,20,13,50,土,その他,昼－昼,曇,非市街地,舗装－乾燥,一般交通の場所,施設なし,一般交通の場所,一般交通の場所,その他,規制なし,一般交通の場所,区分なし,人対車両,乗用車－軽自動車,歩行者,自家用,対象外当事者,乗用車,対象外当事者,35～44歳,35～44歳,損傷なし,負傷,対象外当事者,対象外当事者,指定の速度規制なし等,対象外当事者,小破,対象外当事者,その他,対象外当事者,34.2774231,135.2897692
2022,和歌山,岩出市,103,0134,負傷,0,2,2022/08/20 10:25,2022,8,20,10,25,土,その他,昼－昼,曇,非市街地,舗装－乾燥,交差点付近－その他,点灯－３灯式,単路－3.5m以上,直線－平坦,単路（交差点付近を含む）,規制なし,中央線－ペイント,区分あり－路側帯,車両相互,乗用車－軽自動車,乗用車－軽自動車,自家用,自家用,乗用車,乗用車,75歳以上,0～24歳,損傷なし,負傷,対象外当事者,対象外当事者,指定の速度規制なし等,指定の速度規制なし等,小破,小破,その他,その他,34.26692,135.2811736
2022,和歌山,紀の川市,103,0135,負傷,0,2,2022/08/27 12:35,2022,8,27,12,35,土,その他,昼－昼,曇,市街地－その他,舗装－乾燥,単路－その他,施設なし,単路－5.5m以上,直線－平坦,単路（交差点付近を含む）,規制なし,中央線－ペイント,区分あり－縁石・ブロック等,車両相互,乗用車－普通車,乗用車－軽自動車,自家用,自家用,乗用車,乗用車,35～44歳,35～44歳,負傷,損傷なし,対象外当事者,対象外当事者,50㎞／ｈ以下,50㎞／ｈ以下,中破,中破,その他,その他,34.2180519,135.3149292
2022,和歌山,紀の川市,103,0136,負傷,0,1,2022/05/25 10:50,2022,5,25,10,50,水,その他,昼－昼,晴,非市街地,舗装－乾燥,単路－その他,施設なし,単路－5.5m以上,直線－平坦,単路（交差点付近を含む）,規制なし,中央線－ペイント,区分あり－縁石・ブロック等,車両相互,貨物車－軽自動車,二輪車－一般原付自転車,自家用,自家用,貨物車,対象外当事者,25～34歳,55～64歳,損傷なし,負傷,対象外当事者,対象外当事者,指定の速度規制なし等,指定の速度規制なし等,小破,小破,その他,対象外当事者,34.2649725,135.3506289
2022,和歌山,和歌山市,104,0164,負傷,0,1,2022/07/21 10:35,2022,7,21,10,35,木,その他,昼－昼,晴,市街地－その他,舗装－乾燥,交差点－その他,点滅－３灯式,交差点－小（5.5m未満）－中,直線－平坦,交差点内,規制なし,中央線－ペイント,区分あり－路側帯,車両相互,乗用車－普通車,軽車両－自転車,自家用,自転車,乗用車,対象外当事者,75歳以上,45～54歳,損傷なし,負傷,規制なし,規制なし,指定の速度規制なし等,対象外当事者,小破,小破,その他,対象外当事者,34.2395267,135.2316489
2022,和歌山,和歌山市,104,0165,負傷,0,1,2022/07/09 12:50,2022,7,9,12,50,土,その他,昼－昼,晴,市街地－人口集中,舗装－乾燥,交差点－その他,施設なし,交差点－小（5.5m未満）－小,直線－平坦,交差点内,規制なし,中央分離なし,区分なし,車両相互,乗用車－普通車,軽車両－自転車,自家用,自転車,乗用車,対象外当事者,0～24歳,25～34歳,損傷なし,負傷,規制なし,規制なし,指定の速度規制なし等,対象外当事者,小破,中破,装備あり 作動,対象外当事者,34.2051367,135.1829533
2022,和歌山,和歌山市,104,0166,負傷,0,1,2022/06/21 10:00,2022,6,21,10,0,火,その他,昼－昼,雨,市街地－人口集中,舗装－湿潤,交差点－その他,施設なし,交差点－小（5.5m未満）－中,直線－平坦,交差点内,規制なし,中央分離なし,区分なし,車両相互,貨物車－普通車,軽車両－自転車,自家用,自転車,貨物車,対象外当事者,0～24歳,75歳以上,損傷なし,負傷,規制なし,規制なし,指定の速度規制なし等,対象外当事者,小破,小破,その他,対象外当事者,34.2295467,135.1916419
2022,和歌山,和歌山市,104,0167,負傷,0,1,2022/07/15 17:35,2022,7,15,17,35,金,その他,昼－昼,曇,市街地－人口集中,舗装－乾燥,交差点－その他,施設なし,交差点－小（5.5m未満）－中,直線－平坦,交差点内,規制なし,中央線－ペイント,区分あり－防護柵等,車両相互,乗用車－軽自動車,二輪車－自動二輪－小型二輪－751ｃｃ以上,自家用,自家用,乗用車,対象外当事者,55～64歳,35～44歳,損傷なし,負傷,拡大－反射式,規制なし,指定の速度規制なし等,50㎞／ｈ以下,小破,中破,その他,対象外当事者,34.2578294,135.1941164
2022,和歌山,和歌山市,104,0168,負傷,0,1,2022/07/30 07:50,2022,7,30,7,50,土,その他,昼－昼,晴,非市街地,舗装－乾燥,単路－その他,施設なし,単路－5.5m以上,直線－平坦,単路（交差点付近を含む）,規制なし,中央線－ペイント,区分あり－縁石・ブロック等,車両相互,乗用車－普通車,貨物車－普通車,自家用,自家用,乗用車,貨物車,45～54歳,35～44歳,損傷なし,負傷,対象外当事者,対象外当事者,指定の速度規制なし等,指定の速度規制なし等,小破,小破,その他,その他,34.2064192,135.2477722
2022,和歌山,和歌山市,104,0169,負傷,0,2,2022/07/22 09:20,2022,7,22,9,20,金,その他,昼－昼,晴,市街地－人口集中,舗装－乾燥,交差点付近－その他,点灯－３灯式,単路－5.5m以上,直線－平坦,単路（交差点付近を含む）,規制なし,中央線－ペイント,区分あり－路側帯,車両相互,貨物車－大型車,乗用車－普通車,事業用,自家用,貨物車,乗用車,25～34歳,55～64歳,損傷なし,負傷,対象外当事者,対象外当事者,50㎞／ｈ以下,50㎞／ｈ以下,小破,小破,その他,その他,34.2579933,135.2057083
2022,和歌山,和歌山市,104,0170,負傷,0,1,2022/08/09 16:55,2022,8,9,16,55,火,その他,昼－昼,晴,非市街地,舗装－乾燥,単路－その他,施設なし,単路－13.0m以上,直線－平坦,単路（交差点付近を含む）,規制なし,中央分離帯,区分あり－縁石・ブロック等,車両相互,乗用車－普通車,乗用車－普通車,自家用,自家用,乗用車,乗用車,0～24歳,55～64歳,損傷なし,負傷,対象外当事者,対象外当事者,指定の速度規制なし等,指定の速度規制なし等,小破,小破,その他,その他,34.2635225,135.2691164
2022,和歌山,和歌山市,104,0171,負傷,0,1,2022/08/04 10:00,2022,8,4,10,0,木,その他,昼－昼,晴,非市街地,舗装－乾燥,単路－その他,施設なし,単路－13.0m以上,直線－平坦,単路（交差点付近を含む）,規制なし,中央分離帯,区分あり－縁石・ブロック等,車両相互,乗用車－軽自動車,乗用車－軽自動車,自家用,自家用,乗用車,乗用車,35～44歳,45～54歳,損傷なし,負傷,対象外当事者,対象外当事者,50㎞／ｈ以下,50㎞／ｈ以下,中破,中破,装備あり 作動,その他,34.2016992,135.1998939
2022,和歌山,和歌山市,104,0172,負傷,0,2,2022/08/04 16:45,2022,8,4,16,45,木,その他,昼－昼,晴,市街地－人口集中,舗装－乾燥,交差点付近－その他,点灯－３灯式,単路－13.0m以上,直線－平坦,単路（交差点付近を含む）,規制なし,中央分離帯,区分あり－縁石・ブロック等,車両相互,乗用車－普通車,乗用車－軽自動車,自家用,自家用,乗用車,乗用車,55～64歳,45～54歳,損傷なし,負傷,対象外当事者,対象外当事者,40㎞／ｈ以下,40㎞／ｈ以下,小破,小破,その他,その他,34.2200806,135.1863872
2022,和歌山,和歌山市,104,0173,負傷,0,1,2022/06/30 14:50,2022,6,30,14,50,木,その他,昼－昼,晴,市街地－人口集中,舗装－乾燥,交差点付近－その他,施設なし,単路－5.5m以上,直線－平坦,単路（交差点付近を含む）,規制なし,中央線－ペイント,区分あり－路側帯,車両相互,貨物車－軽自動車,二輪車－一般原付自転車,自家用,自家用,貨物車,対象外当事者,55～64歳,45～54歳,損傷なし,負傷,対象外当事者,対象外当事者,50㎞／ｈ以下,指定の速度規制なし等,損壊なし,小破,その他,対象外当事者,34.2449064,135.2033897
2022,和歌山,和歌山市,104,0174,負傷,0,2,2022/08/06 13:20,2022,8,6,13,20,土,その他,昼－昼,晴,市街地－人口集中,舗装－乾燥,単路－その他,施設なし,単路－13.0m以上,直線－平坦,単路（交差点付近を含む）,規制なし,中央分離帯,区分あり－縁石・ブロック等,車両相互,乗用車－普通車,乗用車－軽自動車,自家用,自家用,乗用車,乗用車,65～74歳,45～54歳,負傷,負傷,対象外当事者,対象外当事者,50㎞／ｈ以下,50㎞／ｈ以下,小破,小破,その他,その他,34.2311019,135.2109631
2022,和歌山,和歌山市,104,0175,負傷,0,1,2022/08/03 13:15,2022,8,3,13,15,水,その他,昼－昼,晴,非市街地,舗装－乾燥,交差点－その他,点灯－３灯式,交差点－大（13.0ｍ以上）－中,直線－平坦,交差点内,規制なし,中央分離なし,区分あり－縁石・ブロック等,車両相互,乗用車－軽自動車,乗用車－軽自動車,自家用,自家用,乗用車,乗用車,75歳以上,35～44歳,損傷なし,負傷,規制なし,規制なし,指定の速度規制なし等,指定の速度規制なし等,中破,中破,その他,その他,34.1991367,135.2109636
2022,和歌山,和歌山市,104,0176,負傷,0,4,2022/08/13 12:30,2022,8,13,12,30,土,その他,昼－昼,晴,市街地－人口集中,舗装－乾燥,交差点付近－その他,点灯－３灯式,単路－13.0m以上,直線－平坦,単路（交差点付近を含む）,規制なし,中央分離帯,区分あり－縁石・ブロック等,車両相互,乗用車－普通車,乗用車－軽自動車,自家用,自家用,乗用車,乗用車,35～44歳,0～24歳,負傷,損傷なし,対象外当事者,対象外当事者,50㎞／ｈ以下,50㎞／ｈ以下,小破,小破,その他,その他,34.2387008,135.1865847
2022,和歌山,和歌山市,104,0177,負傷,0,1,2022/08/10 18:59,2022,8,10,18,59,水,前日,夜－暮,晴,市街地－人口集中,舗装－乾燥,単路－その他,施設なし,単路－3.5m以上,直線－平坦,単路（交差点付近を含む）,規制なし,中央分離なし,区分あり－路側帯,車両相互,乗用車－普通車,軽車両－自転車,自家用,自転車,乗用車,対象外当事者,35～44歳,55～64歳,損傷なし,負傷,対象外当事者,対象外当事者,30㎞／ｈ以下,対象外当事者,小破,損壊なし,その他,対象外当事者,34.2305994,135.190885
2022,和歌山,和歌山市,104,0178,負傷,0,1,2022/08/13 16:20,2022,8,13,16,20,土,その他,昼－昼,晴,市街地－人口集中,舗装－乾燥,交差点付近－その他,点灯－３灯式,単路－13.0m以上,直線－上り,単路（交差点付近を含む）,規制なし,中央分離帯,区分あり－路側帯,車両相互,乗用車－普通車,貨物車－軽自動車,自家用,事業用,乗用車,貨物車,25～34歳,25～34歳,負傷,損傷なし,対象外当事者,対象外当事者,50㎞／ｈ以下,50㎞／ｈ以下,小破,小破,その他,その他,34.2288714,135.1931336
2022,和歌山,和歌山市,104,0179,負傷,0,3,2022/08/07 21:10,2022,8,7,21,10,日,その他,夜－夜,晴,非市街地,舗装－乾燥,単路－その他,点灯－３灯式,単路－13.0m以上,直線－平坦,単路（交差点付近を含む）,規制なし,中央分離帯,区分あり－縁石・ブロック等,車両相互,乗用車－軽自動車,乗用車－軽自動車,自家用,自家用,乗用車,乗用車,0～24歳,45～54歳,損傷なし,負傷,対象外当事者,対象外当事者,50㎞／ｈ以下,50㎞／ｈ以下,小破,小破,その他,その他,34.2372058,135.2158911
2022,和歌山,和歌山市,104,0180,負傷,0,1,2022/08/03 10:20,2022,8,3,10,20,水,その他,昼－昼,晴,市街地－人口集中,舗装－乾燥,交差点－その他,施設なし,交差点－小（5.5m未満）－小,直線－平坦,交差点内,規制なし,中央分離なし,区分あり－縁石・ブロック等,車両相互,貨物車－軽自動車,軽車両－自転車,自家用,自転車,貨物車,対象外当事者,65～74歳,75歳以上,損傷なし,負傷,規制なし,規制なし,指定の速度規制なし等,対象外当事者,小破,小破,その他,対象外当事者,34.2008786,135.1866383
2022,和歌山,和歌山市,104,0181,負傷,0,1,2022/08/18 13:35,2022,8,18,13,35,木,その他,昼－昼,晴,市街地－人口集中,舗装－乾燥,交差点付近－その他,施設なし,単路－5.5m以上,直線－平坦,単路（交差点付近を含む）,規制なし,中央線－ペイント,区分あり－縁石・ブロック等,車両相互,乗用車－普通車,乗用車－軽自動車,自家用,自家用,乗用車,乗用車,0～24歳,0～24歳,負傷,損傷なし,対象外当事者,対象外当事者,50㎞／ｈ以下,50㎞／ｈ以下,小破,小破,その他,装備あり 作動,34.2451083,135.2118781
2022,和歌山,和歌山市,104,0182,負傷,0,1,2022/08/10 18:40,2022,8,10,18,40,水,前日,昼－暮,晴,市街地－人口集中,舗装－乾燥,交差点付近－その他,点灯－３灯式,単路－13.0m以上,直線－平坦,単路（交差点付近を含む）,規制なし,中央分離帯,区分あり－縁石・ブロック等,車両相互,乗用車－軽自動車,二輪車－一般原付自転車,自家用,自家用,乗用車,対象外当事者,45～54歳,35～44歳,損傷なし,負傷,対象外当事者,対象外当事者,指定の速度規制なし等,指定の速度規制なし等,小破,小破,その他,対象外当事者,34.2353675,135.1935928
2022,和歌山,和歌山市,104,0183,負傷,0,1,2022/07/25 17:50,2022,7,25,17,50,月,その他,昼－昼,晴,非市街地,舗装－乾燥,単路－その他,施設なし,単路－3.5m以上,直線－平坦,単路（交差点付近を含む）,規制なし,中央分離なし,区分あり－路側帯,人対車両,乗用車－普通車,歩行者,自家用,対象外当事者,乗用車,対象外当事者,45～54歳,25～34歳,損傷なし,負傷,対象外当事者,対象外当事者,30㎞／ｈ以下,対象外当事者,中破,対象外当事者,その他,対象外当事者,34.1828586,135.2301892
2022,和歌山,和歌山市,104,0184,負傷,0,1,2022/08/23 05:00,2022,8,23,5,0,火,その他,夜－明,晴,市街地－その他,舗装－乾燥,交差点－その他,点灯－３灯式,交差点－小（5.5m未満）－中,直線－平坦,交差点内,規制なし,中央線－ペイント,区分あり－路側帯,車両単独,軽車両－自転車,相手なし,自転車,対象外当事者,対象外当事者,対象外当事者,75歳以上,不明,負傷,対象外当事者,規制なし,対象外当事者,対象外当事者,対象外当事者,小破,対象外当事者,対象外当事者,対象外当事者,34.2664581,135.2307011
2022,和歌山,和歌山市,104,0185,負傷,0,1,2022/08/09 17:55,2022,8,9,17,55,火,その他,昼－暮,晴,市街地－人口集中,舗装－乾燥,交差点付近－その他,点灯－３灯式,単路－13.0m以上,直線－平坦,単路（交差点付近を含む）,規制なし,中央分離帯,区分あり－縁石・ブロック等,車両相互,乗用車－普通車,乗用車－普通車,自家用,自家用,乗用車,乗用車,35～44歳,55～64歳,損傷なし,負傷,対象外当事者,対象外当事者,指定の速度規制なし等,指定の速度規制なし等,小破,小破,その他,その他,34.2274317,135.2071644
2022,和歌山,和歌山市,104,0186,負傷,0,2,2022/08/15 13:35,2022,8,15,13,35,月,その他,昼－昼,晴,市街地－人口集中,舗装－乾燥,一般交通の場所,施設なし,一般交通の場所,一般交通の場所,その他,規制なし,一般交通の場所,区分なし,車両単独,乗用車－普通車,物件等,自家用,対象外当事者,乗用車,対象外当事者,75歳以上,不明,損傷なし,対象外当事者,対象外当事者,対象外当事者,指定の速度規制なし等,対象外当事者,小破,対象外当事者,その他,対象外当事者,34.2290381,135.1904597
2022,和歌山,和歌山市,104,0187,負傷,0,1,2022/08/22 08:00,2022,8,22,8,0,月,その他,昼－昼,晴,市街地－人口集中,舗装－乾燥,単路－その他,施設なし,単路－13.0m以上,直線－平坦,単路（交差点付近を含む）,規制なし,中央分離帯,区分あり－縁石・ブロック等,車両相互,乗用車－普通車,乗用車－普通車,自家用,自家用,乗用車,乗用車,25～34歳,35～44歳,損傷なし,負傷,対象外当事者,対象外当事者,50㎞／ｈ以下,50㎞／ｈ以下,小破,小破,その他,その他,34.2291753,135.1952236
2022,和歌山,和歌山市,104,0188,負傷,0,1,2022/08/23 13:20,2022,8,23,13,20,火,その他,昼－昼,晴,市街地－人口集中,舗装－乾燥,交差点－その他,施設なし,交差点－小（5.5m未満）－小,直線－平坦,交差点内,規制なし,中央分離なし,区分あり－縁石・ブロック等,車両相互,軽車両－自転車,対象外当事者,自転車,対象外当事者,対象外当事者,対象外当事者,0～24歳,不明,負傷,対象外当事者,規制なし,対象外当事者,対象外当事者,対象外当事者,小破,対象外当事者,対象外当事者,対象外当事者,34.2172644,135.18674
2022,和歌山,和歌山市,104,0189,負傷,0,1,2022/08/19 19:45,2022,8,19,19,45,金,その他,夜－夜,晴,非市街地,舗装－乾燥,単路－カーブ・屈折,施設なし,単路－3.5m未満,カーブ・屈折－右－平坦,単路（交差点付近を含む）,規制なし,中央分離なし,区分なし,車両相互,乗用車－軽自動車,軽車両－自転車,自家用,自転車,乗用車,対象外当事者,0～24歳,0～24歳,損傷なし,負傷,対象外当事者,対象外当事者,指定の速度規制なし等,対象外当事者,小破,小破,その他,対象外当事者,34.2327081,135.2419733
2022,和歌山,和歌山市,104,0190,負傷,0,1,2022/08/13 13:40,2022,8,13,13,40,土,その他,昼－昼,晴,市街地－人口集中,舗装－乾燥,交差点－その他,施設なし,交差点－小（5.5m未満）－大,直線－平坦,交差点内,規制なし,中央分離帯,区分あり－縁石・ブロック等,車両相互,乗用車－軽自動車,軽車両－自転車,自家用,自転車,乗用車,対象外当事者,0～24歳,0～24歳,損傷なし,負傷,標準－反射式,規制なし,指定の速度規制なし等,対象外当事者,小破,小破,その他,対象外当事者,34.2389389,135.1790103
2022,和歌山,和歌山市,105,0108,負傷,0,2,2022/07/31 16:05,2022,7,31,16,5,日,その他,昼－昼,晴,市街地－人口集中,舗装－乾燥,交差点付近－その他,点灯－３灯式,単路－13.0m以上,直線－平坦,単路（交差点付近を含む）,規制なし,中央分離帯,区分あり－縁石・ブロック等,車両相互,乗用車－普通車,乗用車－軽自動車,自家用,自家用,乗用車,乗用車,35～44歳,45～54歳,損傷なし,負傷,対象外当事者,対象外当事者,50㎞／ｈ以下,50㎞／ｈ以下,小破,小破,その他,その他,34.2223556,135.1783617
2022,和歌山,和歌山市,105,0109,死亡,1,0,2022/08/02 12:15,2022,8,2,12,15,火,その他,昼－昼,晴,市街地－人口集中,舗装－乾燥,交差点－その他,施設なし,交差点－小（5.5m未満）－小,直線－平坦,交差点内,規制なし,中央分離なし,区分あり－路側帯,車両相互,乗用車－軽自動車,二輪車－一般原付自転車,自家用,自家用,乗用車,対象外当事者,35～44歳,65～74歳,損傷なし,死亡,規制なし,標準－反射式,指定の速度規制なし等,指定の速度規制なし等,小破,中破,その他,対象外当事者,34.20532,135.1784986
2022,和歌山,和歌山市,105,0110,負傷,0,1,2022/07/21 10:35,2022,7,21,10,35,木,その他,昼－昼,晴,市街地－人口集中,舗装－乾燥,単路－その他,施設なし,単路－9.0m以上,直線－平坦,単路（交差点付近を含む）,規制なし,中央分離帯,区分あり－縁石・ブロック等,車両相互,乗用車－軽自動車,二輪車－自動二輪－原付二種－51～125cc,自家用,自家用,乗用車,対象外当事者,0～24歳,75歳以上,損傷なし,負傷,対象外当事者,対象外当事者,40㎞／ｈ以下,40㎞／ｈ以下,小破,小破,その他,対象外当事者,34.2268453,135.1783014
2022,和歌山,和歌山市,105,0111,負傷,0,1,2022/07/25 11:35,2022,7,25,11,35,月,その他,昼－昼,晴,市街地－人口集中,舗装－乾燥,単路－その他,施設なし,単路－13.0m以上,直線－平坦,単路（交差点付近を含む）,規制なし,中央分離帯,区分あり－縁石・ブロック等,車両相互,乗用車－普通車,軽車両－自転車,自家用,自転車,乗用車,対象外当事者,25～34歳,0～24歳,損傷なし,負傷,対象外当事者,対象外当事者,指定の速度規制なし等,対象外当事者,小破,小破,その他,対象外当事者,34.1815014,135.1862225
2022,和歌山,和歌山市,105,0112,負傷,0,1,2022/08/02 14:00,2022,8,2,14,0,火,その他,昼－昼,晴,市街地－人口集中,舗装－乾燥,交差点－その他,施設なし,交差点－小（5.5m未満）－小,直線－平坦,交差点内,規制なし,中央分離なし,区分あり－路側帯,車両相互,乗用車－普通車,軽車両－自転車,自家用,自転車,乗用車,対象外当事者,45～54歳,65～74歳,損傷なし,負傷,規制なし,標準－反射式,指定の速度規制なし等,対象外当事者,中破,中破,その他,対象外当事者,34.2053175,135.1784928
2022,和歌山,和歌山市,105,0113,負傷,0,1,2022/07/29 17:40,2022,7,29,17,40,金,その他,昼－昼,晴,市街地－人口集中,舗装－乾燥,交差点－その他,施設なし,交差点－小（5.5m未満）－小,直線－平坦,交差点内,規制なし,中央分離なし,区分なし,車両相互,乗用車－普通車,二輪車－一般原付自転車,自家用,自家用,乗用車,対象外当事者,45～54歳,35～44歳,損傷なし,負傷,標準－反射式,規制なし,指定の速度規制なし等,指定の速度規制なし等,小破,小破,その他,対象外当事者,34.2025225,135.1692431
2022,和歌山,和歌山市,105,0114,負傷,0,2,2022/08/11 16:25,2022,8,11,16,25,木,当日,昼－昼,晴,市街地－人口集中,舗装－乾燥,単路－橋,点灯－３灯式,単路－9.0m以上,直線－平坦,単路（交差点付近を含む）,規制なし,中央線－ペイント,区分あり－縁石・ブロック等,車両相互,乗用車－普通車,貨物車－軽自動車,自家用,自家用,乗用車,貨物車,35～44歳,0～24歳,負傷,損傷なし,対象外当事者,対象外当事者,40㎞／ｈ以下,40㎞／ｈ以下,小破,小破,その他,その他,34.24383,135.1633744
2022,和歌山,和歌山市,105,0115,負傷,0,2,2022/08/11 20:45,2022,8,11,20,45,木,当日,夜－夜,晴,市街地－人口集中,舗装－乾燥,交差点－その他,点灯－３灯式,交差点－大（13.0ｍ以上）－小,直線－平坦,交差点内,規制なし,中央分離なし,区分あり－縁石・ブロック等,車両相互,乗用車－軽自動車,二輪車－自動二輪－小型二輪－251～400cc,自家用,自家用,乗用車,対象外当事者,0～24歳,0～24歳,負傷,損傷なし,規制なし,規制なし,50㎞／ｈ以下,50㎞／ｈ以下,小破,小破,その他,対象外当事者,34.1749594,135.1866503
2022,和歌山,和歌山市,105,0116,負傷,0,1,2022/08/10 11:40,2022,8,10,11,40,水,前日,昼－昼,晴,市街地－人口集中,舗装－乾燥,一般交通の場所,施設なし,一般交通の場所,一般交通の場所,その他,規制なし,一般交通の場所,区分なし,人対車両,乗用車－普通車,歩行者,自家用,対象外当事者,乗用車,対象外当事者,45～54歳,0～24歳,損傷なし,負傷,対象外当事者,対象外当事者,指定の速度規制なし等,対象外当事者,損壊なし,対象外当事者,その他,対象外当事者,34.1885869,135.1767242
2022,和歌山,和歌山市,105,0117,負傷,0,1,2022/07/08 08:35,2022,7,8,8,35,金,その他,昼－昼,晴,市街地－人口集中,舗装－乾燥,交差点－その他,点灯－３灯式,交差点－小（5.5m未満）－中,直線－平坦,交差点内,規制なし,中央分離なし,区分あり－縁石・ブロック等,車両相互,乗用車－普通車,二輪車－一般原付自転車,自家用,自家用,乗用車,対象外当事者,25～34歳,25～34歳,損傷なし,負傷,規制なし,規制なし,指定の速度規制なし等,指定の速度規制なし等,小破,中破,その他,対象外当事者,34.2091158,135.1718039
2022,和歌山,和歌山市,105,0118,負傷,0,1,2022/08/13 10:20,2022,8,13,10,20,土,その他,昼－昼,晴,市街地－その他,舗装－乾燥,単路－その他,施設なし,単路－13.0m以上,直線－下り,単路（交差点付近を含む）,規制なし,中央分離帯,区分なし,車両相互,二輪車－自動二輪－原付二種－51～125cc,二輪車－一般原付自転車,自家用,自家用,対象外当事者,対象外当事者,55～64歳,35～44歳,損傷なし,負傷,対象外当事者,対象外当事者,50㎞／ｈ以下,指定の速度規制なし等,損壊なし,小破,対象外当事者,対象外当事者,34.2417708,135.1769019
2022,和歌山,海南市,106,0039,負傷,0,1,2022/07/22 09:15,2022,7,22,9,15,金,その他,昼－昼,晴,市街地－人口集中,舗装－乾燥,交差点－その他,施設なし,交差点－小（5.5m未満）－中,直線－平坦,交差点内,ゾーン30,中央分離なし,区分あり－路側帯,車両相互,乗用車－軽自動車,乗用車－軽自動車,自家用,自家用,乗用車,乗用車,0～24歳,45～54歳,損傷なし,負傷,標準－反射式,規制なし,30㎞／ｈ以下,30㎞／ｈ以下,小破,小破,装備あり 作動,その他,34.15544,135.2123883
2022,和歌山,海南市,106,0040,負傷,0,1,2022/07/26 10:15,2022,7,26,10,15,火,その他,昼－昼,晴,市街地－人口集中,舗装－乾燥,交差点－その他,点灯－３灯式,交差点－小（5.5m未満）－大,直線－平坦,交差点内,規制なし,中央分離なし,区分あり－路側帯,人対車両,貨物車－軽自動車,歩行者,自家用,対象外当事者,貨物車,対象外当事者,75歳以上,75歳以上,損傷なし,負傷,規制なし,対象外当事者,30㎞／ｈ以下,対象外当事者,小破,対象外当事者,その他,対象外当事者,34.1532861,135.2230406
2022,和歌山,海南市,106,0041,負傷,0,1,2022/08/10 06:52,2022,8,10,6,52,水,前日,昼－昼,晴,非市街地,舗装－乾燥,交差点－その他,施設なし,交差点－中（5.5m以上）－中,直線－平坦,交差点内,規制なし,中央分離なし,区分なし,車両相互,乗用車－普通車,軽車両－自転車,自家用,自転車,乗用車,対象外当事者,25～34歳,75歳以上,損傷なし,負傷,規制なし,規制なし,40㎞／ｈ以下,対象外当事者,小破,小破,その他,対象外当事者,34.1099344,135.1501075
2022,和歌山,湯浅町,108,0029,負傷,0,1,2022/07/15 17:15,2022,7,15,17,15,金,その他,昼－昼,晴,非市街地,舗装－乾燥,交差点－その他,点灯－３灯式,交差点－小（5.5m未満）－中,直線－上り,交差点内,規制なし,中央分離なし,区分なし,車両相互,乗用車－普通車,二輪車－一般原付自転車,自家用,自家用,乗用車,対象外当事者,25～34歳,65～74歳,損傷なし,負傷,規制なし,規制なし,指定の速度規制なし等,指定の速度規制なし等,小破,小破,その他,対象外当事者,34.0318656,135.1850336
2022,和歌山,御坊市,109,0023,負傷,0,1,2022/07/22 22:33,2022,7,22,22,33,金,その他,夜－夜,晴,市街地－人口集中,舗装－乾燥,交差点－その他,施設なし,交差点－小（5.5m未満）－小,直線－上り,交差点内,規制なし,中央分離なし,区分あり－路側帯,人対車両,歩行者,対象外当事者,対象外当事者,対象外当事者,対象外当事者,対象外当事者,55～64歳,不明,負傷,対象外当事者,対象外当事者,対象外当事者,対象外当事者,対象外当事者,対象外当事者,対象外当事者,対象外当事者,対象外当事者,33.9155819,135.1570839
2022,和歌山,御坊市,109,0024,負傷,0,1,2022/07/28 20:39,2022,7,28,20,39,木,その他,夜－夜,晴,市街地－人口集中,舗装－乾燥,交差点－その他,点灯－３灯式,交差点－中（5.5m以上）－小,直線－平坦,交差点内,規制なし,中央分離なし,区分あり－縁石・ブロック等,車両相互,乗用車－軽自動車,二輪車－一般原付自転車,自家用,自家用,乗用車,対象外当事者,55～64歳,0～24歳,損傷なし,負傷,規制なし,規制なし,50㎞／ｈ以下,指定の速度規制なし等,小破,中破,その他,対象外当事者,33.8868122,135.1524097