対象年,都道府県,市区町村,警察署等コード,本票番号,事故内容,死者数,負傷者数,発生日時,発生年,発生月,発生日,発生時,発生分,曜日,祝日,昼夜,天候,地形,路面状態,道路形状,信号機,車道幅員,道路線形,衝突地点,ゾーン規制,中央分離帯施設等,歩車道区分,事故類型,当事者A 種別,当事者B 種別,当事者A 用途,当事者B 用途,当事者A 車両形状,当事者B 車両形状,当事者A 年齢,当事者B 年齢,当事者A 人身損傷程度,当事者B 人身損傷程度,当事者A 一時停止規制標識,当事者B 一時停止規制標識,当事者A 速度規制,当事者B 速度規制,当事者A 車両損壊程度,当事者B 車両損壊程度,当事者A エアバッグ,当事者B エアバッグ,緯度,経度
2023,和歌山,紀の川市,103,0012,死亡,1,3,2023/01/22 10:27,2023,1,22,10,27,日,その他,昼－昼,晴,非市街地,舗装－乾燥,交差点付近－その他,点灯－３灯式,単路－5.5m以上,直線－上り,単路（交差点付近を含む）,規制なし,中央線－ペイント,区分あり－縁石・ブロック等,車両相互,貨物車－普通車,貨物車－軽自動車,自家用,自家用,貨物車,貨物車,45～54歳,75歳以上,負傷,損傷なし,対象外当事者,対象外当事者,50㎞／ｈ以下,50㎞／ｈ以下,中破,中破,その他,装備あり 作動,34.2481606,135.3421936
2023,和歌山,岩出市,103,0013,負傷,0,1,2023/01/18 17:45,2023,1,18,17,45,水,その他,夜－暮,晴,非市街地,舗装－乾燥,単路－橋,点灯－３灯式,単路－19.5m以上,直線－平坦,単路（交差点付近を含む）,規制なし,中央分離帯,区分あり－防護柵等,車両相互,乗用車－普通車,乗用車－軽自動車,自家用,自家用,乗用車,乗用車,0～24歳,75歳以上,損傷なし,負傷,対象外当事者,対象外当事者,50㎞／ｈ以下,50㎞／ｈ以下,損壊なし,損壊なし,その他,その他,34.2498358,135.3103403
2023,和歌山,岩出市,103,0014,負傷,0,1,2022/12/29 18:10,2022,12,29,18,10,木,その他,夜－夜,晴,非市街地,舗装－乾燥,交差点－その他,施設なし,交差点－中（5.5m以上）－小,直線－平坦,交差点内,規制なし,中央分離なし,区分あり－縁石・ブロック等,車両相互,乗用車－軽自動車,二輪車－一般原付自転車,自家用,自家用,乗用車,対象外当事者,55～64歳,0～24歳,損傷なし,負傷,規制なし,規制なし,40㎞／ｈ以下,30㎞／ｈ以下,中破,中破,その他,対象外当事者,34.2701075,135.3061994
2023,和歌山,紀の川市,103,0015,負傷,0,1,2023/01/24 09:55,2023,1,24,9,55,火,その他,昼－昼,曇,非市街地,舗装－湿潤,一般交通の場所,施設なし,一般交通の場所,一般交通の場所,その他,規制なし,一般交通の場所,区分なし,車両相互,乗用車－普通車,乗用車－軽自動車,自家用,自家用,乗用車,乗用車,35～44歳,75歳以上,負傷,損傷なし,対象外当事者,対象外当事者,指定の速度規制なし等,指定の速度規制なし等,小破,小破,その他,その他,34.2192133,135.3148872
2023,和歌山,紀の川市,103,0016,負傷,0,1,2023/01/18 18:30,2023,1,18,18,30,水,その他,夜－夜,晴,非市街地,舗装－乾燥,交差点－その他,施設なし,交差点－中（5.5m以上）－小,直線－平坦,交差点内,規制なし,中央線－ペイント,区分あり－縁石・ブロック等,車両相互,乗用車－軽自動車,軽車両－自転車,自家用,自転車,乗用車,対象外当事者,45～54歳,25～34歳,損傷なし,負傷,標準－反射式,規制なし,指定の速度規制なし等,対象外当事者,小破,中破,その他,対象外当事者,34.2454056,135.3434389
2023,和歌山,岩出市,103,0017,負傷,0,2,2023/01/26 07:45,2023,1,26,7,45,木,その他,昼－明,晴,非市街地,舗装－積雪,一般交通の場所,施設なし,一般交通の場所,一般交通の場所,その他,規制なし,一般交通の場所,区分なし,車両相互,乗用車－普通車,乗用車－軽自動車,自家用,自家用,乗用車,乗用車,45～54歳,35～44歳,損傷なし,負傷,対象外当事者,対象外当事者,指定の速度規制なし等,指定の速度規制なし等,小破,小破,その他,その他,34.2730281,135.3154053
2023,和歌山,紀の川市,103,0018,負傷,0,1,2023/01/23 07:40,2023,1,23,7,40,月,その他,昼－明,雨,非市街地,舗装－湿潤,単路－その他,施設なし,単路－5.5m以上,直線－平坦,単路（交差点付近を含む）,規制なし,中央線－ペイント,区分あり－路側帯,車両相互,乗用車－軽自動車,乗用車－軽自動車,自家用,自家用,乗用車,乗用車,55～64歳,55～64歳,損傷なし,負傷,対象外当事者,対象外当事者,50㎞／ｈ以下,50㎞／ｈ以下,小破,小破,その他,その他,34.2705972,135.4232089
2023,和歌山,紀の川市,103,0019,負傷,0,1,2023/01/26 06:20,2023,1,26,6,20,木,その他,夜－明,晴,非市街地,舗装－凍結,単路－その他,施設なし,単路－5.5m以上,直線－上り,単路（交差点付近を含む）,規制なし,中央線－ペイント,区分あり－縁石・ブロック等,車両相互,乗用車－普通車,貨物車－軽自動車,自家用,自家用,乗用車,貨物車,35～44歳,65～74歳,負傷,損傷なし,対象外当事者,対象外当事者,50㎞／ｈ以下,50㎞／ｈ以下,小破,小破,その他,その他,34.2148664,135.3083239
2023,和歌山,紀の川市,103,0020,負傷,0,1,2023/01/27 11:10,2023,1,27,11,10,金,その他,昼－昼,雨,非市街地,舗装－湿潤,単路－その他,施設なし,単路－5.5m以上,直線－平坦,単路（交差点付近を含む）,規制なし,中央線－ペイント,区分あり－縁石・ブロック等,車両相互,乗用車－普通車,乗用車－軽自動車,自家用,自家用,乗用車,乗用車,75歳以上,75歳以上,負傷,損傷なし,対象外当事者,対象外当事者,50㎞／ｈ以下,50㎞／ｈ以下,小破,小破,その他,その他,34.2686444,135.4026256
2023,和歌山,紀の川市,103,0021,負傷,0,1,2023/01/24 16:40,2023,1,24,16,40,火,その他,昼－暮,晴,非市街地,舗装－湿潤,単路－その他,施設なし,単路－5.5m以上,直線－平坦,単路（交差点付近を含む）,規制なし,中央線－ペイント,区分あり－縁石・ブロック等,車両相互,乗用車－普通車,乗用車－軽自動車,自家用,自家用,乗用車,乗用車,65～74歳,45～54歳,損傷なし,負傷,対象外当事者,対象外当事者,50㎞／ｈ以下,50㎞／ｈ以下,小破,小破,その他,その他,34.2420044,135.3445317
2023,和歌山,和歌山市,104,0001,負傷,0,2,2022/12/09 18:06,2022,12,9,18,6,金,その他,夜－夜,晴,非市街地,舗装－乾燥,交差点付近－その他,施設なし,単路－9.0m以上,直線－平坦,単路（交差点付近を含む）,規制なし,中央線－ペイント,区分あり－縁石・ブロック等,車両相互,乗用車－軽自動車,貨物車－軽自動車,自家用,自家用,乗用車,貨物車,35～44歳,55～64歳,負傷,負傷,対象外当事者,対象外当事者,50㎞／ｈ以下,50㎞／ｈ以下,中破,小破,その他,その他,34.2438639,135.1878694
2023,和歌山,和歌山市,104,0002,負傷,0,1,2022/12/04 14:30,2022,12,4,14,30,日,その他,昼－昼,晴,非市街地,舗装－乾燥,単路－その他,施設なし,単路－3.5m以上,直線－平坦,単路（交差点付近を含む）,規制なし,中央分離なし,区分なし,車両相互,乗用車－普通車,乗用車－軽自動車,自家用,自家用,乗用車,乗用車,0～24歳,0～24歳,損傷なし,負傷,対象外当事者,対象外当事者,40㎞／ｈ以下,40㎞／ｈ以下,小破,小破,装備あり 作動,装備あり 作動,34.255495,135.2692325
2023,和歌山,和歌山市,104,0003,負傷,0,2,2022/12/10 16:00,2022,12,10,16,0,土,その他,昼－暮,晴,市街地－人口集中,舗装－乾燥,交差点付近－その他,施設なし,単路－9.0m以上,直線－平坦,単路（交差点付近を含む）,規制なし,中央線－ペイント,区分あり－縁石・ブロック等,車両相互,乗用車－普通車,乗用車－普通車,自家用,自家用,乗用車,乗用車,35～44歳,25～34歳,損傷なし,負傷,対象外当事者,対象外当事者,40㎞／ｈ以下,40㎞／ｈ以下,小破,小破,その他,その他,34.245165,135.1873336
2023,和歌山,和歌山市,104,0004,負傷,0,1,2022/12/24 09:00,2022,12,24,9,0,土,その他,昼－昼,晴,市街地－人口集中,舗装－乾燥,単路－カーブ・屈折,施設なし,単路－3.5m未満,カーブ・屈折－左－平坦,単路（交差点付近を含む）,規制なし,中央分離なし,区分なし,車両相互,貨物車－軽自動車,軽車両－自転車,自家用,自転車,貨物車,対象外当事者,35～44歳,35～44歳,損傷なし,負傷,対象外当事者,対象外当事者,指定の速度規制なし等,対象外当事者,小破,小破,その他,対象外当事者,34.2370314,135.1990533
2023,和歌山,和歌山市,104,0005,負傷,0,1,2022/11/22 21:02,2022,11,22,21,2,火,前日,夜－夜,晴,市街地－人口集中,舗装－乾燥,交差点－その他,点灯－３灯式,交差点－大（13.0ｍ以上）－中,直線－平坦,交差点内,規制なし,中央分離なし,区分あり－縁石・ブロック等,車両相互,乗用車－普通車,乗用車－軽自動車,自家用,自家用,乗用車,乗用車,35～44歳,25～34歳,損傷なし,負傷,規制なし,規制なし,50㎞／ｈ以下,50㎞／ｈ以下,中破,中破,その他,装備あり 作動,34.2314592,135.1828794
2023,和歌山,和歌山市,104,0006,負傷,0,1,2022/12/28 08:30,2022,12,28,8,30,水,その他,昼－昼,晴,非市街地,舗装－乾燥,一般交通の場所,施設なし,一般交通の場所,一般交通の場所,その他,規制なし,一般交通の場所,区分なし,車両相互,乗用車－普通車,二輪車－一般原付自転車,自家用,自家用,乗用車,対象外当事者,35～44歳,0～24歳,損傷なし,負傷,対象外当事者,対象外当事者,指定の速度規制なし等,指定の速度規制なし等,小破,小破,その他,対象外当事者,34.245345,135.2603925
2023,和歌山,和歌山市,104,0007,負傷,0,2,2023/01/03 15:33,2023,1,3,15,33,火,その他,昼－昼,晴,市街地－人口集中,舗装－乾燥,交差点－その他,点灯－３灯式,交差点－中（5.5m以上）－中,直線－平坦,交差点内,規制なし,中央分離帯,区分あり－縁石・ブロック等,車両相互,乗用車－普通車,乗用車－普通車,自家用,自家用,乗用車,乗用車,0～24歳,75歳以上,損傷なし,負傷,規制なし,規制なし,50㎞／ｈ以下,50㎞／ｈ以下,中破,小破,装備あり 作動,その他,34.2051114,135.18476
2023,和歌山,和歌山市,104,0008,負傷,0,1,2023/01/11 08:15,2023,1,11,8,15,水,その他,昼－昼,晴,市街地－人口集中,舗装－乾燥,交差点－その他,施設なし,交差点－中（5.5m以上）－小,直線－平坦,交差点内,規制なし,中央線－ペイント,区分あり－縁石・ブロック等,車両相互,乗用車－軽自動車,軽車両－自転車,自家用,自転車,乗用車,対象外当事者,0～24歳,45～54歳,損傷なし,負傷,標準－反射式,規制なし,指定の速度規制なし等,対象外当事者,小破,小破,その他,対象外当事者,34.2384153,135.1774694
2023,和歌山,和歌山市,104,0009,負傷,0,1,2023/01/10 17:55,2023,1,10,17,55,火,その他,夜－暮,晴,市街地－人口集中,舗装－乾燥,単路－その他,施設なし,単路－9.0m以上,直線－平坦,単路（交差点付近を含む）,規制なし,中央分離帯,区分あり－縁石・ブロック等,車両相互,乗用車－普通車,二輪車－一般原付自転車,自家用,自家用,乗用車,対象外当事者,25～34歳,35～44歳,損傷なし,負傷,対象外当事者,対象外当事者,50㎞／ｈ以下,指定の速度規制なし等,小破,小破,その他,対象外当事者,34.2046133,135.1847531
2023,和歌山,和歌山市,104,0010,負傷,0,1,2023/01/06 18:00,2023,1,6,18,0,金,その他,夜－暮,晴,非市街地,舗装－乾燥,単路－その他,施設なし,単路－5.5m以上,直線－平坦,単路（交差点付近を含む）,規制なし,中央線－ペイント,区分なし,車両相互,乗用車－軽自動車,貨物車－軽自動車,自家用,自家用,乗用車,貨物車,55～64歳,65～74歳,負傷,損傷なし,対象外当事者,対象外当事者,40㎞／ｈ以下,40㎞／ｈ以下,小破,小破,その他,その他,34.2382278,135.2148256
2023,和歌山,和歌山市,104,0011,負傷,0,1,2022/12/15 17:35,2022,12,15,17,35,木,その他,夜－暮,晴,市街地－人口集中,舗装－乾燥,単路－その他,施設なし,単路－5.5m以上,直線－平坦,単路（交差点付近を含む）,規制なし,中央分離帯,区分あり－縁石・ブロック等,車両相互,乗用車－普通車,二輪車－自動二輪－原付二種－51～125cc,自家用,自家用,乗用車,対象外当事者,35～44歳,45～54歳,損傷なし,負傷,対象外当事者,対象外当事者,50㎞／ｈ以下,50㎞／ｈ以下,小破,小破,その他,対象外当事者,34.2387261,135.1788458
2023,和歌山,和歌山市,104,0012,負傷,0,1,2022/12/08 16:25,2022,12,8,16,25,木,その他,昼－暮,晴,非市街地,舗装－乾燥,交差点－その他,施設なし,交差点－小（5.5m未満）－小,直線－平坦,交差点内,規制なし,中央分離なし,区分なし,車両相互,乗用車－軽自動車,軽車両－自転車,自家用,自転車,乗用車,対象外当事者,65～74歳,0～24歳,損傷なし,負傷,規制なし,規制なし,指定の速度規制なし等,対象外当事者,小破,小破,その他,対象外当事者,34.2400933,135.1984436
2023,和歌山,和歌山市,104,0013,負傷,0,1,2022/12/27 15:45,2022,12,27,15,45,火,その他,昼－昼,晴,市街地－人口集中,舗装－乾燥,単路－その他,施設なし,単路－5.5m以上,直線－平坦,単路（交差点付近を含む）,規制なし,中央分離帯,区分あり－縁石・ブロック等,車両相互,乗用車－普通車,貨物車－軽自動車,自家用,自家用,乗用車,貨物車,75歳以上,0～24歳,負傷,損傷なし,対象外当事者,対象外当事者,50㎞／ｈ以下,50㎞／ｈ以下,小破,小破,その他,その他,34.231435,135.2117353
2023,和歌山,和歌山市,104,0014,負傷,0,1,2023/01/06 06:55,2023,1,6,6,55,金,その他,夜－明,晴,非市街地,舗装－乾燥,交差点－その他,点灯－３灯式,交差点－中（5.5m以上）－中,直線－平坦,交差点内,規制なし,中央線－ペイント,区分あり－路側帯,車両相互,乗用車－軽自動車,二輪車－自動二輪－原付二種－51～125cc,自家用,自家用,乗用車,対象外当事者,35～44歳,35～44歳,損傷なし,負傷,規制なし,規制なし,50㎞／ｈ以下,50㎞／ｈ以下,小破,中破,その他,対象外当事者,34.2452536,135.2199464
2023,和歌山,和歌山市,104,0015,負傷,0,1,2023/01/11 10:15,2023,1,11,10,15,水,その他,昼－昼,晴,非市街地,舗装－乾燥,単路－その他,施設なし,単路－5.5m以上,直線－平坦,単路（交差点付近を含む）,規制なし,中央線－ペイント,区分あり－路側帯,車両相互,乗用車－普通車,乗用車－軽自動車,自家用,自家用,乗用車,乗用車,45～54歳,45～54歳,負傷,損傷なし,対象外当事者,対象外当事者,50㎞／ｈ以下,50㎞／ｈ以下,小破,小破,その他,その他,34.2470439,135.3099242
2023,和歌山,和歌山市,104,0016,負傷,0,1,2023/01/12 13:00,2023,1,12,13,0,木,その他,昼－昼,晴,市街地－人口集中,舗装－乾燥,単路－その他,施設なし,単路－3.5m未満,直線－平坦,単路（交差点付近を含む）,規制なし,中央分離なし,区分なし,車両相互,乗用車－軽自動車,軽車両－自転車,自家用,自転車,乗用車,対象外当事者,25～34歳,0～24歳,損傷なし,負傷,対象外当事者,対象外当事者,指定の速度規制なし等,対象外当事者,小破,小破,その他,対象外当事者,34.2496464,135.2060103
2023,和歌山,和歌山市,104,0017,負傷,0,1,2023/01/14 16:55,2023,1,14,16,55,土,その他,昼－暮,曇,市街地－人口集中,舗装－湿潤,一般交通の場所,施設なし,一般交通の場所,一般交通の場所,その他,規制なし,一般交通の場所,区分なし,車両相互,乗用車－軽自動車,乗用車－軽自動車,自家用,自家用,乗用車,乗用車,35～44歳,45～54歳,損傷なし,負傷,対象外当事者,対象外当事者,指定の速度規制なし等,指定の速度規制なし等,小破,小破,その他,その他,34.2137353,135.1802861
2023,和歌山,和歌山市,104,0018,負傷,0,1,2023/01/22 12:30,2023,1,22,12,30,日,その他,昼－昼,晴,市街地－人口集中,舗装－乾燥,交差点－その他,点灯－３灯式,交差点－中（5.5m以上）－小,直線－平坦,交差点内,規制なし,中央分離なし,区分あり－縁石・ブロック等,人対車両,乗用車－普通車,歩行者,自家用,対象外当事者,乗用車,対象外当事者,25～34歳,25～34歳,損傷なし,負傷,規制なし,対象外当事者,50㎞／ｈ以下,対象外当事者,小破,対象外当事者,その他,対象外当事者,34.1967183,135.185155
2023,和歌山,和歌山市,104,0019,負傷,0,1,2023/01/12 11:40,2023,1,12,11,40,木,その他,昼－昼,晴,市街地－人口集中,舗装－乾燥,交差点付近－その他,施設なし,単路－5.5m以上,直線－平坦,単路（交差点付近を含む）,規制なし,中央線－ペイント,区分あり－縁石・ブロック等,車両相互,乗用車－軽自動車,乗用車－軽自動車,自家用,自家用,乗用車,乗用車,75歳以上,25～34歳,損傷なし,負傷,対象外当事者,対象外当事者,50㎞／ｈ以下,50㎞／ｈ以下,小破,小破,装備あり 作動,その他,34.2400758,135.1848383
2023,和歌山,和歌山市,104,0020,負傷,0,1,2022/11/19 06:00,2022,11,19,6,0,土,その他,夜－明,晴,非市街地,舗装－乾燥,単路－その他,施設なし,単路－3.5m以上,直線－平坦,単路（交差点付近を含む）,規制なし,中央分離なし,区分なし,人対車両,歩行者,対象外当事者,対象外当事者,対象外当事者,対象外当事者,対象外当事者,65～74歳,不明,負傷,対象外当事者,対象外当事者,対象外当事者,対象外当事者,対象外当事者,対象外当事者,対象外当事者,対象外当事者,対象外当事者,34.2019394,135.2308756
2023,和歌山,和歌山市,104,0021,負傷,0,2,2023/01/24 21:00,2023,1,24,21,0,火,その他,夜－夜,雪,市街地－人口集中,舗装－凍結,交差点付近－その他,点灯－３灯式,単路－13.0m以上,直線－平坦,単路（交差点付近を含む）,規制なし,中央分離帯,区分あり－縁石・ブロック等,車両相互,乗用車－普通車,乗用車－普通車,自家用,自家用,乗用車,乗用車,25～34歳,35～44歳,損傷なし,負傷,対象外当事者,対象外当事者,50㎞／ｈ以下,50㎞／ｈ以下,小破,小破,その他,その他,34.2291308,135.1895436
2023,和歌山,和歌山市,104,0022,負傷,0,2,2023/01/25 10:15,2023,1,25,10,15,水,その他,昼－昼,雪,市街地－人口集中,舗装－積雪,単路－その他,施設なし,単路－5.5m以上,直線－平坦,単路（交差点付近を含む）,規制なし,中央分離帯,区分あり－縁石・ブロック等,車両相互,乗用車－軽自動車,乗用車－軽自動車,自家用,自家用,乗用車,乗用車,45～54歳,65～74歳,損傷なし,負傷,対象外当事者,対象外当事者,60㎞／ｈ以下,指定の速度規制なし等,小破,小破,その他,その他,34.2235086,135.2070158
2023,和歌山,和歌山市,104,0023,負傷,0,2,2023/01/01 13:00,2023,1,1,13,0,日,当日,昼－昼,晴,非市街地,舗装－湿潤,単路－カーブ・屈折,施設なし,単路－5.5m以上,カーブ・屈折－右－平坦,単路（交差点付近を含む）,規制なし,中央線－ペイント,区分あり－防護柵等,車両相互,乗用車－軽自動車,乗用車－軽自動車,自家用,自家用,乗用車,乗用車,35～44歳,45～54歳,損傷なし,負傷,対象外当事者,対象外当事者,50㎞／ｈ以下,50㎞／ｈ以下,小破,中破,その他,装備あり 作動,34.2058047,135.2738658
2023,和歌山,和歌山市,104,0024,負傷,0,1,2022/11/02 18:00,2022,11,2,18,0,水,前日,夜－暮,晴,市街地－人口集中,舗装－乾燥,交差点－その他,点灯－３灯式,交差点－大（13.0ｍ以上）－中,直線－平坦,交差点内,規制なし,中央分離なし,区分あり－縁石・ブロック等,車両相互,乗用車－軽自動車,二輪車－自動二輪－小型二輪－251～400cc,自家用,自家用,乗用車,対象外当事者,55～64歳,0～24歳,損傷なし,負傷,規制なし,規制なし,指定の速度規制なし等,指定の速度規制なし等,小破,中破,その他,対象外当事者,34.211415,135.2084453
2023,和歌山,和歌山市,105,0001,負傷,0,1,2022/12/17 10:30,2022,12,17,10,30,土,その他,昼－昼,雨,市街地－人口集中,舗装－湿潤,単路－その他,点灯－３灯式,単路－9.0m以上,直線－平坦,単路（交差点付近を含む）,規制なし,中央分離帯,区分あり－縁石・ブロック等,車両相互,乗用車－普通車,乗用車－軽自動車,自家用,自家用,乗用車,乗用車,35～44歳,55～64歳,負傷,損傷なし,対象外当事者,対象外当事者,50㎞／ｈ以下,50㎞／ｈ以下,小破,小破,その他,その他,34.2179136,135.1693717
2023,和歌山,和歌山市,105,0002,負傷,0,1,2022/12/27 18:10,2022,12,27,18,10,火,その他,夜－夜,晴,市街地－人口集中,舗装－乾燥,単路－その他,施設なし,単路－5.5m以上,直線－平坦,単路（交差点付近を含む）,規制なし,中央線－ペイント,区分あり－縁石・ブロック等,車両相互,乗用車－普通車,乗用車－軽自動車,自家用,自家用,乗用車,乗用車,0～24歳,75歳以上,負傷,損傷なし,対象外当事者,対象外当事者,40㎞／ｈ以下,40㎞／ｈ以下,小破,小破,その他,その他,34.1713025,135.1903222
2023,和歌山,和歌山市,105,0003,負傷,0,2,2023/01/08 17:44,2023,1,8,17,44,日,前日,夜－暮,晴,市街地－人口集中,舗装－乾燥,単路－その他,施設なし,単路－5.5m以上,直線－平坦,単路（交差点付近を含む）,規制なし,中央分離帯,区分あり－縁石・ブロック等,車両相互,乗用車－普通車,二輪車－自動二輪－小型二輪－251～400cc,自家用,自家用,乗用車,対象外当事者,45～54歳,0～24歳,負傷,負傷,対象外当事者,対象外当事者,50㎞／ｈ以下,50㎞／ｈ以下,小破,小破,その他,対象外当事者,34.1925575,135.1854556
2023,和歌山,和歌山市,105,0004,負傷,0,3,2023/01/10 08:00,2023,1,10,8,0,火,その他,昼－明,晴,市街地－人口集中,舗装－乾燥,交差点－その他,施設なし,交差点－中（5.5m以上）－中,直線－平坦,交差点内,規制なし,中央分離なし,区分なし,車両相互,乗用車－普通車,乗用車－軽自動車,自家用,自家用,乗用車,乗用車,55～64歳,25～34歳,負傷,負傷,標準－反射式,規制なし,20㎞／ｈ以下,30㎞／ｈ以下,中破,中破,装備あり 作動,装備あり 作動,34.1659586,135.1934483
2023,和歌山,和歌山市,105,0005,負傷,0,1,2023/01/11 22:25,2023,1,11,22,25,水,その他,夜－夜,晴,市街地－人口集中,舗装－乾燥,単路－その他,施設なし,単路－13.0m以上,直線－平坦,単路（交差点付近を含む）,規制なし,中央分離帯,区分あり－縁石・ブロック等,車両相互,乗用車－普通車,二輪車－自動二輪－軽二輪－126～250cc,自家用,自家用,乗用車,対象外当事者,25～34歳,35～44歳,損傷なし,負傷,対象外当事者,対象外当事者,指定の速度規制なし等,50㎞／ｈ以下,小破,小破,その他,対象外当事者,34.227235,135.1691189
2023,和歌山,和歌山市,105,0006,負傷,0,1,2023/01/13 08:40,2023,1,13,8,40,金,その他,昼－昼,晴,市街地－人口集中,舗装－乾燥,単路－その他,施設なし,単路－9.0m以上,直線－平坦,単路（交差点付近を含む）,規制なし,中央分離帯,区分あり－縁石・ブロック等,車両相互,乗用車－普通車,乗用車－普通車,自家用,自家用,乗用車,乗用車,45～54歳,35～44歳,損傷なし,負傷,対象外当事者,対象外当事者,40㎞／ｈ以下,40㎞／ｈ以下,小破,小破,その他,その他,34.2372283,135.1770175
2023,和歌山,和歌山市,105,0007,負傷,0,2,2023/01/06 16:40,2023,1,6,16,40,金,その他,昼－暮,曇,市街地－人口集中,舗装－乾燥,交差点－その他,施設なし,交差点－中（5.5m以上）－中,直線－平坦,交差点内,規制なし,中央分離なし,区分なし,車両相互,乗用車－普通車,貨物車－軽自動車,自家用,自家用,乗用車,貨物車,35～44歳,45～54歳,損傷なし,負傷,標準－反射式,規制なし,指定の速度規制なし等,指定の速度規制なし等,小破,中破,その他,その他,34.2214297,135.1587642
2023,和歌山,和歌山市,105,0008,負傷,0,1,2023/01/12 05:35,2023,1,12,5,35,木,その他,夜－夜,晴,市街地－人口集中,舗装－乾燥,交差点付近－その他,点灯－３灯式,単路－9.0m以上,直線－平坦,単路（交差点付近を含む）,規制なし,中央線－ペイント,区分あり－防護柵等,車両相互,乗用車－大型車,乗用車－軽自動車,事業用,自家用,乗用車,乗用車,35～44歳,55～64歳,損傷なし,損傷なし,対象外当事者,対象外当事者,50㎞／ｈ以下,50㎞／ｈ以下,小破,中破,その他,装備あり 作動,34.2064528,135.1711447
2023,和歌山,和歌山市,105,0009,負傷,0,1,2023/01/23 16:50,2023,1,23,16,50,月,その他,昼－暮,曇,市街地－人口集中,舗装－湿潤,交差点－その他,点灯－３灯式,交差点－中（5.5m以上）－小,直線－平坦,交差点内,規制なし,中央分離なし,区分あり－縁石・ブロック等,車両相互,乗用車－普通車,乗用車－普通車,自家用,事業用,乗用車,乗用車,65～74歳,55～64歳,損傷なし,負傷,規制なし,規制なし,50㎞／ｈ以下,50㎞／ｈ以下,小破,小破,その他,その他,34.2217342,135.1692692
2023,和歌山,海南市,106,0001,負傷,0,1,2022/12/10 06:40,2022,12,10,6,40,土,その他,夜－明,晴,市街地－その他,舗装－乾燥,一般交通の場所,施設なし,一般交通の場所,一般交通の場所,その他,規制なし,一般交通の場所,区分なし,人対車両,貨物車－軽自動車,歩行者,自家用,対象外当事者,貨物車,対象外当事者,65～74歳,75歳以上,損傷なし,負傷,対象外当事者,対象外当事者,指定の速度規制なし等,対象外当事者,小破,対象外当事者,その他,対象外当事者,34.1601972,135.2669167
2023,和歌山,海南市,106,0002,負傷,0,1,2022/12/10 14:25,2022,12,10,14,25,土,その他,昼－昼,晴,非市街地,舗装－乾燥,交差点－その他,施設なし,交差点－中（5.5m以上）－小,直線－平坦,交差点内,規制なし,中央分離なし,区分あり－縁石・ブロック等,車両相互,乗用車－普通車,二輪車－自動二輪－原付二種－51～125cc,自家用,自家用,乗用車,対象外当事者,25～34歳,55～64歳,損傷なし,負傷,標準－反射式,規制なし,指定の速度規制なし等,40㎞／ｈ以下,中破,大破,その他,対象外当事者,34.1725742,135.2353511
2023,和歌山,海南市,106,0003,負傷,0,1,2023/01/04 08:25,2023,1,4,8,25,水,その他,昼－昼,晴,非市街地,舗装－乾燥,単路－その他,施設なし,単路－5.5m以上,直線－平坦,単路（交差点付近を含む）,規制なし,中央線－ペイント,区分あり－縁石・ブロック等,車両相互,乗用車－軽自動車,貨物車－軽自動車,自家用,自家用,乗用車,貨物車,35～44歳,45～54歳,負傷,損傷なし,対象外当事者,対象外当事者,50㎞／ｈ以下,50㎞／ｈ以下,中破,小破,その他,その他,34.1545647,135.2344067
2023,和歌山,海南市,106,0004,負傷,0,1,2023/01/10 07:50,2023,1,10,7,50,火,その他,昼－明,晴,市街地－人口集中,舗装－乾燥,交差点付近－その他,点灯－３灯式,単路－9.0m以上,直線－平坦,単路（交差点付近を含む）,規制なし,中央線－ペイント,区分あり－縁石・ブロック等,車両相互,乗用車－普通車,乗用車－普通車,自家用,自家用,乗用車,乗用車,25～34歳,65～74歳,損傷なし,負傷,対象外当事者,対象外当事者,50㎞／ｈ以下,50㎞／ｈ以下,損壊なし,損壊なし,その他,その他,34.1588128,135.1993831
2023,和歌山,海南市,106,0005,負傷,0,1,2023/01/02 07:35,2023,1,2,7,35,月,当日,昼－明,晴,市街地－人口集中,舗装－乾燥,交差点－その他,施設なし,交差点－中（5.5m以上）－小,直線－平坦,交差点内,規制なし,中央線－ペイント,区分あり－路側帯,車両相互,二輪車－一般原付自転車,二輪車－一般原付自転車,自家用,自家用,対象外当事者,対象外当事者,55～64歳,0～24歳,損傷なし,負傷,規制なし,規制なし,指定の速度規制なし等,指定の速度規制なし等,小破,中破,対象外当事者,対象外当事者,34.1598056,135.2082733
2023,和歌山,有田川町,108,0001,負傷,0,1,2022/12/27 15:17,2022,12,27,15,17,火,その他,昼－昼,晴,非市街地,舗装－乾燥,単路－その他,施設なし,単路－5.5m以上,直線－平坦,単路（交差点付近を含む）,規制なし,中央線－ペイント,区分あり－縁石・ブロック等,車両相互,貨物車－大型車,乗用車－普通車,事業用,自家用,貨物車,乗用車,25～34歳,55～64歳,損傷なし,負傷,対象外当事者,対象外当事者,40㎞／ｈ以下,40㎞／ｈ以下,小破,小破,その他,その他,34.0537733,135.2766228