対象年,都道府県,市区町村,警察署等コード,本票番号,事故内容,死者数,負傷者数,発生日時,発生年,発生月,発生日,発生時,発生分,曜日,祝日,昼夜,天候,地形,路面状態,道路形状,信号機,車道幅員,道路線形,衝突地点,ゾーン規制,中央分離帯施設等,歩車道区分,事故類型,当事者A 種別,当事者B 種別,当事者A 用途,当事者B 用途,当事者A 車両形状,当事者B 車両形状,当事者A 年齢,当事者B 年齢,当事者A 人身損傷程度,当事者B 人身損傷程度,当事者A 一時停止規制標識,当事者B 一時停止規制標識,当事者A 速度規制,当事者B 速度規制,当事者A 車両損壊程度,当事者B 車両損壊程度,当事者A エアバッグ,当事者B エアバッグ,緯度,経度
2023,和歌山,有田市,108,0002,負傷,0,1,2023/01/21 21:20,2023,1,21,21,20,土,その他,夜－夜,晴,非市街地,舗装－乾燥,交差点－その他,点灯－３灯式,交差点－中（5.5m以上）－中,直線－平坦,交差点内,規制なし,中央分離なし,区分あり－縁石・ブロック等,車両相互,乗用車－普通車,軽車両－自転車,自家用,自転車,乗用車,対象外当事者,45～54歳,0～24歳,損傷なし,負傷,規制なし,規制なし,指定の速度規制なし等,対象外当事者,小破,小破,その他,対象外当事者,34.0706008,135.1762144
2023,和歌山,有田市,108,0003,負傷,0,1,2023/01/11 17:23,2023,1,11,17,23,水,その他,夜－暮,晴,非市街地,舗装－乾燥,一般交通の場所,施設なし,一般交通の場所,一般交通の場所,その他,規制なし,一般交通の場所,区分なし,車両相互,乗用車－軽自動車,二輪車－一般原付自転車,自家用,自家用,乗用車,対象外当事者,55～64歳,65～74歳,損傷なし,負傷,対象外当事者,対象外当事者,指定の速度規制なし等,指定の速度規制なし等,小破,小破,その他,対象外当事者,34.0796308,135.1183361
2023,和歌山,有田市,108,0004,負傷,0,1,2023/01/24 18:43,2023,1,24,18,43,火,その他,夜－夜,雪,非市街地,舗装－湿潤,単路－その他,施設なし,単路－5.5m以上,直線－平坦,単路（交差点付近を含む）,規制なし,中央線－ペイント,区分あり－路側帯,車両相互,乗用車－普通車,乗用車－普通車,自家用,自家用,乗用車,乗用車,65～74歳,75歳以上,損傷なし,負傷,対象外当事者,対象外当事者,50㎞／ｈ以下,50㎞／ｈ以下,小破,小破,その他,その他,34.0830953,135.1404228
2023,和歌山,有田市,108,0005,負傷,0,1,2022/12/15 15:25,2022,12,15,15,25,木,その他,昼－昼,晴,市街地－人口集中,舗装－乾燥,交差点－その他,点灯－３灯式,交差点－中（5.5m以上）－中,カーブ・屈折－左－平坦,交差点内,規制なし,中央線－ペイント,区分あり－縁石・ブロック等,車両相互,乗用車－普通車,乗用車－軽自動車,自家用,自家用,乗用車,乗用車,65～74歳,55～64歳,損傷なし,負傷,規制なし,規制なし,50㎞／ｈ以下,50㎞／ｈ以下,小破,中破,その他,その他,34.0974561,135.1170597
2023,和歌山,日高川町,109,0001,負傷,0,1,2022/11/11 18:42,2022,11,11,18,42,金,その他,夜－夜,晴,非市街地,舗装－乾燥,単路－その他,施設なし,単路－5.5m以上,直線－下り,単路（交差点付近を含む）,規制なし,中央線－ペイント,区分なし,人対車両,乗用車－軽自動車,歩行者,自家用,対象外当事者,乗用車,対象外当事者,35～44歳,45～54歳,損傷なし,負傷,対象外当事者,対象外当事者,指定の速度規制なし等,対象外当事者,小破,対象外当事者,その他,対象外当事者,33.9272036,135.1779889
2023,和歌山,みなべ町,110,0001,負傷,0,1,2022/12/30 18:05,2022,12,30,18,5,金,その他,夜－夜,晴,非市街地,舗装－乾燥,単路－その他,施設なし,単路－5.5m以上,直線－平坦,単路（交差点付近を含む）,規制なし,中央線－ペイント,区分あり－防護柵等,車両相互,乗用車－普通車,貨物車－軽自動車,事業用,自家用,乗用車,貨物車,65～74歳,0～24歳,損傷なし,損傷なし,対象外当事者,対象外当事者,指定の速度規制なし等,指定の速度規制なし等,小破,小破,その他,その他,33.8469969,135.35539
2023,和歌山,田辺市,110,0002,負傷,0,1,2023/01/04 11:05,2023,1,4,11,5,水,その他,昼－昼,晴,非市街地,舗装－乾燥,交差点付近－その他,点灯－３灯式,単路－5.5m以上,直線－平坦,単路（交差点付近を含む）,規制なし,中央線－ペイント,区分あり－縁石・ブロック等,車両相互,乗用車－軽自動車,乗用車－軽自動車,自家用,自家用,乗用車,乗用車,55～64歳,75歳以上,損傷なし,負傷,対象外当事者,対象外当事者,指定の速度規制なし等,指定の速度規制なし等,小破,小破,その他,その他,33.7302919,135.4068619
2023,和歌山,田辺市,110,0003,負傷,0,1,2022/12/24 17:45,2022,12,24,17,45,土,その他,夜－暮,雨,非市街地,舗装－湿潤,交差点－その他,点灯－３灯式,交差点－中（5.5m以上）－中,直線－平坦,交差点内,規制なし,中央分離なし,区分あり－縁石・ブロック等,車両相互,乗用車－普通車,二輪車－自動二輪－小型二輪－401～750ｃｃ,自家用,自家用,乗用車,対象外当事者,25～34歳,0～24歳,損傷なし,負傷,規制なし,規制なし,50㎞／ｈ以下,50㎞／ｈ以下,小破,小破,その他,対象外当事者,33.7462072,135.3384308
2023,和歌山,田辺市,110,0004,負傷,0,1,2023/01/19 13:45,2023,1,19,13,45,木,その他,昼－昼,晴,市街地－その他,舗装－乾燥,交差点付近－その他,点灯－３灯式,単路－5.5m以上,直線－平坦,単路（交差点付近を含む）,規制なし,中央線－ペイント,区分あり－路側帯,車両相互,乗用車－軽自動車,乗用車－軽自動車,自家用,自家用,乗用車,乗用車,55～64歳,25～34歳,損傷なし,負傷,対象外当事者,対象外当事者,40㎞／ｈ以下,40㎞／ｈ以下,小破,小破,その他,その他,33.7244067,135.3968225
2023,和歌山,田辺市,110,0005,負傷,0,1,2023/01/20 13:37,2023,1,20,13,37,金,その他,昼－昼,晴,非市街地,舗装－乾燥,一般交通の場所,施設なし,一般交通の場所,一般交通の場所,その他,規制なし,一般交通の場所,区分なし,車両相互,乗用車－普通車,貨物車－普通車,自家用,自家用,乗用車,貨物車,65～74歳,25～34歳,負傷,損傷なし,対象外当事者,対象外当事者,指定の速度規制なし等,指定の速度規制なし等,小破,小破,その他,その他,33.7373511,135.3582967
2023,和歌山,新宮市,112,0001,負傷,0,1,2022/11/22 10:15,2022,11,22,10,15,火,前日,昼－昼,晴,市街地－人口集中,舗装－乾燥,一般交通の場所,施設なし,一般交通の場所,一般交通の場所,その他,規制なし,一般交通の場所,区分なし,車両相互,乗用車－普通車,貨物車－軽自動車,自家用,自家用,乗用車,貨物車,35～44歳,65～74歳,負傷,損傷なし,対象外当事者,対象外当事者,指定の速度規制なし等,指定の速度規制なし等,小破,小破,その他,その他,33.7136625,135.9897347
2023,和歌山,串本町,112,0002,負傷,0,1,2022/12/30 13:45,2022,12,30,13,45,金,その他,昼－昼,晴,市街地－その他,舗装－乾燥,単路－その他,施設なし,単路－5.5m以上,直線－平坦,単路（交差点付近を含む）,規制なし,中央線－ペイント,区分あり－縁石・ブロック等,車両相互,乗用車－普通車,乗用車－普通車,自家用,自家用,乗用車,乗用車,45～54歳,55～64歳,損傷なし,負傷,対象外当事者,対象外当事者,40㎞／ｈ以下,40㎞／ｈ以下,小破,小破,その他,その他,33.4818983,135.7880375
2023,和歌山,新宮市,112,0003,負傷,0,2,2022/11/29 12:55,2022,11,29,12,55,火,その他,昼－昼,雨,非市街地,舗装－湿潤,単路－その他,施設なし,単路－13.0m以上,直線－下り,単路（交差点付近を含む）,規制なし,中央分離帯,区分あり－縁石・ブロック等,車両相互,乗用車－軽自動車,貨物車－軽自動車,自家用,自家用,乗用車,貨物車,65～74歳,65～74歳,損傷なし,負傷,対象外当事者,対象外当事者,指定の速度規制なし等,指定の速度規制なし等,中破,小破,その他,その他,33.7038403,135.9887747
2023,和歌山,新宮市,112,0004,負傷,0,4,2023/01/07 10:55,2023,1,7,10,55,土,その他,昼－昼,曇,市街地－人口集中,舗装－乾燥,交差点付近－その他,点灯－３灯式,単路－3.5m以上,直線－平坦,単路（交差点付近を含む）,規制なし,中央分離なし,区分あり－路側帯,車両相互,乗用車－軽自動車,乗用車－軽自動車,自家用,自家用,乗用車,乗用車,75歳以上,35～44歳,損傷なし,負傷,対象外当事者,対象外当事者,30㎞／ｈ以下,30㎞／ｈ以下,小破,小破,その他,その他,33.7248575,135.9918675
2023,和歌山,新宮市,112,0005,負傷,0,1,2022/11/18 17:16,2022,11,18,17,16,金,その他,夜－暮,晴,市街地－人口集中,舗装－乾燥,交差点－その他,施設なし,交差点－中（5.5m以上）－小,直線－平坦,交差点内,規制なし,中央分離なし,区分あり－縁石・ブロック等,人対車両,乗用車－軽自動車,歩行者,自家用,対象外当事者,乗用車,対象外当事者,0～24歳,55～64歳,損傷なし,負傷,規制なし,対象外当事者,40㎞／ｈ以下,対象外当事者,中破,対象外当事者,その他,対象外当事者,33.7284758,135.9903997
2023,和歌山,那智勝浦町,112,0006,負傷,0,1,2023/01/05 15:56,2023,1,5,15,56,木,その他,昼－昼,晴,市街地－その他,舗装－乾燥,交差点－その他,施設なし,交差点－中（5.5m以上）－小,直線－平坦,交差点内,規制なし,中央分離なし,区分あり－縁石・ブロック等,人対車両,貨物車－軽自動車,歩行者,自家用,対象外当事者,貨物車,対象外当事者,35～44歳,75歳以上,損傷なし,負傷,規制なし,対象外当事者,50㎞／ｈ以下,対象外当事者,小破,対象外当事者,その他,対象外当事者,33.6614383,135.9714342
2023,和歌山,新宮市,112,0007,負傷,0,1,2022/12/27 19:55,2022,12,27,19,55,火,その他,夜－夜,晴,非市街地,舗装－乾燥,交差点－その他,点灯－３灯式,交差点－大（13.0ｍ以上）－中,直線－平坦,交差点内,規制なし,中央分離なし,区分あり－縁石・ブロック等,車両相互,乗用車－軽自動車,乗用車－軽自動車,自家用,自家用,乗用車,乗用車,55～64歳,45～54歳,負傷,損傷なし,規制なし,規制なし,指定の速度規制なし等,指定の速度規制なし等,中破,小破,装備あり 作動,その他,33.7040756,135.9886225
2023,和歌山,那智勝浦町,112,0008,負傷,0,1,2023/01/10 08:45,2023,1,10,8,45,火,その他,昼－昼,晴,非市街地,舗装－乾燥,交差点－その他,施設なし,交差点－中（5.5m以上）－小,カーブ・屈折－右－下り,交差点内,規制なし,中央線－ペイント,区分あり－路側帯,車両相互,乗用車－軽自動車,二輪車－自動二輪－原付二種－51～125cc,自家用,自家用,乗用車,対象外当事者,55～64歳,45～54歳,損傷なし,負傷,規制なし,規制なし,指定の速度規制なし等,50㎞／ｈ以下,小破,小破,その他,対象外当事者,33.6477656,135.9444103
2023,和歌山,串本町,112,0009,負傷,0,3,2023/01/01 19:40,2023,1,1,19,40,日,当日,夜－夜,晴,市街地－その他,舗装－乾燥,交差点－その他,施設なし,交差点－中（5.5m以上）－小,直線－平坦,交差点内,規制なし,中央線－ペイント,区分あり－路側帯,車両相互,乗用車－普通車,乗用車－軽自動車,自家用,自家用,乗用車,乗用車,55～64歳,0～24歳,損傷なし,負傷,標準－反射式,規制なし,指定の速度規制なし等,40㎞／ｈ以下,中破,中破,その他,その他,33.4731072,135.7823425
2023,和歌山,新宮市,112,0010,負傷,0,1,2023/01/25 08:09,2023,1,25,8,9,水,その他,昼－昼,雪,市街地－人口集中,舗装－凍結,交差点付近－その他,施設なし,単路－3.5m以上,直線－下り,単路（交差点付近を含む）,規制なし,中央線－ペイント,区分あり－縁石・ブロック等,車両相互,乗用車－軽自動車,乗用車－軽自動車,自家用,自家用,乗用車,乗用車,25～34歳,55～64歳,損傷なし,負傷,対象外当事者,対象外当事者,40㎞／ｈ以下,40㎞／ｈ以下,小破,小破,その他,その他,33.7173169,135.9969314
2023,和歌山,那智勝浦町,112,0011,負傷,0,1,2023/01/25 11:55,2023,1,25,11,55,水,その他,昼－昼,晴,市街地－その他,舗装－乾燥,交差点付近－その他,点灯－３灯式,単路－5.5m以上,直線－平坦,単路（交差点付近を含む）,規制なし,中央線－ペイント,区分あり－縁石・ブロック等,車両相互,乗用車－普通車,乗用車－普通車,自家用,自家用,乗用車,乗用車,65～74歳,65～74歳,損傷なし,負傷,対象外当事者,対象外当事者,50㎞／ｈ以下,50㎞／ｈ以下,中破,小破,その他,その他,33.6243161,135.9398206
2023,和歌山,上富田町,113,0001,負傷,0,1,2022/06/10 20:00,2022,6,10,20,0,金,その他,夜－暮,晴,非市街地,非舗装,一般交通の場所,施設なし,一般交通の場所,一般交通の場所,その他,規制なし,一般交通の場所,区分なし,車両単独,乗用車－軽自動車,物件等,自家用,対象外当事者,乗用車,対象外当事者,55～64歳,不明,損傷なし,対象外当事者,対象外当事者,対象外当事者,指定の速度規制なし等,対象外当事者,大破,対象外当事者,装備あり 作動,対象外当事者,33.7075119,135.4132972
2023,和歌山,和歌山市,114,0001,負傷,0,1,2022/11/21 13:25,2022,11,21,13,25,月,その他,昼－昼,晴,市街地－その他,舗装－乾燥,交差点－その他,施設なし,交差点－中（5.5m以上）－中,直線－平坦,交差点内,規制なし,中央分離なし,区分あり－防護柵等,車両相互,乗用車－普通車,二輪車－自動二輪－原付二種－51～125cc,事業用,自家用,乗用車,対象外当事者,65～74歳,0～24歳,損傷なし,負傷,規制なし,規制なし,50㎞／ｈ以下,40㎞／ｈ以下,小破,小破,その他,対象外当事者,34.2607186,135.1703819
2023,和歌山,和歌山市,114,0002,負傷,0,1,2022/12/10 17:40,2022,12,10,17,40,土,その他,夜－暮,晴,市街地－人口集中,舗装－乾燥,単路－その他,施設なし,単路－5.5m以上,直線－平坦,単路（交差点付近を含む）,規制なし,中央線－ペイント,区分あり－縁石・ブロック等,車両相互,乗用車－普通車,乗用車－軽自動車,自家用,自家用,乗用車,乗用車,0～24歳,0～24歳,負傷,損傷なし,対象外当事者,対象外当事者,40㎞／ｈ以下,40㎞／ｈ以下,小破,中破,その他,その他,34.2483036,135.1507611
2023,和歌山,和歌山市,114,0003,負傷,0,1,2022/12/23 11:05,2022,12,23,11,5,金,その他,昼－昼,雪,市街地－人口集中,舗装－湿潤,単路－その他,施設なし,単路－5.5m以上,直線－平坦,単路（交差点付近を含む）,ゾーン30,中央分離なし,区分なし,車両相互,乗用車－普通車,乗用車－普通車,自家用,自家用,乗用車,乗用車,45～54歳,45～54歳,損傷なし,負傷,対象外当事者,対象外当事者,30㎞／ｈ以下,30㎞／ｈ以下,小破,小破,その他,その他,34.2509339,135.1317969
2023,和歌山,和歌山市,114,0004,負傷,0,1,2022/12/07 12:20,2022,12,7,12,20,水,その他,昼－昼,曇,市街地－人口集中,舗装－乾燥,単路－その他,施設なし,単路－5.5m以上,直線－平坦,単路（交差点付近を含む）,規制なし,中央線－ペイント,区分あり－縁石・ブロック等,車両相互,乗用車－普通車,二輪車－自動二輪－小型二輪－251～400cc,自家用,自家用,乗用車,対象外当事者,25～34歳,0～24歳,損傷なし,負傷,対象外当事者,対象外当事者,50㎞／ｈ以下,50㎞／ｈ以下,小破,中破,その他,対象外当事者,34.2472053,135.1587181
2023,和歌山,和歌山市,114,0005,負傷,0,1,2022/12/31 11:30,2022,12,31,11,30,土,前日,昼－昼,晴,市街地－人口集中,舗装－乾燥,一般交通の場所,施設なし,一般交通の場所,一般交通の場所,その他,規制なし,一般交通の場所,区分なし,車両相互,乗用車－普通車,乗用車－普通車,自家用,自家用,乗用車,乗用車,65～74歳,55～64歳,損傷なし,負傷,対象外当事者,対象外当事者,指定の速度規制なし等,指定の速度規制なし等,小破,小破,その他,その他,34.2602361,135.1809908
2023,和歌山,和歌山市,114,0006,負傷,0,1,2023/01/12 09:00,2023,1,12,9,0,木,その他,昼－昼,晴,市街地－人口集中,舗装－乾燥,交差点－その他,施設なし,交差点－小（5.5m未満）－小,直線－平坦,交差点内,規制なし,中央分離なし,区分なし,車両相互,乗用車－軽自動車,二輪車－一般原付自転車,自家用,自家用,乗用車,対象外当事者,0～24歳,0～24歳,損傷なし,負傷,規制なし,規制なし,指定の速度規制なし等,指定の速度規制なし等,小破,中破,その他,対象外当事者,34.2488286,135.1565833
2023,和歌山,和歌山市,114,0007,負傷,0,1,2023/01/12 05:40,2023,1,12,5,40,木,その他,夜－夜,晴,市街地－人口集中,舗装－乾燥,単路－その他,施設なし,単路－3.5m以上,直線－平坦,単路（交差点付近を含む）,規制なし,中央分離なし,区分なし,人対車両,乗用車－普通車,歩行者,自家用,対象外当事者,乗用車,対象外当事者,25～34歳,45～54歳,損傷なし,負傷,対象外当事者,対象外当事者,30㎞／ｈ以下,対象外当事者,小破,対象外当事者,その他,対象外当事者,34.2527919,135.121135
2023,和歌山,和歌山市,114,0008,負傷,0,1,2023/01/03 14:18,2023,1,3,14,18,火,その他,昼－昼,晴,市街地－人口集中,舗装－乾燥,単路－カーブ・屈折,施設なし,単路－5.5m以上,カーブ・屈折－右－平坦,単路（交差点付近を含む）,規制なし,中央線－ペイント,区分なし,人対車両,乗用車－普通車,歩行者,自家用,対象外当事者,乗用車,対象外当事者,35～44歳,45～54歳,損傷なし,負傷,対象外当事者,対象外当事者,30㎞／ｈ以下,対象外当事者,小破,対象外当事者,その他,対象外当事者,34.2581628,135.1814617
2023,和歌山,和歌山市,114,0009,負傷,0,1,2022/12/23 05:00,2022,12,23,5,0,金,その他,夜－夜,曇,市街地－人口集中,舗装－湿潤,交差点－その他,点灯－３灯式,交差点－大（13.0ｍ以上）－中,直線－平坦,交差点内,規制なし,中央線－ペイント,区分あり－縁石・ブロック等,人対車両,乗用車－普通車,歩行者,自家用,対象外当事者,乗用車,対象外当事者,45～54歳,55～64歳,損傷なし,負傷,規制なし,対象外当事者,指定の速度規制なし等,対象外当事者,小破,対象外当事者,その他,対象外当事者,34.2616542,135.1887136
2023,和歌山,和歌山市,114,0010,負傷,0,1,2023/01/11 16:28,2023,1,11,16,28,水,その他,昼－暮,晴,市街地－人口集中,舗装－乾燥,単路－その他,施設なし,単路－9.0m以上,直線－平坦,単路（交差点付近を含む）,規制なし,中央線－ペイント,区分あり－縁石・ブロック等,車両相互,貨物車－軽自動車,二輪車－一般原付自転車,自家用,自家用,貨物車,対象外当事者,75歳以上,45～54歳,損傷なし,負傷,対象外当事者,対象外当事者,指定の速度規制なし等,指定の速度規制なし等,小破,小破,その他,対象外当事者,34.2371978,135.1540056
2023,和歌山,和歌山市,114,0011,負傷,0,1,2023/01/19 21:52,2023,1,19,21,52,木,その他,夜－夜,晴,市街地－人口集中,舗装－乾燥,単路－その他,点灯－３灯式,単路－5.5m以上,直線－平坦,単路（交差点付近を含む）,規制なし,中央分離なし,区分なし,車両相互,乗用車－普通車,二輪車－自動二輪－原付二種－51～125cc,自家用,自家用,乗用車,対象外当事者,35～44歳,55～64歳,損傷なし,負傷,対象外当事者,対象外当事者,指定の速度規制なし等,指定の速度規制なし等,小破,小破,その他,対象外当事者,34.2580314,135.1177797
2023,和歌山,和歌山市,114,0012,負傷,0,1,2023/01/26 21:00,2023,1,26,21,0,木,その他,夜－夜,曇,市街地－人口集中,舗装－乾燥,単路－その他,点灯－３灯式,単路－9.0m以上,直線－下り,単路（交差点付近を含む）,規制なし,中央分離帯,区分あり－縁石・ブロック等,車両相互,乗用車－普通車,乗用車－普通車,自家用,自家用,乗用車,乗用車,0～24歳,25～34歳,損傷なし,負傷,対象外当事者,対象外当事者,50㎞／ｈ以下,50㎞／ｈ以下,小破,小破,その他,その他,34.2594897,135.1638147
2023,和歌山,和歌山市,114,0013,負傷,0,1,2022/12/22 19:10,2022,12,22,19,10,木,その他,夜－夜,曇,市街地－人口集中,舗装－乾燥,単路－その他,施設なし,単路－5.5m以上,直線－平坦,単路（交差点付近を含む）,規制なし,中央線－ペイント,区分あり－路側帯,人対車両,二輪車－一般原付自転車,歩行者,自家用,対象外当事者,対象外当事者,対象外当事者,55～64歳,75歳以上,損傷なし,負傷,対象外当事者,対象外当事者,指定の速度規制なし等,対象外当事者,小破,対象外当事者,対象外当事者,対象外当事者,34.2536164,135.1790317
2023,和歌山,和歌山市,114,0014,負傷,0,1,2023/01/07 13:06,2023,1,7,13,6,土,その他,昼－昼,雨,市街地－人口集中,舗装－湿潤,交差点－その他,点灯－３灯式,交差点－中（5.5m以上）－小,直線－平坦,交差点内,規制なし,中央分離帯,区分あり－縁石・ブロック等,人対車両,乗用車－普通車,歩行者,自家用,対象外当事者,乗用車,対象外当事者,65～74歳,65～74歳,損傷なし,負傷,規制なし,対象外当事者,指定の速度規制なし等,対象外当事者,小破,対象外当事者,その他,対象外当事者,34.2574681,135.1214031
2023,和歌山,和歌山市,114,0015,負傷,0,1,2023/01/22 10:55,2023,1,22,10,55,日,その他,昼－昼,晴,市街地－その他,舗装－乾燥,交差点－その他,施設なし,交差点－小（5.5m未満）－小,直線－平坦,交差点内,規制なし,中央分離なし,区分なし,車両相互,乗用車－軽自動車,二輪車－一般原付自転車,自家用,自家用,乗用車,対象外当事者,65～74歳,55～64歳,損傷なし,負傷,規制なし,標準－反射式,指定の速度規制なし等,指定の速度規制なし等,小破,小破,その他,対象外当事者,34.2735211,135.0795772
2023,和歌山,和歌山市,059,0003,負傷,0,1,2023/01/27 06:15,2023,1,27,6,15,金,その他,夜－明,曇,非市街地,舗装－湿潤,単路－その他,施設なし,単路－5.5m以上,直線－平坦,単路（交差点付近を含む）,規制なし,中央分離帯,区分なし,車両相互,貨物車－普通車,貨物車－普通車,自家用,自家用,貨物車,貨物車,65～74歳,35～44歳,損傷なし,負傷,対象外当事者,対象外当事者,80㎞／ｈ以下,80㎞／ｈ以下,中破,中破,その他,その他,34.2722589,135.2373181
2023,和歌山,和歌山市,059,0004,負傷,0,1,2023/02/26 15:45,2023,2,26,15,45,日,その他,昼－昼,曇,非市街地,舗装－乾燥,一般交通の場所,施設なし,一般交通の場所,一般交通の場所,その他,規制なし,一般交通の場所,区分あり－縁石・ブロック等,人対車両,乗用車－普通車,歩行者,自家用,対象外当事者,乗用車,対象外当事者,45～54歳,75歳以上,損傷なし,負傷,対象外当事者,対象外当事者,指定の速度規制なし等,対象外当事者,小破,対象外当事者,その他,対象外当事者,34.2756667,135.2492908
2023,和歌山,橋本市,101,0006,負傷,0,1,2022/12/20 07:42,2022,12,20,7,42,火,その他,昼－明,晴,非市街地,舗装－乾燥,一般交通の場所,施設なし,一般交通の場所,一般交通の場所,その他,規制なし,一般交通の場所,区分なし,車両相互,乗用車－普通車,乗用車－普通車,自家用,自家用,乗用車,乗用車,35～44歳,35～44歳,損傷なし,負傷,対象外当事者,対象外当事者,指定の速度規制なし等,指定の速度規制なし等,小破,小破,その他,その他,34.3340172,135.6500003
2023,和歌山,橋本市,101,0007,負傷,0,1,2023/01/31 07:36,2023,1,31,7,36,火,その他,昼－明,晴,非市街地,舗装－乾燥,交差点－その他,点灯－３灯式,交差点－中（5.5m以上）－中,直線－平坦,交差点内,規制なし,中央分離なし,区分あり－縁石・ブロック等,車両相互,乗用車－普通車,二輪車－自動二輪－軽二輪－126～250cc,自家用,自家用,乗用車,対象外当事者,55～64歳,45～54歳,損傷なし,負傷,規制なし,規制なし,50㎞／ｈ以下,50㎞／ｈ以下,小破,大破,その他,対象外当事者,34.3345272,135.6058311
2023,和歌山,かつらぎ町,102,0001,負傷,0,1,2023/01/24 19:45,2023,1,24,19,45,火,その他,夜－夜,雪,非市街地,舗装－凍結,交差点付近－その他,点灯－３灯式,単路－5.5m以上,直線－下り,単路（交差点付近を含む）,規制なし,中央線－ペイント,区分あり－縁石・ブロック等,車両相互,乗用車－軽自動車,乗用車－軽自動車,自家用,自家用,乗用車,乗用車,45～54歳,25～34歳,損傷なし,負傷,対象外当事者,対象外当事者,50㎞／ｈ以下,50㎞／ｈ以下,小破,小破,その他,その他,34.3024508,135.5295725
2023,和歌山,橋本市,102,0002,負傷,0,1,2023/02/14 19:00,2023,2,14,19,0,火,その他,夜－夜,晴,市街地－その他,舗装－乾燥,交差点付近－その他,点灯－３灯式,単路－5.5m以上,直線－平坦,単路（交差点付近を含む）,規制なし,中央線－ペイント,区分あり－縁石・ブロック等,車両相互,乗用車－軽自動車,貨物車－軽自動車,自家用,自家用,乗用車,貨物車,75歳以上,65～74歳,損傷なし,負傷,対象外当事者,対象外当事者,50㎞／ｈ以下,50㎞／ｈ以下,小破,小破,その他,その他,34.3030264,135.5536189
2023,和歌山,岩出市,103,0022,負傷,0,1,2022/12/25 17:28,2022,12,25,17,28,日,その他,夜－暮,雨,非市街地,舗装－湿潤,交差点－その他,施設なし,交差点－小（5.5m未満）－小,直線－平坦,交差点内,規制なし,中央分離なし,区分あり－路側帯,人対車両,乗用車－普通車,歩行者,自家用,対象外当事者,乗用車,対象外当事者,65～74歳,75歳以上,損傷なし,負傷,規制なし,対象外当事者,指定の速度規制なし等,対象外当事者,小破,対象外当事者,装備あり 作動,対象外当事者,34.2645211,135.2971428
2023,和歌山,紀の川市,103,0023,負傷,0,1,2022/12/13 20:40,2022,12,13,20,40,火,その他,夜－夜,曇,非市街地,舗装－乾燥,交差点－その他,施設なし,交差点－中（5.5m以上）－中,直線－平坦,交差点内,規制なし,中央分離なし,区分あり－路側帯,車両相互,乗用車－普通車,乗用車－普通車,自家用,自家用,乗用車,乗用車,0～24歳,25～34歳,損傷なし,負傷,規制なし,規制なし,40㎞／ｈ以下,50㎞／ｈ以下,中破,中破,その他,その他,34.2369569,135.3345856
2023,和歌山,紀の川市,103,0024,負傷,0,2,2023/01/26 07:37,2023,1,26,7,37,木,その他,昼－明,晴,非市街地,舗装－湿潤,交差点－その他,施設なし,交差点－大（13.0ｍ以上）－小,直線－平坦,交差点内,規制なし,中央分離なし,区分あり－縁石・ブロック等,車両相互,乗用車－軽自動車,乗用車－軽自動車,自家用,自家用,乗用車,乗用車,25～34歳,65～74歳,損傷なし,負傷,規制なし,規制なし,指定の速度規制なし等,指定の速度規制なし等,小破,小破,その他,その他,34.2605822,135.3482339
2023,和歌山,岩出市,103,0025,負傷,0,2,2023/02/06 10:00,2023,2,6,10,0,月,その他,昼－昼,晴,市街地－その他,舗装－乾燥,単路－その他,施設なし,単路－5.5m以上,直線－平坦,単路（交差点付近を含む）,規制なし,中央線－ペイント,区分あり－路側帯,車両相互,乗用車－軽自動車,貨物車－軽自動車,自家用,自家用,乗用車,貨物車,45～54歳,45～54歳,負傷,負傷,対象外当事者,対象外当事者,40㎞／ｈ以下,40㎞／ｈ以下,小破,小破,その他,その他,34.2579256,135.3233797
2023,和歌山,紀の川市,103,0026,負傷,0,1,2023/01/11 15:42,2023,1,11,15,42,水,その他,昼－昼,晴,非市街地,舗装－乾燥,単路－その他,施設なし,単路－5.5m以上,直線－平坦,単路（交差点付近を含む）,規制なし,中央線－ペイント,区分あり－縁石・ブロック等,車両相互,貨物車－中型車,貨物車－軽自動車,事業用,自家用,貨物車,貨物車,45～54歳,75歳以上,負傷,損傷なし,対象外当事者,対象外当事者,40㎞／ｈ以下,40㎞／ｈ以下,中破,中破,その他,その他,34.2370003,135.3406444
2023,和歌山,紀の川市,103,0027,負傷,0,1,2023/01/11 15:02,2023,1,11,15,2,水,その他,昼－昼,晴,市街地－その他,舗装－乾燥,交差点付近－その他,施設なし,単路－3.5m未満,直線－平坦,単路（交差点付近を含む）,規制なし,中央分離なし,区分なし,車両相互,乗用車－軽自動車,貨物車－軽自動車,自家用,自家用,乗用車,貨物車,25～34歳,55～64歳,負傷,損傷なし,対象外当事者,対象外当事者,指定の速度規制なし等,指定の速度規制なし等,小破,小破,その他,その他,34.2134425,135.3140006
2023,和歌山,岩出市,103,0028,負傷,0,1,2023/01/26 08:57,2023,1,26,8,57,木,その他,昼－昼,晴,市街地－その他,舗装－凍結,単路－その他,施設なし,単路－5.5m以上,直線－平坦,単路（交差点付近を含む）,規制なし,中央線－ペイント,区分あり－路側帯,車両相互,乗用車－軽自動車,乗用車－軽自動車,自家用,自家用,乗用車,乗用車,45～54歳,35～44歳,損傷なし,負傷,対象外当事者,対象外当事者,40㎞／ｈ以下,40㎞／ｈ以下,小破,小破,その他,その他,34.2676894,135.3229347