対象年,都道府県,市区町村,警察署等コード,本票番号,事故内容,死者数,負傷者数,発生日時,発生年,発生月,発生日,発生時,発生分,曜日,祝日,昼夜,天候,地形,路面状態,道路形状,信号機,車道幅員,道路線形,衝突地点,ゾーン規制,中央分離帯施設等,歩車道区分,事故類型,当事者A 種別,当事者B 種別,当事者A 用途,当事者B 用途,当事者A 車両形状,当事者B 車両形状,当事者A 年齢,当事者B 年齢,当事者A 人身損傷程度,当事者B 人身損傷程度,当事者A 一時停止規制標識,当事者B 一時停止規制標識,当事者A 速度規制,当事者B 速度規制,当事者A 車両損壊程度,当事者B 車両損壊程度,当事者A エアバッグ,当事者B エアバッグ,緯度,経度
2023,和歌山,御坊市,109,0009,負傷,0,1,2023/04/07 06:30,2023,4,7,6,30,金,その他,昼－明,雨,市街地－人口集中,舗装－湿潤,交差点付近－その他,施設なし,単路－5.5m以上,直線－平坦,単路（交差点付近を含む）,規制なし,中央線－ペイント,区分あり－縁石・ブロック等,車両相互,乗用車－普通車,乗用車－普通車,自家用,自家用,乗用車,乗用車,45～54歳,55～64歳,損傷なし,負傷,対象外当事者,対象外当事者,指定の速度規制なし等,指定の速度規制なし等,小破,小破,その他,その他,33.8987789,135.1539236
2023,和歌山,御坊市,109,0010,負傷,0,2,2023/03/12 22:55,2023,3,12,22,55,日,その他,夜－夜,曇,市街地－人口集中,舗装－乾燥,交差点付近－その他,点灯－３灯式,単路－5.5m以上,直線－平坦,単路（交差点付近を含む）,規制なし,中央線－ペイント,区分あり－縁石・ブロック等,車両相互,乗用車－普通車,乗用車－普通車,自家用,自家用,乗用車,乗用車,25～34歳,0～24歳,損傷なし,負傷,対象外当事者,対象外当事者,40㎞／ｈ以下,40㎞／ｈ以下,小破,小破,その他,その他,33.8991778,135.1538814
2023,和歌山,由良町,109,0011,負傷,0,1,2023/02/04 10:55,2023,2,4,10,55,土,その他,昼－昼,晴,非市街地,舗装－乾燥,一般交通の場所,施設なし,一般交通の場所,一般交通の場所,その他,規制なし,一般交通の場所,区分なし,人対車両,乗用車－普通車,歩行者,自家用,対象外当事者,乗用車,対象外当事者,75歳以上,35～44歳,損傷なし,負傷,対象外当事者,対象外当事者,指定の速度規制なし等,対象外当事者,小破,対象外当事者,その他,対象外当事者,33.9768222,135.06899
2023,和歌山,御坊市,109,0012,負傷,0,2,2023/03/31 15:03,2023,3,31,15,3,金,その他,昼－昼,曇,市街地－人口集中,舗装－乾燥,単路－その他,施設なし,単路－5.5m以上,直線－平坦,単路（交差点付近を含む）,規制なし,中央線－ペイント,区分あり－縁石・ブロック等,車両相互,乗用車－軽自動車,貨物車－軽自動車,自家用,自家用,乗用車,貨物車,55～64歳,55～64歳,損傷なし,負傷,対象外当事者,対象外当事者,40㎞／ｈ以下,40㎞／ｈ以下,小破,小破,その他,その他,33.8995983,135.1537564
2023,和歌山,御坊市,109,0013,負傷,0,1,2023/04/19 11:50,2023,4,19,11,50,水,その他,昼－昼,曇,市街地－人口集中,舗装－乾燥,交差点－その他,施設なし,交差点－小（5.5m未満）－小,直線－平坦,交差点内,規制なし,中央分離なし,区分あり－路側帯,車両相互,乗用車－軽自動車,乗用車－軽自動車,自家用,自家用,乗用車,乗用車,65～74歳,35～44歳,損傷なし,負傷,標準－反射式,規制なし,指定の速度規制なし等,30㎞／ｈ以下,小破,小破,その他,その他,33.8907331,135.1567617
2023,和歌山,御坊市,109,0014,負傷,0,1,2023/03/27 13:00,2023,3,27,13,0,月,その他,昼－昼,晴,非市街地,舗装－乾燥,交差点－その他,施設なし,交差点－中（5.5m以上）－中,直線－平坦,交差点内,規制なし,中央線－ペイント,区分あり－路側帯,車両相互,貨物車－大型車,乗用車－普通車,自家用,自家用,貨物車,乗用車,35～44歳,55～64歳,損傷なし,負傷,規制なし,規制なし,指定の速度規制なし等,指定の速度規制なし等,小破,中破,その他,装備あり 作動,33.8222008,135.1916719
2023,和歌山,田辺市,110,0017,負傷,0,1,2023/03/08 14:20,2023,3,8,14,20,水,その他,昼－昼,晴,市街地－人口集中,舗装－乾燥,交差点付近－その他,施設なし,単路－13.0m以上,直線－平坦,単路（交差点付近を含む）,規制なし,中央線－チャッターバー等,区分あり－縁石・ブロック等,車両相互,乗用車－普通車,二輪車－一般原付自転車,自家用,自家用,乗用車,対象外当事者,65～74歳,75歳以上,損傷なし,負傷,対象外当事者,対象外当事者,40㎞／ｈ以下,30㎞／ｈ以下,小破,小破,その他,対象外当事者,33.7293389,135.3736575
2023,和歌山,田辺市,110,0018,負傷,0,2,2023/03/22 10:48,2023,3,22,10,48,水,その他,昼－昼,晴,非市街地,舗装－乾燥,単路－その他,施設なし,単路－5.5m以上,直線－平坦,単路（交差点付近を含む）,規制なし,中央線－ペイント,区分あり－縁石・ブロック等,車両相互,乗用車－普通車,乗用車－軽自動車,自家用,自家用,乗用車,乗用車,65～74歳,75歳以上,負傷,負傷,対象外当事者,対象外当事者,50㎞／ｈ以下,50㎞／ｈ以下,中破,大破,装備あり 作動,装備あり 作動,33.7438375,135.3876761
2023,和歌山,みなべ町,110,0019,負傷,0,1,2023/03/29 08:10,2023,3,29,8,10,水,その他,昼－昼,晴,非市街地,舗装－乾燥,単路－カーブ・屈折,施設なし,単路－3.5m以上,カーブ・屈折－左－下り,単路（交差点付近を含む）,規制なし,中央分離なし,区分なし,車両相互,貨物車－準中型車,乗用車－普通車,自家用,自家用,貨物車,乗用車,25～34歳,55～64歳,損傷なし,負傷,対象外当事者,対象外当事者,指定の速度規制なし等,指定の速度規制なし等,中破,中破,その他,装備あり 作動,33.8194433,135.3562892
2023,和歌山,田辺市,110,0020,死亡,1,0,2023/04/18 14:25,2023,4,18,14,25,火,その他,昼－昼,曇,非市街地,舗装－乾燥,単路－その他,施設なし,単路－5.5m以上,直線－平坦,単路（交差点付近を含む）,規制なし,中央線－ペイント,区分あり－路側帯,車両単独,貨物車－軽自動車,物件等,自家用,対象外当事者,貨物車,対象外当事者,75歳以上,不明,死亡,対象外当事者,対象外当事者,対象外当事者,指定の速度規制なし等,対象外当事者,大破,対象外当事者,その他,対象外当事者,33.8284986,135.6406153
2023,和歌山,田辺市,110,0021,負傷,0,1,2023/03/20 10:35,2023,3,20,10,35,月,前日,昼－昼,晴,非市街地,舗装－乾燥,交差点－その他,施設なし,交差点－中（5.5m以上）－小,直線－平坦,交差点内,規制なし,中央線－チャッターバー等,区分あり－防護柵等,車両相互,乗用車－軽自動車,二輪車－一般原付自転車,自家用,自家用,乗用車,対象外当事者,65～74歳,65～74歳,損傷なし,負傷,規制なし,規制なし,指定の速度規制なし等,指定の速度規制なし等,小破,小破,その他,対象外当事者,33.7247969,135.4843483
2023,和歌山,田辺市,110,0022,負傷,0,1,2023/04/11 13:55,2023,4,11,13,55,火,その他,昼－昼,晴,非市街地,舗装－乾燥,交差点－その他,施設なし,交差点－中（5.5m以上）－中,直線－平坦,交差点内,規制なし,中央分離なし,区分あり－縁石・ブロック等,車両相互,乗用車－軽自動車,二輪車－一般原付自転車,自家用,自家用,乗用車,対象外当事者,35～44歳,75歳以上,損傷なし,負傷,規制なし,標準－反射式,指定の速度規制なし等,指定の速度規制なし等,中破,中破,その他,対象外当事者,33.73971,135.4031719
2023,和歌山,田辺市,110,0023,負傷,0,2,2023/04/24 17:10,2023,4,24,17,10,月,その他,昼－昼,曇,市街地－人口集中,舗装－乾燥,単路－その他,点灯－３灯式,単路－5.5m以上,直線－上り,単路（交差点付近を含む）,規制なし,中央線－ペイント,区分あり－縁石・ブロック等,車両相互,乗用車－普通車,乗用車－普通車,自家用,自家用,乗用車,乗用車,35～44歳,35～44歳,損傷なし,負傷,対象外当事者,対象外当事者,30㎞／ｈ以下,30㎞／ｈ以下,小破,小破,その他,その他,33.7300778,135.3875711
2023,和歌山,新宮市,112,0021,負傷,0,1,2023/03/28 15:57,2023,3,28,15,57,火,その他,昼－昼,晴,非市街地,舗装－乾燥,単路－その他,施設なし,単路－5.5m以上,直線－下り,単路（交差点付近を含む）,規制なし,中央線－ワイヤロープ,区分なし,車両相互,乗用車－普通車,貨物車－普通車,自家用,自家用,乗用車,貨物車,0～24歳,25～34歳,損傷なし,負傷,対象外当事者,対象外当事者,60㎞／ｈ以下,60㎞／ｈ以下,小破,小破,その他,その他,33.6947258,135.9870192
2023,和歌山,新宮市,112,0022,負傷,0,1,2023/04/03 13:20,2023,4,3,13,20,月,その他,昼－昼,晴,市街地－人口集中,舗装－乾燥,交差点－その他,点灯－３灯式,交差点－中（5.5m以上）－中,直線－平坦,交差点内,規制なし,中央分離なし,区分あり－防護柵等,人対車両,乗用車－普通車,歩行者,自家用,対象外当事者,乗用車,対象外当事者,65～74歳,65～74歳,損傷なし,負傷,規制なし,対象外当事者,30㎞／ｈ以下,対象外当事者,小破,対象外当事者,その他,対象外当事者,33.7131869,135.9897539
2023,和歌山,新宮市,112,0023,負傷,0,1,2023/04/06 12:05,2023,4,6,12,5,木,その他,昼－昼,雨,市街地－その他,舗装－湿潤,単路－その他,施設なし,単路－5.5m以上,直線－上り,単路（交差点付近を含む）,規制なし,中央線－ペイント,区分あり－縁石・ブロック等,車両相互,乗用車－軽自動車,二輪車－一般原付自転車,自家用,自家用,乗用車,対象外当事者,25～34歳,65～74歳,損傷なし,負傷,対象外当事者,対象外当事者,50㎞／ｈ以下,指定の速度規制なし等,小破,小破,その他,対象外当事者,33.7193697,135.9803114
2023,和歌山,上富田町,113,0007,負傷,0,1,2023/03/29 15:35,2023,3,29,15,35,水,その他,昼－昼,晴,非市街地,舗装－乾燥,一般交通の場所,施設なし,一般交通の場所,一般交通の場所,その他,規制なし,一般交通の場所,区分なし,車両相互,乗用車－普通車,乗用車－普通車,自家用,自家用,乗用車,乗用車,75歳以上,35～44歳,損傷なし,負傷,対象外当事者,対象外当事者,指定の速度規制なし等,指定の速度規制なし等,小破,小破,その他,その他,33.7122522,135.4286625
2023,和歌山,白浜町,113,0008,負傷,0,1,2023/03/05 18:30,2023,3,5,18,30,日,その他,夜－暮,晴,非市街地,舗装－乾燥,一般交通の場所,施設なし,一般交通の場所,一般交通の場所,その他,規制なし,一般交通の場所,区分なし,車両相互,乗用車－普通車,乗用車－軽自動車,自家用,自家用,乗用車,乗用車,0～24歳,25～34歳,損傷なし,負傷,対象外当事者,対象外当事者,指定の速度規制なし等,指定の速度規制なし等,小破,小破,その他,その他,33.6808053,135.3744931
2023,和歌山,白浜町,113,0009,負傷,0,1,2023/04/06 16:50,2023,4,6,16,50,木,その他,昼－昼,曇,市街地－その他,舗装－乾燥,交差点－その他,点灯－３灯式,交差点－中（5.5m以上）－中,直線－平坦,交差点内,規制なし,中央分離なし,区分あり－縁石・ブロック等,人対車両,乗用車－普通車,歩行者,自家用,対象外当事者,乗用車,対象外当事者,45～54歳,55～64歳,損傷なし,負傷,規制なし,対象外当事者,40㎞／ｈ以下,対象外当事者,小破,対象外当事者,その他,対象外当事者,33.6780547,135.3740297
2023,和歌山,白浜町,113,0010,負傷,0,1,2023/04/16 11:20,2023,4,16,11,20,日,その他,昼－昼,晴,非市街地,舗装－乾燥,単路－カーブ・屈折,施設なし,単路－5.5m以上,カーブ・屈折－左－平坦,単路（交差点付近を含む）,規制なし,中央線－ペイント,区分あり－縁石・ブロック等,車両相互,乗用車－普通車,乗用車－軽自動車,自家用,自家用,乗用車,乗用車,75歳以上,25～34歳,損傷なし,負傷,対象外当事者,対象外当事者,40㎞／ｈ以下,40㎞／ｈ以下,小破,小破,その他,その他,33.6803897,135.3579631
2023,和歌山,和歌山市,114,0033,負傷,0,1,2023/02/25 14:35,2023,2,25,14,35,土,その他,昼－昼,晴,市街地－人口集中,舗装－乾燥,交差点－その他,施設なし,交差点－中（5.5m以上）－小,直線－平坦,交差点内,規制なし,中央分離なし,区分なし,車両相互,乗用車－普通車,軽車両－自転車,自家用,自転車,乗用車,対象外当事者,65～74歳,75歳以上,損傷なし,負傷,規制なし,規制なし,指定の速度規制なし等,対象外当事者,小破,小破,その他,対象外当事者,34.2533714,135.1542358
2023,和歌山,和歌山市,114,0034,負傷,0,1,2023/04/08 02:34,2023,4,8,2,34,土,その他,夜－夜,曇,市街地－人口集中,舗装－湿潤,交差点－その他,点灯－３灯式,交差点－大（13.0ｍ以上）－大,直線－平坦,交差点内,規制なし,中央分離なし,区分あり－縁石・ブロック等,車両相互,乗用車－普通車,乗用車－軽自動車,自家用,自家用,乗用車,乗用車,35～44歳,25～34歳,損傷なし,負傷,規制なし,規制なし,50㎞／ｈ以下,50㎞／ｈ以下,小破,小破,その他,その他,34.25961,135.1741483
2023,和歌山,和歌山市,114,0035,負傷,0,1,2023/04/08 06:56,2023,4,8,6,56,土,その他,昼－昼,曇,市街地－人口集中,舗装－乾燥,交差点付近－その他,施設なし,単路－3.5m未満,カーブ・屈折－右－平坦,単路（交差点付近を含む）,規制なし,中央分離なし,区分なし,車両相互,乗用車－軽自動車,二輪車－一般原付自転車,自家用,自家用,乗用車,対象外当事者,25～34歳,55～64歳,損傷なし,負傷,対象外当事者,対象外当事者,指定の速度規制なし等,指定の速度規制なし等,小破,小破,その他,対象外当事者,34.2609503,135.1476044
2023,和歌山,和歌山市,114,0036,負傷,0,1,2023/04/20 08:08,2023,4,20,8,8,木,その他,昼－昼,晴,市街地－人口集中,舗装－乾燥,単路－その他,施設なし,単路－3.5m未満,直線－平坦,単路（交差点付近を含む）,規制なし,中央分離なし,区分なし,車両相互,乗用車－軽自動車,二輪車－一般原付自転車,自家用,自家用,乗用車,対象外当事者,35～44歳,0～24歳,負傷,損傷なし,対象外当事者,対象外当事者,30㎞／ｈ以下,30㎞／ｈ以下,小破,小破,その他,対象外当事者,34.2527228,135.1212969
2023,和歌山,和歌山市,114,0037,負傷,0,1,2023/04/20 07:20,2023,4,20,7,20,木,その他,昼－昼,晴,市街地－人口集中,舗装－乾燥,交差点－その他,施設なし,交差点－中（5.5m以上）－中,直線－平坦,交差点内,規制なし,中央分離なし,区分あり－防護柵等,車両相互,乗用車－普通車,乗用車－軽自動車,自家用,自家用,乗用車,乗用車,35～44歳,0～24歳,損傷なし,負傷,規制なし,規制なし,40㎞／ｈ以下,40㎞／ｈ以下,小破,中破,その他,その他,34.2607336,135.1276686
2023,和歌山,和歌山市,114,0038,負傷,0,1,2023/04/13 10:07,2023,4,13,10,7,木,その他,昼－昼,晴,市街地－人口集中,舗装－乾燥,交差点－その他,点灯－３灯式,交差点－中（5.5m以上）－中,直線－平坦,交差点内,規制なし,中央線－ペイント,区分あり－縁石・ブロック等,車両相互,貨物車－軽自動車,軽車両－駆動補助機付自転車,自家用,自転車,貨物車,対象外当事者,65～74歳,75歳以上,損傷なし,負傷,規制なし,規制なし,40㎞／ｈ以下,対象外当事者,小破,小破,その他,対象外当事者,34.2532714,135.1749956
2023,和歌山,和歌山市,114,0039,負傷,0,2,2023/03/26 11:12,2023,3,26,11,12,日,その他,昼－昼,雨,非市街地,舗装－湿潤,一般交通の場所,施設なし,一般交通の場所,一般交通の場所,その他,規制なし,一般交通の場所,区分なし,車両相互,乗用車－軽自動車,乗用車－軽自動車,自家用,自家用,乗用車,乗用車,25～34歳,35～44歳,損傷なし,負傷,対象外当事者,対象外当事者,指定の速度規制なし等,指定の速度規制なし等,小破,小破,その他,その他,34.2769364,135.149365
2023,和歌山,和歌山市,114,0040,負傷,0,1,2023/04/05 14:40,2023,4,5,14,40,水,その他,昼－昼,曇,市街地－人口集中,舗装－乾燥,単路－その他,施設なし,単路－9.0m以上,直線－平坦,単路（交差点付近を含む）,規制なし,中央線－ペイント,区分あり－路側帯,車両相互,乗用車－普通車,軽車両－自転車,自家用,自転車,乗用車,対象外当事者,0～24歳,0～24歳,損傷なし,負傷,対象外当事者,対象外当事者,40㎞／ｈ以下,対象外当事者,小破,小破,その他,対象外当事者,34.2477706,135.1571272
2023,和歌山,和歌山市,114,0041,負傷,0,1,2023/01/05 15:20,2023,1,5,15,20,木,その他,昼－昼,晴,市街地－人口集中,舗装－乾燥,単路－その他,施設なし,単路－3.5m未満,直線－平坦,単路（交差点付近を含む）,規制なし,中央分離なし,区分なし,車両相互,乗用車－普通車,特殊車－大型－農耕作業用,自家用,対象外当事者,乗用車,対象外当事者,45～54歳,55～64歳,負傷,損傷なし,対象外当事者,対象外当事者,指定の速度規制なし等,指定の速度規制なし等,小破,小破,その他,対象外当事者,34.243335,135.1390481
2023,和歌山,和歌山市,114,0042,負傷,0,2,2023/04/25 17:15,2023,4,25,17,15,火,その他,昼－昼,雨,市街地－その他,舗装－湿潤,一般交通の場所,施設なし,一般交通の場所,一般交通の場所,その他,規制なし,一般交通の場所,区分なし,車両相互,貨物車－普通車,乗用車－軽自動車,自家用,自家用,貨物車,乗用車,25～34歳,35～44歳,損傷なし,負傷,対象外当事者,対象外当事者,指定の速度規制なし等,指定の速度規制なし等,小破,小破,その他,その他,34.2465561,135.1267767
2023,和歌山,和歌山市,114,0043,負傷,0,1,2023/04/28 12:05,2023,4,28,12,5,金,前日,昼－昼,晴,市街地－人口集中,舗装－乾燥,交差点付近－その他,施設なし,単路－3.5m未満,直線－平坦,単路（交差点付近を含む）,規制なし,中央分離なし,区分なし,人対車両,乗用車－普通車,歩行者,自家用,対象外当事者,乗用車,対象外当事者,55～64歳,25～34歳,損傷なし,負傷,対象外当事者,対象外当事者,指定の速度規制なし等,対象外当事者,小破,対象外当事者,その他,対象外当事者,34.2534958,135.1538736
2023,和歌山,和歌山市,114,0044,負傷,0,1,2023/04/20 16:50,2023,4,20,16,50,木,その他,昼－昼,晴,市街地－人口集中,舗装－乾燥,交差点－その他,点灯－３灯式,交差点－大（13.0ｍ以上）－中,直線－平坦,交差点内,規制なし,中央線－ポストコーン,区分あり－縁石・ブロック等,車両相互,貨物車－軽自動車,軽車両－自転車,自家用,自転車,貨物車,対象外当事者,75歳以上,0～24歳,損傷なし,負傷,規制なし,規制なし,50㎞／ｈ以下,対象外当事者,小破,小破,その他,対象外当事者,34.2595508,135.1741825
2023,和歌山,紀の川市,059,0012,負傷,0,2,2023/05/08 16:00,2023,5,8,16,0,月,その他,昼－昼,晴,非市街地,舗装－乾燥,単路－その他,施設なし,単路－3.5m以上,直線－平坦,単路（交差点付近を含む）,規制なし,中央線－ワイヤロープ,区分あり－路側帯,車両相互,乗用車－普通車,貨物車－軽自動車,自家用,自家用,乗用車,貨物車,65～74歳,25～34歳,負傷,損傷なし,対象外当事者,対象外当事者,70㎞／ｈ以下,70㎞／ｈ以下,中破,中破,その他,その他,34.2891336,135.3658053
2023,和歌山,和歌山市,059,0013,負傷,0,1,2023/04/29 13:30,2023,4,29,13,30,土,当日,昼－昼,曇,非市街地,舗装－乾燥,単路－その他,施設なし,単路－13.0m以上,直線－平坦,単路（交差点付近を含む）,規制なし,中央分離帯,区分なし,車両単独,二輪車－自動二輪－軽二輪－126～250cc,物件等,自家用,対象外当事者,対象外当事者,対象外当事者,45～54歳,不明,負傷,対象外当事者,対象外当事者,対象外当事者,80㎞／ｈ以下,対象外当事者,小破,対象外当事者,対象外当事者,対象外当事者,34.2972378,135.2730978
2023,和歌山,みなべ町,059,0014,負傷,0,2,2023/05/04 19:30,2023,5,4,19,30,木,当日,夜－暮,晴,非市街地,舗装－乾燥,単路－トンネル,施設なし,単路－5.5m以上,直線－平坦,単路（交差点付近を含む）,規制なし,中央線－ポストコーン,区分あり－縁石・ブロック等,車両相互,乗用車－普通車,乗用車－普通車,自家用,自家用,乗用車,乗用車,55～64歳,25～34歳,損傷なし,負傷,対象外当事者,対象外当事者,70㎞／ｈ以下,70㎞／ｈ以下,小破,小破,その他,その他,33.7711117,135.3440967
2023,和歌山,紀の川市,059,0015,負傷,0,3,2023/05/24 17:45,2023,5,24,17,45,水,その他,昼－昼,晴,非市街地,舗装－乾燥,単路－トンネル,施設なし,単路－5.5m以上,直線－上り,単路（交差点付近を含む）,規制なし,中央線－ポストコーン,区分あり－縁石・ブロック等,車両相互,乗用車－軽自動車,乗用車－軽自動車,自家用,自家用,乗用車,乗用車,25～34歳,25～34歳,損傷なし,負傷,対象外当事者,対象外当事者,70㎞／ｈ以下,70㎞／ｈ以下,小破,小破,装備あり 作動,装備あり 作動,34.2931989,135.3467292
2023,和歌山,橋本市,101,0012,負傷,0,1,2023/01/14 23:10,2023,1,14,23,10,土,その他,夜－夜,曇,市街地－その他,舗装－湿潤,一般交通の場所,施設なし,一般交通の場所,一般交通の場所,その他,規制なし,一般交通の場所,区分なし,人対車両,乗用車－普通車,歩行者,自家用,対象外当事者,乗用車,対象外当事者,55～64歳,45～54歳,損傷なし,負傷,対象外当事者,対象外当事者,指定の速度規制なし等,対象外当事者,損壊なし,対象外当事者,その他,対象外当事者,34.3297344,135.6503981
2023,和歌山,かつらぎ町,102,0007,負傷,0,2,2023/04/26 18:09,2023,4,26,18,9,水,その他,昼－暮,曇,非市街地,舗装－乾燥,交差点－その他,施設なし,交差点－小（5.5m未満）－小,直線－平坦,交差点内,規制なし,中央分離なし,区分なし,車両相互,乗用車－軽自動車,乗用車－軽自動車,自家用,自家用,乗用車,乗用車,55～64歳,35～44歳,損傷なし,負傷,標準－反射式,規制なし,30㎞／ｈ以下,30㎞／ｈ以下,小破,中破,装備あり 作動,装備あり 作動,34.3030386,135.5245322
2023,和歌山,かつらぎ町,102,0008,負傷,0,1,2023/05/05 18:12,2023,5,5,18,12,金,当日,昼－暮,晴,非市街地,舗装－乾燥,単路－その他,施設なし,単路－5.5m以上,直線－平坦,単路（交差点付近を含む）,規制なし,中央線－ペイント,区分あり－縁石・ブロック等,車両相互,乗用車－軽自動車,乗用車－軽自動車,自家用,自家用,乗用車,乗用車,45～54歳,25～34歳,損傷なし,負傷,対象外当事者,対象外当事者,指定の速度規制なし等,50㎞／ｈ以下,小破,中破,その他,その他,34.2894975,135.482115
2023,和歌山,かつらぎ町,102,0009,負傷,0,1,2023/05/26 07:30,2023,5,26,7,30,金,その他,昼－昼,曇,非市街地,舗装－乾燥,単路－その他,施設なし,単路－5.5m以上,直線－下り,単路（交差点付近を含む）,規制なし,中央線－ペイント,区分あり－縁石・ブロック等,車両相互,乗用車－軽自動車,乗用車－軽自動車,自家用,自家用,乗用車,乗用車,45～54歳,35～44歳,損傷なし,負傷,対象外当事者,対象外当事者,指定の速度規制なし等,指定の速度規制なし等,中破,中破,その他,その他,34.2648367,135.482635
2023,和歌山,岩出市,103,0064,負傷,0,1,2023/04/21 17:00,2023,4,21,17,0,金,その他,昼－昼,晴,非市街地,舗装－乾燥,単路－その他,施設なし,単路－5.5m以上,直線－平坦,単路（交差点付近を含む）,規制なし,中央線－ペイント,区分あり－縁石・ブロック等,車両相互,乗用車－軽自動車,乗用車－軽自動車,自家用,自家用,乗用車,乗用車,0～24歳,25～34歳,損傷なし,負傷,対象外当事者,対象外当事者,40㎞／ｈ以下,40㎞／ｈ以下,小破,小破,その他,その他,34.26816,135.3103958
2023,和歌山,紀の川市,103,0065,死亡,1,0,2023/05/05 14:40,2023,5,5,14,40,金,当日,昼－昼,晴,非市街地,舗装－乾燥,交差点－その他,施設なし,交差点－中（5.5m以上）－小,直線－上り,交差点内,規制なし,中央線－ペイント,区分あり－路側帯,車両単独,乗用車－普通車,物件等,自家用,対象外当事者,乗用車,対象外当事者,75歳以上,不明,損傷なし,対象外当事者,規制なし,対象外当事者,40㎞／ｈ以下,対象外当事者,大破,対象外当事者,装備あり 作動,対象外当事者,34.2626106,135.4371361
2023,和歌山,岩出市,103,0066,負傷,0,1,2023/05/09 09:43,2023,5,9,9,43,火,その他,昼－昼,晴,非市街地,舗装－乾燥,交差点－その他,施設なし,交差点－中（5.5m以上）－中,カーブ・屈折－左－上り,交差点内,規制なし,中央分離なし,区分あり－縁石・ブロック等,車両相互,乗用車－軽自動車,二輪車－一般原付自転車,自家用,自家用,乗用車,対象外当事者,75歳以上,0～24歳,損傷なし,負傷,規制なし,規制なし,40㎞／ｈ以下,指定の速度規制なし等,小破,小破,その他,対象外当事者,34.2839767,135.2930197
2023,和歌山,紀の川市,103,0067,負傷,0,5,2023/05/14 13:40,2023,5,14,13,40,日,その他,昼－昼,曇,非市街地,舗装－湿潤,単路－その他,点灯－３灯式,単路－5.5m以上,直線－平坦,単路（交差点付近を含む）,規制なし,中央線－ペイント,区分あり－縁石・ブロック等,車両相互,乗用車－普通車,乗用車－普通車,自家用,自家用,乗用車,乗用車,25～34歳,65～74歳,損傷なし,負傷,対象外当事者,対象外当事者,40㎞／ｈ以下,40㎞／ｈ以下,小破,小破,その他,その他,34.2166456,135.3141039
2023,和歌山,岩出市,103,0068,負傷,0,1,2023/05/13 18:25,2023,5,13,18,25,土,その他,昼－暮,雨,非市街地,舗装－湿潤,一般交通の場所,施設なし,一般交通の場所,一般交通の場所,その他,規制なし,一般交通の場所,区分なし,車両相互,乗用車－軽自動車,貨物車－軽自動車,自家用,自家用,乗用車,貨物車,0～24歳,65～74歳,負傷,損傷なし,対象外当事者,対象外当事者,指定の速度規制なし等,指定の速度規制なし等,小破,小破,その他,その他,34.2561339,135.3117022
2023,和歌山,岩出市,103,0069,負傷,0,1,2023/05/16 16:55,2023,5,16,16,55,火,その他,昼－昼,晴,非市街地,舗装－乾燥,交差点付近－その他,点灯－３灯式,単路－13.0m以上,直線－平坦,単路（交差点付近を含む）,規制なし,中央分離帯,区分あり－縁石・ブロック等,車両相互,乗用車－普通車,乗用車－軽自動車,自家用,自家用,乗用車,乗用車,65～74歳,65～74歳,負傷,損傷なし,対象外当事者,対象外当事者,指定の速度規制なし等,指定の速度規制なし等,中破,中破,その他,その他,34.2591033,135.3058253
2023,和歌山,岩出市,103,0070,負傷,0,2,2023/05/21 17:40,2023,5,21,17,40,日,その他,昼－昼,晴,非市街地,舗装－乾燥,交差点付近－その他,点灯－３灯式,単路－13.0m以上,直線－平坦,単路（交差点付近を含む）,規制なし,中央分離帯,区分あり－縁石・ブロック等,車両相互,乗用車－普通車,乗用車－軽自動車,自家用,自家用,乗用車,乗用車,0～24歳,35～44歳,負傷,損傷なし,対象外当事者,対象外当事者,指定の速度規制なし等,指定の速度規制なし等,大破,大破,その他,装備あり 作動,34.2600081,135.29881
2023,和歌山,紀の川市,103,0071,負傷,0,1,2023/05/17 08:25,2023,5,17,8,25,水,その他,昼－昼,晴,非市街地,舗装－乾燥,単路－その他,施設なし,単路－5.5m以上,直線－平坦,単路（交差点付近を含む）,規制なし,中央線－ペイント,区分あり－縁石・ブロック等,車両相互,乗用車－普通車,乗用車－軽自動車,自家用,自家用,乗用車,乗用車,45～54歳,25～34歳,負傷,損傷なし,対象外当事者,対象外当事者,50㎞／ｈ以下,50㎞／ｈ以下,小破,小破,その他,その他,34.2687142,135.4052081
2023,和歌山,岩出市,103,0072,負傷,0,1,2023/05/24 13:10,2023,5,24,13,10,水,その他,昼－昼,晴,非市街地,舗装－乾燥,単路－その他,施設なし,単路－13.0m以上,直線－平坦,単路（交差点付近を含む）,規制なし,中央分離帯,区分あり－縁石・ブロック等,車両相互,乗用車－軽自動車,乗用車－軽自動車,自家用,自家用,乗用車,乗用車,55～64歳,45～54歳,損傷なし,負傷,対象外当事者,対象外当事者,指定の速度規制なし等,指定の速度規制なし等,小破,小破,その他,その他,34.2592728,135.3051031
2023,和歌山,岩出市,103,0073,負傷,0,1,2022/12/23 08:00,2022,12,23,8,0,金,その他,昼－明,雪,非市街地,舗装－積雪,単路－その他,施設なし,単路－5.5m以上,直線－下り,単路（交差点付近を含む）,規制なし,中央線－ペイント,区分あり－路側帯,車両相互,乗用車－普通車,乗用車－軽自動車,自家用,自家用,乗用車,乗用車,35～44歳,25～34歳,負傷,損傷なし,対象外当事者,対象外当事者,50㎞／ｈ以下,50㎞／ｈ以下,小破,小破,その他,その他,34.2864442,135.3225386