対象年,都道府県,市区町村,警察署等コード,本票番号,事故内容,死者数,負傷者数,発生日時,発生年,発生月,発生日,発生時,発生分,曜日,祝日,昼夜,天候,地形,路面状態,道路形状,信号機,車道幅員,道路線形,衝突地点,ゾーン規制,中央分離帯施設等,歩車道区分,事故類型,当事者A 種別,当事者B 種別,当事者A 用途,当事者B 用途,当事者A 車両形状,当事者B 車両形状,当事者A 年齢,当事者B 年齢,当事者A 人身損傷程度,当事者B 人身損傷程度,当事者A 一時停止規制標識,当事者B 一時停止規制標識,当事者A 速度規制,当事者B 速度規制,当事者A 車両損壊程度,当事者B 車両損壊程度,当事者A エアバッグ,当事者B エアバッグ,緯度,経度
2023,和歌山,和歌山市,105,0066,負傷,0,1,2023/05/19 18:35,2023,5,19,18,35,金,その他,昼－暮,雨,市街地－人口集中,舗装－湿潤,交差点－その他,点灯－３灯式,交差点－大（13.0ｍ以上）－小,直線－平坦,交差点内,規制なし,中央線－ペイント,区分あり－縁石・ブロック等,車両相互,乗用車－普通車,二輪車－一般原付自転車,自家用,自家用,乗用車,対象外当事者,25～34歳,75歳以上,損傷なし,負傷,規制なし,規制なし,50㎞／ｈ以下,指定の速度規制なし等,損壊なし,小破,その他,対象外当事者,34.2155761,135.1775378
2023,和歌山,和歌山市,105,0067,負傷,0,1,2023/05/19 09:48,2023,5,19,9,48,金,その他,昼－昼,雨,市街地－人口集中,舗装－湿潤,単路－その他,施設なし,単路－13.0m以上,直線－平坦,単路（交差点付近を含む）,規制なし,中央分離帯,区分あり－縁石・ブロック等,車両相互,乗用車－軽自動車,軽車両－自転車,自家用,自転車,乗用車,対象外当事者,65～74歳,0～24歳,損傷なし,負傷,対象外当事者,対象外当事者,50㎞／ｈ以下,対象外当事者,小破,中破,その他,対象外当事者,34.1757811,135.1864286
2023,和歌山,和歌山市,105,0068,負傷,0,2,2023/05/24 18:40,2023,5,24,18,40,水,その他,昼－暮,晴,市街地－人口集中,舗装－乾燥,単路－その他,施設なし,単路－5.5m以上,直線－平坦,単路（交差点付近を含む）,規制なし,中央線－ペイント,区分あり－縁石・ブロック等,車両相互,乗用車－普通車,二輪車－自動二輪－軽二輪－126～250cc,自家用,自家用,乗用車,対象外当事者,65～74歳,55～64歳,損傷なし,損傷なし,対象外当事者,対象外当事者,40㎞／ｈ以下,40㎞／ｈ以下,小破,小破,その他,対象外当事者,34.1868672,135.1799944
2023,和歌山,海南市,106,0025,負傷,0,2,2023/04/27 08:00,2023,4,27,8,0,木,その他,昼－昼,晴,市街地－その他,舗装－乾燥,交差点－その他,施設なし,交差点－小（5.5m未満）－小,直線－平坦,交差点内,規制なし,中央分離なし,区分あり－路側帯,車両相互,乗用車－普通車,二輪車－一般原付自転車,自家用,自家用,乗用車,対象外当事者,25～34歳,0～24歳,負傷,負傷,規制なし,規制なし,40㎞／ｈ以下,指定の速度規制なし等,小破,小破,その他,対象外当事者,34.1596875,135.2628278
2023,和歌山,海南市,106,0026,負傷,0,1,2023/05/01 07:45,2023,5,1,7,45,月,その他,昼－昼,晴,市街地－人口集中,舗装－乾燥,単路－その他,施設なし,単路－5.5m以上,直線－平坦,単路（交差点付近を含む）,規制なし,中央線－ペイント,区分あり－路側帯,車両相互,貨物車－普通車,貨物車－軽自動車,自家用,自家用,貨物車,貨物車,45～54歳,65～74歳,損傷なし,負傷,対象外当事者,対象外当事者,30㎞／ｈ以下,30㎞／ｈ以下,損壊なし,損壊なし,その他,その他,34.1608431,135.2072861
2023,和歌山,海南市,106,0027,負傷,0,1,2023/04/22 13:30,2023,4,22,13,30,土,その他,昼－昼,晴,非市街地,舗装－乾燥,交差点付近－その他,施設なし,単路－5.5m以上,カーブ・屈折－左－上り,単路（交差点付近を含む）,規制なし,中央線－ペイント,区分あり－縁石・ブロック等,車両相互,乗用車－軽自動車,貨物車－軽自動車,自家用,自家用,乗用車,貨物車,55～64歳,25～34歳,損傷なし,負傷,対象外当事者,対象外当事者,50㎞／ｈ以下,50㎞／ｈ以下,小破,小破,その他,その他,34.1079978,135.1455189
2023,和歌山,海南市,106,0028,負傷,0,1,2023/03/03 15:59,2023,3,3,15,59,金,その他,昼－昼,晴,市街地－人口集中,舗装－乾燥,交差点付近－その他,施設なし,単路－13.0m以上,直線－平坦,単路（交差点付近を含む）,規制なし,中央線－ペイント,区分あり－縁石・ブロック等,車両相互,乗用車－普通車,二輪車－一般原付自転車,自家用,自家用,乗用車,対象外当事者,35～44歳,75歳以上,損傷なし,負傷,対象外当事者,対象外当事者,50㎞／ｈ以下,指定の速度規制なし等,小破,小破,その他,対象外当事者,34.1525214,135.2151697
2023,和歌山,海南市,106,0029,負傷,0,1,2023/05/16 06:50,2023,5,16,6,50,火,その他,昼－昼,晴,非市街地,舗装－乾燥,単路－その他,施設なし,単路－5.5m以上,直線－平坦,単路（交差点付近を含む）,規制なし,中央線－ペイント,区分あり－縁石・ブロック等,車両相互,乗用車－軽自動車,貨物車－軽自動車,自家用,自家用,乗用車,貨物車,65～74歳,65～74歳,損傷なし,損傷なし,対象外当事者,対象外当事者,50㎞／ｈ以下,50㎞／ｈ以下,小破,小破,その他,その他,34.1288119,135.1690347
2023,和歌山,海南市,106,0030,負傷,0,1,2023/05/08 07:40,2023,5,8,7,40,月,その他,昼－昼,曇,非市街地,舗装－湿潤,単路－カーブ・屈折,施設なし,単路－5.5m以上,カーブ・屈折－右－平坦,単路（交差点付近を含む）,規制なし,中央分離帯,区分あり－縁石・ブロック等,車両相互,乗用車－普通車,乗用車－軽自動車,自家用,自家用,乗用車,乗用車,45～54歳,45～54歳,負傷,損傷なし,対象外当事者,対象外当事者,50㎞／ｈ以下,50㎞／ｈ以下,小破,小破,その他,その他,34.1232786,135.1563247
2023,和歌山,海南市,106,0031,負傷,0,2,2023/05/27 15:15,2023,5,27,15,15,土,その他,昼－昼,曇,非市街地,舗装－乾燥,交差点付近－その他,施設なし,単路－3.5m未満,直線－平坦,単路（交差点付近を含む）,規制なし,中央分離なし,区分なし,車両相互,乗用車－普通車,乗用車－普通車,自家用,自家用,乗用車,乗用車,0～24歳,45～54歳,損傷なし,負傷,対象外当事者,対象外当事者,指定の速度規制なし等,指定の速度規制なし等,小破,小破,その他,その他,34.1696619,135.2222269
2023,和歌山,有田川町,108,0014,負傷,0,1,2023/04/26 15:15,2023,4,26,15,15,水,その他,昼－昼,曇,非市街地,舗装－乾燥,交差点－その他,施設なし,交差点－中（5.5m以上）－小,直線－平坦,交差点内,規制なし,中央線－ペイント,区分あり－路側帯,車両相互,乗用車－軽自動車,軽車両－自転車,自家用,自転車,乗用車,対象外当事者,45～54歳,0～24歳,損傷なし,負傷,標準－反射式,規制なし,指定の速度規制なし等,対象外当事者,小破,小破,その他,対象外当事者,34.0505089,135.1912306
2023,和歌山,有田川町,108,0015,負傷,0,1,2023/05/17 18:45,2023,5,17,18,45,水,その他,昼－暮,晴,非市街地,舗装－乾燥,交差点付近－その他,点灯－３灯式,単路－5.5m以上,直線－平坦,単路（交差点付近を含む）,規制なし,中央線－ペイント,区分あり－路側帯,車両相互,乗用車－軽自動車,貨物車－軽自動車,自家用,自家用,乗用車,貨物車,55～64歳,65～74歳,負傷,損傷なし,対象外当事者,対象外当事者,40㎞／ｈ以下,40㎞／ｈ以下,小破,小破,その他,その他,34.0641442,135.1984575
2023,和歌山,有田市,108,0016,負傷,0,1,2023/04/11 13:40,2023,4,11,13,40,火,その他,昼－昼,晴,市街地－その他,舗装－乾燥,単路－その他,施設なし,単路－5.5m以上,直線－平坦,単路（交差点付近を含む）,規制なし,中央線－ペイント,区分あり－路側帯,車両相互,貨物車－大型車,二輪車－自動二輪－小型二輪－751ｃｃ以上,事業用,自家用,貨物車,対象外当事者,35～44歳,45～54歳,損傷なし,負傷,対象外当事者,対象外当事者,50㎞／ｈ以下,50㎞／ｈ以下,小破,中破,その他,対象外当事者,34.1004181,135.1249922
2023,和歌山,湯浅町,108,0017,負傷,0,1,2023/05/03 12:30,2023,5,3,12,30,水,当日,昼－昼,晴,非市街地,舗装－乾燥,単路－その他,施設なし,単路－3.5m以上,直線－平坦,単路（交差点付近を含む）,規制なし,中央分離なし,区分あり－路側帯,車両相互,乗用車－軽自動車,軽車両－自転車,自家用,自転車,乗用車,対象外当事者,55～64歳,0～24歳,損傷なし,負傷,対象外当事者,対象外当事者,指定の速度規制なし等,対象外当事者,小破,小破,その他,対象外当事者,34.0429497,135.1895175
2023,和歌山,美浜町,109,0015,負傷,0,1,2023/05/09 08:05,2023,5,9,8,5,火,その他,昼－昼,晴,市街地－その他,舗装－乾燥,単路－その他,施設なし,単路－3.5m未満,直線－平坦,単路（交差点付近を含む）,規制なし,中央分離なし,区分なし,人対車両,乗用車－軽自動車,歩行者,自家用,対象外当事者,乗用車,対象外当事者,55～64歳,65～74歳,損傷なし,負傷,対象外当事者,対象外当事者,指定の速度規制なし等,対象外当事者,小破,対象外当事者,その他,対象外当事者,33.8821514,135.1490722
2023,和歌山,御坊市,109,0016,負傷,0,4,2023/05/25 14:29,2023,5,25,14,29,木,その他,昼－昼,晴,非市街地,舗装－乾燥,単路－カーブ・屈折,施設なし,単路－5.5m以上,カーブ・屈折－左－平坦,単路（交差点付近を含む）,規制なし,中央線－ペイント,区分あり－縁石・ブロック等,車両相互,乗用車－普通車,乗用車－軽自動車,自家用,自家用,乗用車,乗用車,45～54歳,65～74歳,負傷,負傷,対象外当事者,対象外当事者,指定の速度規制なし等,指定の速度規制なし等,中破,中破,その他,装備あり 作動,33.9104822,135.1497086
2023,和歌山,御坊市,109,0017,負傷,0,1,2023/05/28 16:15,2023,5,28,16,15,日,その他,昼－昼,晴,市街地－人口集中,舗装－乾燥,単路－その他,施設なし,単路－5.5m以上,直線－平坦,単路（交差点付近を含む）,規制なし,中央線－ペイント,区分あり－縁石・ブロック等,人対車両,乗用車－普通車,歩行者,自家用,対象外当事者,乗用車,対象外当事者,35～44歳,35～44歳,損傷なし,負傷,対象外当事者,対象外当事者,指定の速度規制なし等,対象外当事者,損壊なし,対象外当事者,その他,対象外当事者,33.9039156,135.1523128
2023,和歌山,御坊市,109,0018,負傷,0,1,2023/04/17 17:10,2023,4,17,17,10,月,その他,昼－昼,晴,市街地－人口集中,舗装－乾燥,交差点－その他,施設なし,交差点－大（13.0ｍ以上）－中,直線－平坦,交差点内,規制なし,中央線－ペイント,区分あり－縁石・ブロック等,車両相互,乗用車－軽自動車,二輪車－一般原付自転車,自家用,自家用,乗用車,対象外当事者,0～24歳,65～74歳,損傷なし,負傷,標準－反射式,規制なし,40㎞／ｈ以下,指定の速度規制なし等,小破,小破,その他,対象外当事者,33.8884144,135.1627494
2023,和歌山,田辺市,110,0024,負傷,0,1,2023/04/08 16:45,2023,4,8,16,45,土,その他,昼－昼,晴,非市街地,舗装－乾燥,単路－その他,施設なし,単路－5.5m以上,直線－平坦,単路（交差点付近を含む）,規制なし,中央線－ペイント,区分あり－防護柵等,人対車両,軽車両－自転車,歩行者,自転車,対象外当事者,対象外当事者,対象外当事者,0～24歳,65～74歳,損傷なし,負傷,対象外当事者,対象外当事者,対象外当事者,対象外当事者,小破,対象外当事者,対象外当事者,対象外当事者,33.7536408,135.4010736
2023,和歌山,田辺市,110,0025,負傷,0,1,2023/05/01 06:57,2023,5,1,6,57,月,その他,昼－昼,晴,市街地－その他,舗装－乾燥,単路－その他,点灯－３灯式,単路－5.5m以上,直線－平坦,単路（交差点付近を含む）,規制なし,中央線－ペイント,区分あり－縁石・ブロック等,車両相互,乗用車－軽自動車,貨物車－軽自動車,自家用,自家用,乗用車,貨物車,45～54歳,35～44歳,損傷なし,負傷,対象外当事者,対象外当事者,30㎞／ｈ以下,30㎞／ｈ以下,小破,小破,その他,その他,33.7362847,135.4013064
2023,和歌山,田辺市,110,0026,負傷,0,1,2023/05/09 08:10,2023,5,9,8,10,火,その他,昼－昼,晴,市街地－人口集中,舗装－乾燥,単路－その他,施設なし,単路－3.5m以上,直線－平坦,単路（交差点付近を含む）,規制なし,中央分離なし,区分なし,車両相互,乗用車－普通車,乗用車－軽自動車,自家用,自家用,乗用車,乗用車,55～64歳,45～54歳,負傷,損傷なし,対象外当事者,対象外当事者,30㎞／ｈ以下,30㎞／ｈ以下,小破,小破,その他,その他,33.7399453,135.3895314
2023,和歌山,田辺市,110,0027,負傷,0,1,2023/04/17 08:23,2023,4,17,8,23,月,その他,昼－昼,晴,市街地－その他,舗装－乾燥,単路－その他,施設なし,単路－3.5m以上,直線－平坦,単路（交差点付近を含む）,規制なし,中央分離なし,区分なし,車両相互,乗用車－軽自動車,乗用車－軽自動車,自家用,自家用,乗用車,乗用車,45～54歳,35～44歳,損傷なし,負傷,対象外当事者,対象外当事者,指定の速度規制なし等,指定の速度規制なし等,小破,小破,その他,その他,33.7110156,135.3995803
2023,和歌山,田辺市,110,0028,負傷,0,3,2023/03/25 14:18,2023,3,25,14,18,土,その他,昼－昼,晴,非市街地,舗装－湿潤,単路－その他,施設なし,単路－5.5m以上,直線－下り,単路（交差点付近を含む）,規制なし,中央線－ペイント,区分あり－路側帯,車両相互,乗用車－普通車,乗用車－普通車,自家用,自家用,乗用車,乗用車,35～44歳,45～54歳,損傷なし,負傷,対象外当事者,対象外当事者,50㎞／ｈ以下,50㎞／ｈ以下,中破,中破,その他,その他,33.8211856,135.6292114
2023,和歌山,田辺市,110,0029,死亡,1,0,2023/05/15 06:45,2023,5,15,6,45,月,その他,昼－昼,曇,非市街地,舗装－湿潤,交差点－その他,施設なし,交差点－中（5.5m以上）－小,カーブ・屈折－右－下り,交差点内,規制なし,中央線－ペイント,区分あり－路側帯,車両単独,貨物車－軽自動車,物件等,自家用,対象外当事者,貨物車,対象外当事者,55～64歳,不明,死亡,対象外当事者,規制なし,対象外当事者,50㎞／ｈ以下,対象外当事者,大破,対象外当事者,装備あり 作動,対象外当事者,33.8814742,135.4759231
2023,和歌山,田辺市,110,0030,負傷,0,1,2023/05/09 07:12,2023,5,9,7,12,火,その他,昼－昼,晴,非市街地,舗装－乾燥,単路－カーブ・屈折,施設なし,単路－13.0m以上,カーブ・屈折－左－上り,単路（交差点付近を含む）,規制なし,中央分離帯,区分あり－縁石・ブロック等,車両相互,貨物車－軽自動車,二輪車－自動二輪－原付二種－51～125cc,自家用,自家用,貨物車,対象外当事者,65～74歳,55～64歳,損傷なし,負傷,対象外当事者,対象外当事者,指定の速度規制なし等,指定の速度規制なし等,小破,小破,その他,対象外当事者,33.74115,135.3885333
2023,和歌山,田辺市,110,0031,負傷,0,1,2023/05/02 09:30,2023,5,2,9,30,火,前日,昼－昼,晴,市街地－人口集中,舗装－乾燥,交差点－その他,点灯－３灯式,交差点－中（5.5m以上）－中,直線－平坦,交差点内,規制なし,中央線－ペイント,区分あり－縁石・ブロック等,車両相互,乗用車－普通車,乗用車－普通車,自家用,自家用,乗用車,乗用車,55～64歳,65～74歳,損傷なし,負傷,規制なし,規制なし,40㎞／ｈ以下,30㎞／ｈ以下,中破,中破,その他,その他,33.7385758,135.3833717
2023,和歌山,田辺市,110,0032,負傷,0,2,2023/05/04 18:33,2023,5,4,18,33,木,当日,昼－暮,晴,市街地－人口集中,舗装－乾燥,交差点付近－その他,点灯－３灯式,単路－5.5m以上,直線－平坦,単路（交差点付近を含む）,規制なし,中央線－ペイント,区分あり－縁石・ブロック等,車両相互,乗用車－普通車,乗用車－軽自動車,自家用,自家用,乗用車,乗用車,45～54歳,0～24歳,損傷なし,負傷,対象外当事者,対象外当事者,40㎞／ｈ以下,40㎞／ｈ以下,中破,中破,装備あり 作動,装備あり 作動,33.7194456,135.4022044
2023,和歌山,新宮市,112,0024,負傷,0,1,2023/04/26 08:15,2023,4,26,8,15,水,その他,昼－昼,晴,非市街地,舗装－湿潤,単路－その他,施設なし,単路－5.5m以上,直線－下り,単路（交差点付近を含む）,規制なし,中央線－ワイヤロープ,区分なし,車両相互,乗用車－普通車,乗用車－軽自動車,自家用,自家用,乗用車,乗用車,25～34歳,25～34歳,損傷なし,負傷,対象外当事者,対象外当事者,70㎞／ｈ以下,70㎞／ｈ以下,大破,大破,装備あり 作動,その他,33.6939542,135.9788375
2023,和歌山,新宮市,112,0025,負傷,0,1,2023/05/07 19:25,2023,5,7,19,25,日,その他,夜－暮,晴,市街地－人口集中,舗装－湿潤,交差点－その他,点灯－３灯式,交差点－中（5.5m以上）－中,直線－平坦,交差点内,規制なし,中央分離なし,区分あり－縁石・ブロック等,人対車両,乗用車－軽自動車,歩行者,自家用,対象外当事者,乗用車,対象外当事者,55～64歳,75歳以上,損傷なし,負傷,規制なし,対象外当事者,30㎞／ｈ以下,対象外当事者,小破,対象外当事者,その他,対象外当事者,33.7302517,135.9883244
2023,和歌山,新宮市,112,0026,負傷,0,1,2023/05/08 13:25,2023,5,8,13,25,月,その他,昼－昼,晴,市街地－人口集中,舗装－乾燥,一般交通の場所,施設なし,一般交通の場所,一般交通の場所,その他,規制なし,一般交通の場所,区分なし,車両相互,乗用車－普通車,貨物車－普通車,自家用,自家用,乗用車,貨物車,65～74歳,55～64歳,損傷なし,負傷,対象外当事者,対象外当事者,指定の速度規制なし等,指定の速度規制なし等,小破,小破,その他,その他,33.71366,135.9896186
2023,和歌山,串本町,112,0027,死亡,1,0,2023/05/13 19:30,2023,5,13,19,30,土,その他,夜－暮,雨,非市街地,舗装－湿潤,単路－その他,施設なし,単路－3.5m未満,直線－平坦,単路（交差点付近を含む）,規制なし,中央分離なし,区分なし,車両単独,軽車両－自転車,相手なし,自転車,対象外当事者,対象外当事者,対象外当事者,65～74歳,不明,死亡,対象外当事者,対象外当事者,対象外当事者,対象外当事者,対象外当事者,小破,対象外当事者,対象外当事者,対象外当事者,33.5238183,135.83745
2023,和歌山,那智勝浦町,112,0028,負傷,0,1,2023/04/01 15:02,2023,4,1,15,2,土,その他,昼－昼,晴,非市街地,舗装－乾燥,一般交通の場所,施設なし,一般交通の場所,一般交通の場所,その他,規制なし,一般交通の場所,区分なし,人対車両,乗用車－普通車,歩行者,自家用,対象外当事者,乗用車,対象外当事者,75歳以上,75歳以上,損傷なし,負傷,対象外当事者,対象外当事者,指定の速度規制なし等,対象外当事者,小破,対象外当事者,その他,対象外当事者,33.644825,135.9365356
2023,和歌山,上富田町,113,0011,負傷,0,1,2023/05/11 08:15,2023,5,11,8,15,木,その他,昼－昼,晴,非市街地,舗装－乾燥,交差点付近－その他,施設なし,単路－5.5m以上,直線－平坦,単路（交差点付近を含む）,規制なし,中央線－ペイント,区分あり－縁石・ブロック等,車両相互,乗用車－普通車,乗用車－軽自動車,自家用,自家用,乗用車,乗用車,45～54歳,35～44歳,負傷,損傷なし,対象外当事者,対象外当事者,40㎞／ｈ以下,40㎞／ｈ以下,小破,小破,その他,その他,33.7019858,135.4168158
2023,和歌山,白浜町,113,0012,負傷,0,1,2023/04/19 15:55,2023,4,19,15,55,水,その他,昼－昼,曇,非市街地,舗装－乾燥,単路－その他,施設なし,単路－5.5m以上,直線－平坦,単路（交差点付近を含む）,規制なし,中央分離なし,区分なし,車両単独,乗用車－普通車,物件等,自家用,対象外当事者,乗用車,対象外当事者,55～64歳,不明,損傷なし,対象外当事者,対象外当事者,対象外当事者,指定の速度規制なし等,対象外当事者,小破,対象外当事者,装備あり 作動,対象外当事者,33.6692847,135.4083972
2023,和歌山,和歌山市,114,0045,負傷,0,1,2023/04/30 14:33,2023,4,30,14,33,日,その他,昼－昼,曇,市街地－人口集中,舗装－乾燥,単路－その他,施設なし,単路－13.0m以上,直線－平坦,単路（交差点付近を含む）,規制なし,中央分離帯,区分あり－縁石・ブロック等,人対車両,乗用車－普通車,歩行者,自家用,対象外当事者,乗用車,対象外当事者,75歳以上,45～54歳,損傷なし,負傷,対象外当事者,対象外当事者,50㎞／ｈ以下,対象外当事者,小破,対象外当事者,その他,対象外当事者,34.2548442,135.1348036
2023,和歌山,和歌山市,114,0046,負傷,0,1,2023/04/25 08:30,2023,4,25,8,30,火,その他,昼－昼,曇,市街地－人口集中,舗装－乾燥,単路－その他,施設なし,単路－5.5m以上,直線－平坦,単路（交差点付近を含む）,規制なし,中央線－ペイント,区分あり－縁石・ブロック等,車両相互,乗用車－軽自動車,二輪車－一般原付自転車,自家用,自家用,乗用車,対象外当事者,65～74歳,0～24歳,損傷なし,負傷,対象外当事者,対象外当事者,40㎞／ｈ以下,指定の速度規制なし等,小破,小破,その他,対象外当事者,34.2434556,135.1444422
2023,和歌山,和歌山市,114,0047,負傷,0,1,2023/05/09 07:22,2023,5,9,7,22,火,その他,昼－昼,晴,市街地－人口集中,舗装－乾燥,交差点－その他,施設なし,交差点－中（5.5m以上）－小,直線－平坦,交差点内,規制なし,中央分離なし,区分あり－縁石・ブロック等,車両相互,乗用車－普通車,二輪車－自動二輪－軽二輪－126～250cc,自家用,自家用,乗用車,対象外当事者,25～34歳,65～74歳,損傷なし,負傷,規制なし,規制なし,指定の速度規制なし等,指定の速度規制なし等,小破,小破,その他,対象外当事者,34.2568892,135.1427578
2023,和歌山,和歌山市,114,0048,負傷,0,1,2023/04/24 11:07,2023,4,24,11,7,月,その他,昼－昼,晴,市街地－人口集中,舗装－乾燥,一般交通の場所,施設なし,一般交通の場所,一般交通の場所,その他,規制なし,一般交通の場所,区分なし,車両単独,乗用車－軽自動車,物件等,自家用,対象外当事者,乗用車,対象外当事者,65～74歳,不明,損傷なし,対象外当事者,対象外当事者,対象外当事者,指定の速度規制なし等,対象外当事者,小破,対象外当事者,その他,対象外当事者,34.2573253,135.1152642
2023,和歌山,和歌山市,114,0049,負傷,0,2,2023/05/10 16:00,2023,5,10,16,0,水,その他,昼－昼,晴,市街地－人口集中,舗装－乾燥,交差点－その他,施設なし,交差点－小（5.5m未満）－小,直線－平坦,交差点内,ゾーン30,中央分離なし,区分なし,車両相互,乗用車－普通車,乗用車－軽自動車,自家用,自家用,乗用車,乗用車,35～44歳,45～54歳,負傷,負傷,標準－反射式,規制なし,指定の速度規制なし等,指定の速度規制なし等,小破,小破,その他,その他,34.2433378,135.1611272
2023,和歌山,和歌山市,114,0050,負傷,0,1,2023/05/01 17:55,2023,5,1,17,55,月,その他,昼－暮,晴,市街地－人口集中,舗装－乾燥,交差点－その他,施設なし,交差点－小（5.5m未満）－小,直線－平坦,交差点内,規制なし,中央分離なし,区分なし,車両相互,乗用車－軽自動車,軽車両－自転車,自家用,自転車,乗用車,対象外当事者,45～54歳,0～24歳,損傷なし,負傷,規制なし,規制なし,指定の速度規制なし等,対象外当事者,小破,大破,その他,対象外当事者,34.2446481,135.15486
2023,和歌山,和歌山市,114,0051,負傷,0,1,2023/03/19 19:10,2023,3,19,19,10,日,その他,夜－夜,晴,市街地－人口集中,舗装－乾燥,交差点－その他,点灯－３灯式,交差点－大（13.0ｍ以上）－小,直線－平坦,交差点内,規制なし,中央分離なし,区分あり－縁石・ブロック等,車両相互,乗用車－普通車,二輪車－一般原付自転車,自家用,自家用,乗用車,対象外当事者,45～54歳,0～24歳,損傷なし,負傷,規制なし,規制なし,50㎞／ｈ以下,指定の速度規制なし等,小破,小破,その他,対象外当事者,34.2551425,135.1325739
2023,和歌山,和歌山市,114,0052,負傷,0,1,2023/05/12 16:05,2023,5,12,16,5,金,その他,昼－昼,晴,市街地－人口集中,舗装－乾燥,交差点－その他,施設なし,交差点－中（5.5m以上）－小,直線－平坦,交差点内,規制なし,中央分離なし,区分あり－路側帯,車両相互,乗用車－軽自動車,二輪車－一般原付自転車,自家用,自家用,乗用車,対象外当事者,55～64歳,55～64歳,損傷なし,負傷,規制なし,標準－反射式,指定の速度規制なし等,指定の速度規制なし等,小破,小破,その他,対象外当事者,34.2386908,135.1599244
2023,和歌山,有田川町,059,0016,負傷,0,1,2023/06/12 08:10,2023,6,12,8,10,月,その他,昼－昼,雨,市街地－その他,舗装－湿潤,単路－その他,施設なし,単路－9.0m以上,直線－平坦,単路（交差点付近を含む）,規制なし,中央分離なし,区分あり－路側帯,車両相互,乗用車－普通車,乗用車－軽自動車,自家用,自家用,乗用車,乗用車,25～34歳,25～34歳,損傷なし,負傷,対象外当事者,対象外当事者,80㎞／ｈ以下,80㎞／ｈ以下,小破,中破,その他,その他,34.0620242,135.2005828
2023,和歌山,岩出市,059,0017,負傷,0,2,2023/06/06 17:35,2023,6,6,17,35,火,その他,昼－昼,雨,非市街地,舗装－湿潤,単路－トンネル,施設なし,単路－5.5m以上,直線－平坦,単路（交差点付近を含む）,規制なし,中央線－ポストコーン,区分あり－路側帯,車両相互,乗用車－大型車,乗用車－軽自動車,事業用,自家用,乗用車,乗用車,45～54歳,45～54歳,損傷なし,負傷,対象外当事者,対象外当事者,70㎞／ｈ以下,70㎞／ｈ以下,小破,小破,その他,その他,34.2934944,135.3335933
2023,和歌山,有田川町,059,0018,負傷,0,2,2023/06/02 12:35,2023,6,2,12,35,金,その他,昼－昼,雨,非市街地,舗装－湿潤,単路－その他,施設なし,単路－13.0m以上,直線－平坦,単路（交差点付近を含む）,規制なし,中央分離帯,区分あり－路側帯,車両相互,貨物車－中型車,貨物車－準中型車,事業用,自家用,貨物車,貨物車,55～64歳,45～54歳,損傷なし,負傷,対象外当事者,対象外当事者,50㎞／ｈ以下,50㎞／ｈ以下,小破,小破,その他,その他,34.0435436,135.2037975
2023,和歌山,橋本市,101,0013,負傷,0,1,2023/05/31 08:15,2023,5,31,8,15,水,その他,昼－昼,曇,非市街地,舗装－乾燥,単路－トンネル,施設なし,単路－5.5m以上,直線－下り,単路（交差点付近を含む）,規制なし,中央線－ペイント,区分あり－縁石・ブロック等,車両相互,乗用車－普通車,乗用車－軽自動車,自家用,自家用,乗用車,乗用車,75歳以上,45～54歳,損傷なし,負傷,対象外当事者,対象外当事者,50㎞／ｈ以下,50㎞／ｈ以下,中破,中破,その他,その他,34.3751281,135.6056186
2023,和歌山,橋本市,101,0014,負傷,0,1,2023/05/26 10:31,2023,5,26,10,31,金,その他,昼－昼,曇,市街地－その他,舗装－乾燥,交差点－その他,施設なし,交差点－中（5.5m以上）－小,直線－平坦,交差点内,規制なし,中央線－ペイント,区分あり－縁石・ブロック等,車両相互,乗用車－普通車,乗用車－軽自動車,自家用,自家用,乗用車,乗用車,75歳以上,75歳以上,損傷なし,負傷,標準－反射式,規制なし,指定の速度規制なし等,50㎞／ｈ以下,大破,大破,装備あり 作動,装備あり 作動,34.2976019,135.5821572
2023,和歌山,橋本市,102,0010,負傷,0,1,2023/05/26 07:05,2023,5,26,7,5,金,その他,昼－昼,晴,非市街地,舗装－乾燥,単路－その他,施設なし,単路－3.5m以上,直線－平坦,単路（交差点付近を含む）,規制なし,中央分離なし,区分なし,車両相互,乗用車－軽自動車,乗用車－軽自動車,自家用,自家用,乗用車,乗用車,35～44歳,55～64歳,損傷なし,負傷,対象外当事者,対象外当事者,指定の速度規制なし等,指定の速度規制なし等,小破,小破,その他,その他,34.3008822,135.5555097
2023,和歌山,橋本市,102,0011,負傷,0,1,2023/06/08 14:20,2023,6,8,14,20,木,その他,昼－昼,雨,非市街地,舗装－湿潤,単路－その他,施設なし,単路－5.5m以上,直線－下り,単路（交差点付近を含む）,規制なし,中央線－ペイント,区分あり－縁石・ブロック等,車両相互,乗用車－軽自動車,乗用車－軽自動車,自家用,自家用,乗用車,乗用車,35～44歳,35～44歳,損傷なし,負傷,対象外当事者,対象外当事者,50㎞／ｈ以下,50㎞／ｈ以下,小破,小破,その他,その他,34.3028781,135.5608383
2023,和歌山,かつらぎ町,102,0012,負傷,0,2,2023/05/21 10:25,2023,5,21,10,25,日,その他,昼－昼,晴,非市街地,舗装－乾燥,一般交通の場所,施設なし,一般交通の場所,一般交通の場所,その他,規制なし,一般交通の場所,区分なし,車両相互,乗用車－普通車,乗用車－普通車,自家用,自家用,乗用車,乗用車,75歳以上,0～24歳,損傷なし,負傷,対象外当事者,対象外当事者,指定の速度規制なし等,指定の速度規制なし等,小破,小破,その他,その他,34.2919447,135.4877581