対象年,都道府県,市区町村,警察署等コード,本票番号,事故内容,死者数,負傷者数,発生日時,発生年,発生月,発生日,発生時,発生分,曜日,祝日,昼夜,天候,地形,路面状態,道路形状,信号機,車道幅員,道路線形,衝突地点,ゾーン規制,中央分離帯施設等,歩車道区分,事故類型,当事者A 種別,当事者B 種別,当事者A 用途,当事者B 用途,当事者A 車両形状,当事者B 車両形状,当事者A 年齢,当事者B 年齢,当事者A 人身損傷程度,当事者B 人身損傷程度,当事者A 一時停止規制標識,当事者B 一時停止規制標識,当事者A 速度規制,当事者B 速度規制,当事者A 車両損壊程度,当事者B 車両損壊程度,当事者A エアバッグ,当事者B エアバッグ,緯度,経度
2023,和歌山,和歌山市,114,0072,負傷,0,1,2023/07/22 14:04,2023,7,22,14,4,土,その他,昼－昼,晴,市街地－人口集中,舗装－乾燥,単路－その他,施設なし,単路－3.5m以上,直線－平坦,単路（交差点付近を含む）,規制なし,中央分離なし,区分あり－縁石・ブロック等,車両相互,乗用車－普通車,乗用車－軽自動車,自家用,自家用,乗用車,乗用車,35～44歳,35～44歳,負傷,損傷なし,対象外当事者,対象外当事者,40㎞／ｈ以下,40㎞／ｈ以下,小破,小破,その他,その他,34.25903,135.1739589
2023,和歌山,和歌山市,114,0073,負傷,0,1,2023/06/17 16:50,2023,6,17,16,50,土,その他,昼－昼,晴,市街地－人口集中,舗装－乾燥,交差点－その他,施設なし,交差点－中（5.5m以上）－中,直線－平坦,交差点内,規制なし,中央分離なし,区分なし,車両相互,乗用車－軽自動車,軽車両－自転車,自家用,自転車,乗用車,対象外当事者,35～44歳,0～24歳,損傷なし,負傷,規制なし,規制なし,指定の速度規制なし等,対象外当事者,小破,小破,その他,対象外当事者,34.2599008,135.1189044
2023,和歌山,和歌山市,114,0074,負傷,0,1,2023/07/19 10:30,2023,7,19,10,30,水,その他,昼－昼,晴,市街地－その他,舗装－乾燥,一般交通の場所,施設なし,一般交通の場所,一般交通の場所,その他,規制なし,一般交通の場所,区分なし,車両相互,乗用車－普通車,二輪車－一般原付自転車,自家用,自家用,乗用車,対象外当事者,25～34歳,0～24歳,損傷なし,負傷,対象外当事者,対象外当事者,指定の速度規制なし等,指定の速度規制なし等,小破,小破,その他,対象外当事者,34.2558144,135.1388478
2023,和歌山,印南町,059,0024,負傷,0,2,2023/07/21 14:20,2023,7,21,14,20,金,その他,昼－昼,晴,非市街地,舗装－乾燥,単路－その他,施設なし,単路－5.5m以上,直線－平坦,単路（交差点付近を含む）,規制なし,中央線－ポストコーン,区分あり－路側帯,車両相互,貨物車－準中型車,乗用車－普通車,自家用,自家用,貨物車,乗用車,55～64歳,45～54歳,損傷なし,負傷,対象外当事者,対象外当事者,70㎞／ｈ以下,70㎞／ｈ以下,損壊なし,小破,その他,その他,33.8065667,135.2492308
2023,和歌山,和歌山市,059,0025,負傷,0,2,2023/07/26 17:43,2023,7,26,17,43,水,その他,昼－昼,晴,市街地－人口集中,舗装－乾燥,単路－その他,施設なし,単路－5.5m以上,直線－平坦,単路（交差点付近を含む）,規制なし,中央分離帯,区分あり－路側帯,車両相互,乗用車－普通車,乗用車－軽自動車,自家用,自家用,乗用車,乗用車,45～54歳,25～34歳,負傷,損傷なし,対象外当事者,対象外当事者,50㎞／ｈ以下,50㎞／ｈ以下,大破,中破,その他,装備あり 作動,34.2207447,135.2203447
2023,和歌山,和歌山市,059,0026,負傷,0,2,2023/07/25 16:57,2023,7,25,16,57,火,その他,昼－昼,晴,非市街地,舗装－乾燥,単路－その他,施設なし,単路－13.0m以上,直線－平坦,単路（交差点付近を含む）,規制なし,中央分離帯,区分なし,車両相互,貨物車－普通車,乗用車－軽自動車,自家用,自家用,貨物車,乗用車,25～34歳,35～44歳,損傷なし,負傷,対象外当事者,対象外当事者,50㎞／ｈ以下,50㎞／ｈ以下,小破,小破,その他,その他,34.2233703,135.2158086
2023,和歌山,和歌山市,059,0027,負傷,0,2,2023/08/17 11:20,2023,8,17,11,20,木,その他,昼－昼,雨,非市街地,舗装－湿潤,単路－その他,施設なし,単路－3.5m以上,直線－平坦,単路（交差点付近を含む）,規制なし,中央分離帯,区分なし,車両相互,乗用車－普通車,乗用車－普通車,自家用,自家用,乗用車,乗用車,25～34歳,35～44歳,損傷なし,負傷,対象外当事者,対象外当事者,30㎞／ｈ以下,30㎞／ｈ以下,小破,小破,その他,その他,34.2069556,135.2272978
2023,和歌山,印南町,059,0028,負傷,0,1,2023/08/19 13:05,2023,8,19,13,5,土,その他,昼－昼,晴,市街地－その他,舗装－乾燥,単路－その他,施設なし,単路－13.0m以上,直線－平坦,単路（交差点付近を含む）,規制なし,中央分離帯,区分あり－路側帯,車両相互,乗用車－普通車,乗用車－軽自動車,自家用,自家用,乗用車,乗用車,45～54歳,35～44歳,負傷,損傷なし,対象外当事者,対象外当事者,50㎞／ｈ以下,50㎞／ｈ以下,中破,中破,その他,装備あり 作動,33.8121344,135.2345461
2023,和歌山,橋本市,101,0018,負傷,0,2,2023/07/24 12:05,2023,7,24,12,5,月,その他,昼－昼,晴,非市街地,舗装－乾燥,単路－その他,施設なし,単路－9.0m以上,直線－平坦,単路（交差点付近を含む）,規制なし,中央線－ペイント,区分なし,車両相互,乗用車－軽自動車,貨物車－軽自動車,自家用,自家用,乗用車,貨物車,65～74歳,0～24歳,損傷なし,負傷,対象外当事者,対象外当事者,50㎞／ｈ以下,50㎞／ｈ以下,中破,小破,その他,その他,34.3104064,135.5799533
2023,和歌山,高野町,101,0019,負傷,0,1,2023/08/05 12:51,2023,8,5,12,51,土,その他,昼－昼,晴,市街地－その他,舗装－乾燥,単路－その他,施設なし,単路－5.5m以上,直線－平坦,単路（交差点付近を含む）,規制なし,中央線－ペイント,区分あり－路側帯,人対車両,乗用車－普通車,歩行者,自家用,対象外当事者,乗用車,対象外当事者,75歳以上,45～54歳,損傷なし,負傷,対象外当事者,対象外当事者,40㎞／ｈ以下,対象外当事者,小破,対象外当事者,その他,対象外当事者,34.2127417,135.5880744
2023,和歌山,高野町,101,0020,負傷,0,1,2023/07/29 15:05,2023,7,29,15,5,土,その他,昼－昼,晴,非市街地,舗装－乾燥,単路－カーブ・屈折,施設なし,単路－5.5m以上,カーブ・屈折－左－平坦,単路（交差点付近を含む）,規制なし,中央線－ペイント,区分あり－路側帯,車両相互,乗用車－普通車,二輪車－自動二輪－小型二輪－751ｃｃ以上,自家用,自家用,乗用車,対象外当事者,0～24歳,45～54歳,損傷なし,負傷,対象外当事者,対象外当事者,40㎞／ｈ以下,40㎞／ｈ以下,損壊なし,小破,その他,対象外当事者,34.1902536,135.6101778
2023,和歌山,かつらぎ町,102,0018,負傷,0,1,2023/07/28 06:44,2023,7,28,6,44,金,その他,昼－昼,晴,非市街地,舗装－乾燥,一般交通の場所,施設なし,一般交通の場所,一般交通の場所,その他,規制なし,一般交通の場所,区分なし,車両相互,貨物車－中型車,貨物車－中型車,事業用,自家用,貨物車,貨物車,25～34歳,55～64歳,損傷なし,負傷,対象外当事者,対象外当事者,指定の速度規制なし等,指定の速度規制なし等,小破,小破,その他,その他,34.284235,135.4640925
2023,和歌山,橋本市,102,0019,負傷,0,3,2023/07/26 17:20,2023,7,26,17,20,水,その他,昼－昼,晴,非市街地,舗装－乾燥,単路－その他,点灯－３灯式,単路－5.5m以上,直線－平坦,単路（交差点付近を含む）,規制なし,中央線－ペイント,区分あり－縁石・ブロック等,車両相互,乗用車－普通車,乗用車－軽自動車,自家用,自家用,乗用車,乗用車,0～24歳,45～54歳,損傷なし,負傷,対象外当事者,対象外当事者,50㎞／ｈ以下,50㎞／ｈ以下,中破,中破,その他,その他,34.3038814,135.5504822
2023,和歌山,かつらぎ町,102,0020,負傷,0,1,2023/07/15 07:20,2023,7,15,7,20,土,その他,昼－昼,曇,非市街地,舗装－乾燥,交差点－その他,施設なし,交差点－中（5.5m以上）－中,直線－上り,交差点内,規制なし,中央線－ペイント,区分あり－路側帯,車両相互,乗用車－軽自動車,二輪車－自動二輪－小型二輪－751ｃｃ以上,自家用,自家用,乗用車,対象外当事者,55～64歳,55～64歳,損傷なし,負傷,標準－反射式,規制なし,指定の速度規制なし等,指定の速度規制なし等,中破,大破,その他,対象外当事者,34.3323931,135.4817317
2023,和歌山,橋本市,102,0021,負傷,0,1,2023/07/08 09:15,2023,7,8,9,15,土,その他,昼－昼,曇,非市街地,舗装－乾燥,交差点－その他,施設なし,交差点－中（5.5m以上）－小,直線－平坦,交差点内,規制なし,中央線－ペイント,区分あり－防護柵等,車両相互,乗用車－普通車,軽車両－駆動補助機付自転車,自家用,自転車,乗用車,対象外当事者,55～64歳,75歳以上,損傷なし,負傷,規制なし,規制なし,指定の速度規制なし等,対象外当事者,小破,小破,その他,対象外当事者,34.3032236,135.5454619
2023,和歌山,かつらぎ町,102,0022,負傷,0,1,2023/08/19 11:05,2023,8,19,11,5,土,その他,昼－昼,晴,非市街地,舗装－乾燥,単路－その他,施設なし,単路－5.5m以上,直線－平坦,単路（交差点付近を含む）,規制なし,中央線－ペイント,区分あり－縁石・ブロック等,車両相互,乗用車－普通車,二輪車－自動二輪－軽二輪－126～250cc,自家用,自家用,乗用車,対象外当事者,35～44歳,0～24歳,損傷なし,負傷,対象外当事者,対象外当事者,指定の速度規制なし等,指定の速度規制なし等,小破,小破,その他,対象外当事者,34.2895633,135.4820828
2023,和歌山,橋本市,102,0023,負傷,0,2,2023/08/05 20:30,2023,8,5,20,30,土,その他,夜－夜,晴,非市街地,舗装－乾燥,交差点付近－その他,点灯－３灯式,単路－9.0m以上,直線－平坦,単路（交差点付近を含む）,規制なし,中央線－ペイント,区分あり－縁石・ブロック等,車両相互,乗用車－普通車,乗用車－軽自動車,自家用,自家用,乗用車,乗用車,25～34歳,0～24歳,負傷,損傷なし,対象外当事者,対象外当事者,50㎞／ｈ以下,50㎞／ｈ以下,小破,小破,その他,その他,34.3026747,135.5551353
2023,和歌山,かつらぎ町,102,0024,負傷,0,1,2023/08/20 22:07,2023,8,20,22,7,日,その他,夜－夜,晴,非市街地,舗装－乾燥,交差点－その他,点滅－３灯式,交差点－中（5.5m以上）－中,直線－平坦,交差点内,規制なし,中央線－ペイント,区分あり－縁石・ブロック等,車両相互,乗用車－普通車,軽車両－自転車,自家用,自転車,乗用車,対象外当事者,45～54歳,0～24歳,損傷なし,負傷,規制なし,規制なし,50㎞／ｈ以下,対象外当事者,小破,小破,その他,対象外当事者,34.2862636,135.4828128
2023,和歌山,橋本市,102,0025,負傷,0,1,2023/08/09 12:51,2023,8,9,12,51,水,その他,昼－昼,曇,市街地－その他,舗装－乾燥,交差点－その他,点灯－３灯式,交差点－中（5.5m以上）－小,直線－平坦,交差点内,規制なし,中央分離なし,区分あり－路側帯,車両相互,乗用車－軽自動車,乗用車－軽自動車,自家用,自家用,乗用車,乗用車,65～74歳,0～24歳,損傷なし,負傷,規制なし,規制なし,50㎞／ｈ以下,指定の速度規制なし等,小破,小破,その他,その他,34.3026717,135.5578194
2023,和歌山,紀の川市,103,0116,負傷,0,1,2023/08/01 07:55,2023,8,1,7,55,火,その他,昼－昼,晴,非市街地,舗装－乾燥,単路－その他,施設なし,単路－5.5m以上,直線－平坦,単路（交差点付近を含む）,規制なし,中央線－ペイント,区分あり－路側帯,車両相互,乗用車－普通車,乗用車－軽自動車,自家用,自家用,乗用車,乗用車,25～34歳,0～24歳,負傷,損傷なし,対象外当事者,対象外当事者,50㎞／ｈ以下,50㎞／ｈ以下,小破,小破,その他,その他,34.253675,135.3395636
2023,和歌山,岩出市,103,0117,負傷,0,2,2023/07/29 13:05,2023,7,29,13,5,土,その他,昼－昼,晴,非市街地,舗装－乾燥,単路－その他,施設なし,単路－5.5m以上,直線－下り,単路（交差点付近を含む）,規制なし,中央線－ペイント,区分あり－縁石・ブロック等,車両相互,乗用車－普通車,乗用車－普通車,自家用,自家用,乗用車,乗用車,65～74歳,25～34歳,損傷なし,負傷,対象外当事者,対象外当事者,指定の速度規制なし等,50㎞／ｈ以下,損壊なし,損壊なし,その他,その他,34.2644683,135.2851917
2023,和歌山,紀の川市,103,0118,負傷,0,1,2023/07/29 16:40,2023,7,29,16,40,土,その他,昼－昼,晴,非市街地,舗装－乾燥,一般交通の場所,施設なし,一般交通の場所,一般交通の場所,その他,規制なし,一般交通の場所,区分なし,人対車両,乗用車－普通車,歩行者,自家用,対象外当事者,乗用車,対象外当事者,65～74歳,65～74歳,損傷なし,負傷,対象外当事者,対象外当事者,指定の速度規制なし等,対象外当事者,小破,対象外当事者,その他,対象外当事者,34.2680008,135.4054956
2023,和歌山,岩出市,103,0119,負傷,0,1,2023/06/16 14:43,2023,6,16,14,43,金,その他,昼－昼,晴,非市街地,舗装－乾燥,交差点－その他,施設なし,交差点－小（5.5m未満）－小,直線－平坦,交差点内,規制なし,中央分離なし,区分あり－路側帯,人対車両,乗用車－軽自動車,歩行者,自家用,対象外当事者,乗用車,対象外当事者,55～64歳,0～24歳,損傷なし,負傷,規制なし,対象外当事者,40㎞／ｈ以下,対象外当事者,中破,対象外当事者,装備あり 作動,対象外当事者,34.2665914,135.2926244
2023,和歌山,紀の川市,103,0120,負傷,0,1,2023/07/01 13:50,2023,7,1,13,50,土,その他,昼－昼,雨,非市街地,舗装－湿潤,交差点付近－その他,施設なし,単路－3.5m以上,直線－上り,単路（交差点付近を含む）,規制なし,中央分離なし,区分なし,車両相互,乗用車－普通車,乗用車－軽自動車,自家用,自家用,乗用車,乗用車,0～24歳,35～44歳,損傷なし,負傷,対象外当事者,対象外当事者,指定の速度規制なし等,指定の速度規制なし等,小破,小破,その他,その他,34.2693064,135.4133506
2023,和歌山,岩出市,103,0121,負傷,0,1,2023/08/05 14:10,2023,8,5,14,10,土,その他,昼－昼,晴,非市街地,舗装－乾燥,交差点－その他,施設なし,交差点－中（5.5m以上）－小,直線－平坦,交差点内,規制なし,中央線－ペイント,区分あり－路側帯,車両相互,乗用車－普通車,二輪車－自動二輪－原付二種－51～125cc,自家用,自家用,乗用車,対象外当事者,45～54歳,0～24歳,損傷なし,負傷,標準－反射式,規制なし,指定の速度規制なし等,50㎞／ｈ以下,小破,小破,その他,対象外当事者,34.2766578,135.3323881
2023,和歌山,紀の川市,103,0122,負傷,0,1,2023/07/31 16:40,2023,7,31,16,40,月,その他,昼－昼,曇,非市街地,舗装－乾燥,単路－その他,施設なし,単路－3.5m以上,直線－下り,単路（交差点付近を含む）,規制なし,中央分離なし,区分なし,車両相互,乗用車－普通車,二輪車－自動二輪－原付二種－51～125cc,自家用,自家用,乗用車,対象外当事者,75歳以上,25～34歳,損傷なし,負傷,対象外当事者,対象外当事者,指定の速度規制なし等,指定の速度規制なし等,小破,小破,その他,対象外当事者,34.2344125,135.3367108
2023,和歌山,紀の川市,103,0123,負傷,0,2,2023/06/15 18:05,2023,6,15,18,5,木,その他,昼－昼,晴,非市街地,舗装－乾燥,単路－その他,施設なし,単路－5.5m以上,直線－平坦,単路（交差点付近を含む）,規制なし,中央線－ペイント,区分あり－縁石・ブロック等,車両相互,乗用車－軽自動車,貨物車－軽自動車,自家用,自家用,乗用車,貨物車,65～74歳,55～64歳,負傷,損傷なし,対象外当事者,対象外当事者,50㎞／ｈ以下,50㎞／ｈ以下,中破,中破,その他,その他,34.2680172,135.3959842
2023,和歌山,紀の川市,103,0124,負傷,0,2,2023/08/12 02:55,2023,8,12,2,55,土,その他,夜－夜,晴,非市街地,舗装－乾燥,単路－カーブ・屈折,施設なし,単路－5.5m以上,カーブ・屈折－右－下り,単路（交差点付近を含む）,規制なし,中央線－ペイント,区分あり－路側帯,車両相互,乗用車－軽自動車,貨物車－軽自動車,自家用,自家用,乗用車,貨物車,0～24歳,0～24歳,損傷なし,負傷,対象外当事者,対象外当事者,指定の速度規制なし等,指定の速度規制なし等,小破,小破,その他,その他,34.2426958,135.3768056
2023,和歌山,岩出市,103,0125,負傷,0,2,2023/08/10 16:50,2023,8,10,16,50,木,前日,昼－昼,晴,非市街地,舗装－乾燥,交差点付近－その他,点灯－３灯式,単路－5.5m以上,直線－平坦,単路（交差点付近を含む）,規制なし,中央線－ペイント,区分あり－縁石・ブロック等,車両相互,乗用車－普通車,乗用車－普通車,自家用,自家用,乗用車,乗用車,0～24歳,35～44歳,損傷なし,負傷,対象外当事者,対象外当事者,50㎞／ｈ以下,50㎞／ｈ以下,小破,小破,その他,その他,34.2762844,135.3237789
2023,和歌山,岩出市,103,0126,負傷,0,2,2023/08/04 13:26,2023,8,4,13,26,金,その他,昼－昼,晴,非市街地,舗装－乾燥,交差点付近－その他,点灯－３灯式,単路－5.5m以上,直線－上り,単路（交差点付近を含む）,規制なし,中央線－ペイント,区分あり－路側帯,車両相互,乗用車－軽自動車,乗用車－軽自動車,自家用,自家用,乗用車,乗用車,75歳以上,75歳以上,損傷なし,負傷,対象外当事者,対象外当事者,50㎞／ｈ以下,指定の速度規制なし等,中破,中破,その他,その他,34.2731303,135.3151919
2023,和歌山,岩出市,103,0127,死亡,1,0,2023/08/27 09:21,2023,8,27,9,21,日,その他,昼－昼,晴,市街地－その他,舗装－乾燥,交差点－その他,点灯－３灯式,交差点－大（13.0ｍ以上）－大,直線－平坦,交差点内,規制なし,中央分離なし,区分あり－縁石・ブロック等,車両相互,乗用車－普通車,軽車両－自転車,自家用,自転車,乗用車,対象外当事者,35～44歳,55～64歳,損傷なし,死亡,規制なし,規制なし,指定の速度規制なし等,対象外当事者,中破,中破,その他,対象外当事者,34.2602564,135.3129625
2023,和歌山,岩出市,103,0128,負傷,0,1,2023/08/08 17:57,2023,8,8,17,57,火,その他,昼－暮,晴,非市街地,舗装－乾燥,単路－その他,施設なし,単路－3.5m未満,直線－下り,単路（交差点付近を含む）,規制なし,中央分離なし,区分なし,車両相互,乗用車－軽自動車,二輪車－自動二輪－原付二種－51～125cc,自家用,自家用,乗用車,対象外当事者,75歳以上,0～24歳,損傷なし,負傷,対象外当事者,対象外当事者,指定の速度規制なし等,指定の速度規制なし等,小破,小破,その他,対象外当事者,34.2671544,135.2887794
2023,和歌山,和歌山市,104,0196,負傷,0,2,2023/07/31 15:20,2023,7,31,15,20,月,その他,昼－昼,晴,市街地－人口集中,舗装－乾燥,交差点付近－その他,点灯－３灯式,単路－5.5m以上,直線－平坦,単路（交差点付近を含む）,規制なし,中央分離帯,区分あり－縁石・ブロック等,車両相互,貨物車－軽自動車,貨物車－軽自動車,自家用,自家用,貨物車,貨物車,0～24歳,45～54歳,損傷なし,負傷,対象外当事者,対象外当事者,50㎞／ｈ以下,50㎞／ｈ以下,中破,中破,その他,その他,34.1998031,135.1850481
2023,和歌山,和歌山市,104,0197,負傷,0,1,2023/07/28 14:30,2023,7,28,14,30,金,その他,昼－昼,晴,市街地－人口集中,舗装－乾燥,交差点付近－その他,点灯－３灯式,単路－13.0m以上,直線－上り,単路（交差点付近を含む）,規制なし,中央線－ポストコーン,区分あり－路側帯,車両相互,乗用車－普通車,貨物車－軽自動車,自家用,自家用,乗用車,貨物車,25～34歳,0～24歳,負傷,損傷なし,対象外当事者,対象外当事者,50㎞／ｈ以下,50㎞／ｈ以下,小破,小破,その他,その他,34.2009028,135.18578
2023,和歌山,和歌山市,104,0198,負傷,0,1,2023/07/23 16:05,2023,7,23,16,5,日,その他,昼－昼,晴,市街地－その他,舗装－乾燥,単路－その他,施設なし,単路－5.5m以上,直線－平坦,単路（交差点付近を含む）,規制なし,中央分離なし,区分あり－路側帯,車両相互,貨物車－中型車,乗用車－普通車,事業用,自家用,貨物車,乗用車,55～64歳,45～54歳,損傷なし,負傷,対象外当事者,対象外当事者,指定の速度規制なし等,指定の速度規制なし等,小破,小破,その他,その他,34.2442442,135.2177189
2023,和歌山,和歌山市,104,0199,負傷,0,1,2023/08/07 12:30,2023,8,7,12,30,月,その他,昼－昼,曇,市街地－人口集中,舗装－乾燥,交差点－その他,点灯－３灯式,交差点－中（5.5m以上）－小,直線－平坦,交差点内,規制なし,中央線－ペイント,区分あり－路側帯,車両相互,乗用車－普通車,貨物車－軽自動車,自家用,自家用,乗用車,貨物車,55～64歳,45～54歳,損傷なし,損傷なし,規制なし,規制なし,40㎞／ｈ以下,40㎞／ｈ以下,中破,小破,その他,その他,34.2296006,135.1933853
2023,和歌山,和歌山市,104,0200,負傷,0,1,2023/07/28 09:10,2023,7,28,9,10,金,その他,昼－昼,晴,市街地－その他,舗装－乾燥,単路－その他,施設なし,単路－5.5m以上,直線－平坦,その他,規制なし,中央分離なし,区分あり－路側帯,車両相互,乗用車－普通車,軽車両－自転車,自家用,自転車,乗用車,対象外当事者,55～64歳,35～44歳,損傷なし,負傷,対象外当事者,対象外当事者,30㎞／ｈ以下,対象外当事者,損壊なし,損壊なし,その他,対象外当事者,34.2552481,135.2364703
2023,和歌山,和歌山市,104,0201,負傷,0,1,2023/08/05 17:40,2023,8,5,17,40,土,その他,昼－昼,晴,市街地－人口集中,舗装－乾燥,単路－その他,施設なし,単路－5.5m以上,直線－平坦,単路（交差点付近を含む）,規制なし,中央線－ペイント,区分あり－縁石・ブロック等,車両相互,乗用車－普通車,乗用車－軽自動車,自家用,自家用,乗用車,乗用車,55～64歳,75歳以上,負傷,損傷なし,対象外当事者,対象外当事者,50㎞／ｈ以下,50㎞／ｈ以下,小破,小破,その他,その他,34.2448958,135.2079375
2023,和歌山,和歌山市,104,0202,負傷,0,1,2023/07/31 10:45,2023,7,31,10,45,月,その他,昼－昼,晴,市街地－人口集中,舗装－乾燥,交差点付近－その他,点灯－３灯式,単路－13.0m以上,直線－平坦,単路（交差点付近を含む）,規制なし,中央分離帯,区分あり－縁石・ブロック等,車両相互,乗用車－普通車,貨物車－普通車,自家用,自家用,乗用車,貨物車,55～64歳,45～54歳,負傷,損傷なし,対象外当事者,対象外当事者,50㎞／ｈ以下,50㎞／ｈ以下,小破,小破,その他,その他,34.2300522,135.2084147
2023,和歌山,和歌山市,104,0203,負傷,0,1,2023/06/27 15:10,2023,6,27,15,10,火,その他,昼－昼,晴,市街地－その他,舗装－乾燥,交差点－その他,施設なし,交差点－小（5.5m未満）－小,直線－平坦,交差点内,規制なし,中央分離なし,区分あり－路側帯,車両相互,乗用車－軽自動車,二輪車－自動二輪－軽二輪－126～250cc,自家用,自家用,乗用車,対象外当事者,65～74歳,0～24歳,損傷なし,負傷,標準－反射式,規制なし,指定の速度規制なし等,30㎞／ｈ以下,小破,小破,その他,対象外当事者,34.2369986,135.2450047
2023,和歌山,和歌山市,104,0204,負傷,0,1,2023/08/09 17:30,2023,8,9,17,30,水,その他,昼－昼,晴,市街地－その他,舗装－乾燥,交差点－その他,施設なし,交差点－大（13.0ｍ以上）－小,直線－平坦,交差点内,規制なし,中央線－ポストコーン,区分あり－縁石・ブロック等,車両相互,乗用車－軽自動車,乗用車－軽自動車,自家用,自家用,乗用車,乗用車,55～64歳,25～34歳,損傷なし,負傷,規制なし,規制なし,指定の速度規制なし等,40㎞／ｈ以下,小破,小破,その他,その他,34.2424722,135.1855861
2023,和歌山,和歌山市,104,0205,負傷,0,3,2023/07/20 12:22,2023,7,20,12,22,木,その他,昼－昼,晴,市街地－人口集中,舗装－乾燥,交差点付近－その他,点灯－３灯式,単路－13.0m以上,直線－平坦,単路（交差点付近を含む）,規制なし,中央分離帯,区分あり－縁石・ブロック等,車両相互,乗用車－普通車,貨物車－軽自動車,自家用,自家用,乗用車,貨物車,75歳以上,75歳以上,負傷,負傷,対象外当事者,対象外当事者,指定の速度規制なし等,指定の速度規制なし等,小破,中破,装備あり 作動,その他,34.2274975,135.1897967
2023,和歌山,和歌山市,104,0206,負傷,0,2,2023/08/13 11:10,2023,8,13,11,10,日,その他,昼－昼,晴,市街地－人口集中,舗装－乾燥,交差点－その他,施設なし,交差点－中（5.5m以上）－小,直線－平坦,交差点内,規制なし,中央線－ペイント,区分あり－縁石・ブロック等,車両相互,乗用車－普通車,乗用車－軽自動車,自家用,自家用,乗用車,乗用車,65～74歳,55～64歳,損傷なし,負傷,規制なし,規制なし,指定の速度規制なし等,指定の速度規制なし等,小破,小破,その他,その他,34.2288953,135.1969986
2023,和歌山,和歌山市,104,0207,負傷,0,1,2023/08/16 07:40,2023,8,16,7,40,水,その他,昼－昼,晴,市街地－その他,舗装－乾燥,単路－橋,施設なし,単路－5.5m以上,直線－平坦,単路（交差点付近を含む）,規制なし,中央線－ペイント,区分あり－防護柵等,車両相互,乗用車－軽自動車,乗用車－軽自動車,自家用,自家用,乗用車,乗用車,65～74歳,35～44歳,損傷なし,負傷,対象外当事者,対象外当事者,指定の速度規制なし等,指定の速度規制なし等,小破,小破,その他,その他,34.2474114,135.2583219
2023,和歌山,和歌山市,104,0208,負傷,0,1,2023/08/06 15:50,2023,8,6,15,50,日,その他,昼－昼,晴,市街地－人口集中,舗装－乾燥,交差点－その他,点灯－３灯式,交差点－小（5.5m未満）－小,直線－平坦,交差点内,規制なし,中央分離なし,区分なし,車両相互,乗用車－軽自動車,二輪車－自動二輪－軽二輪－126～250cc,自家用,自家用,乗用車,対象外当事者,45～54歳,25～34歳,損傷なし,負傷,規制なし,規制なし,30㎞／ｈ以下,30㎞／ｈ以下,小破,小破,その他,対象外当事者,34.2259781,135.1933125
2023,和歌山,和歌山市,104,0209,負傷,0,1,2023/08/02 07:50,2023,8,2,7,50,水,その他,昼－昼,晴,市街地－人口集中,舗装－乾燥,交差点－その他,施設なし,交差点－中（5.5m以上）－小,直線－平坦,交差点内,規制なし,中央分離なし,区分なし,車両相互,乗用車－普通車,貨物車－軽自動車,自家用,自家用,乗用車,貨物車,0～24歳,35～44歳,損傷なし,負傷,規制なし,規制なし,30㎞／ｈ以下,30㎞／ｈ以下,小破,小破,その他,その他,34.2337372,135.2087375
2023,和歌山,和歌山市,104,0210,負傷,0,1,2023/08/04 11:45,2023,8,4,11,45,金,その他,昼－昼,晴,市街地－人口集中,舗装－乾燥,交差点－その他,施設なし,交差点－中（5.5m以上）－中,直線－平坦,交差点内,規制なし,中央線－ペイント,区分あり－路側帯,車両相互,乗用車－普通車,軽車両－自転車,自家用,自転車,乗用車,対象外当事者,65～74歳,65～74歳,損傷なし,負傷,標準－反射式,規制なし,指定の速度規制なし等,対象外当事者,小破,小破,その他,対象外当事者,34.2287333,135.1855553
2023,和歌山,和歌山市,104,0211,負傷,0,1,2023/08/10 16:25,2023,8,10,16,25,木,前日,昼－昼,晴,市街地－人口集中,舗装－乾燥,交差点付近－その他,点灯－３灯式,単路－3.5m以上,直線－平坦,単路（交差点付近を含む）,規制なし,中央分離なし,区分あり－路側帯,車両相互,乗用車－普通車,乗用車－普通車,自家用,自家用,乗用車,乗用車,65～74歳,35～44歳,損傷なし,負傷,対象外当事者,対象外当事者,指定の速度規制なし等,指定の速度規制なし等,小破,小破,その他,その他,34.2358361,135.1870536
2023,和歌山,和歌山市,104,0212,負傷,0,1,2023/07/23 01:09,2023,7,23,1,9,日,その他,夜－夜,晴,市街地－その他,舗装－乾燥,単路－その他,施設なし,単路－13.0m以上,直線－平坦,単路（交差点付近を含む）,規制なし,中央分離帯,区分あり－縁石・ブロック等,車両単独,二輪車－一般原付自転車,物件等,自家用,対象外当事者,対象外当事者,対象外当事者,0～24歳,不明,負傷,対象外当事者,対象外当事者,対象外当事者,指定の速度規制なし等,対象外当事者,小破,対象外当事者,対象外当事者,対象外当事者,34.2622864,135.1965128