対象年,都道府県,市区町村,警察署等コード,本票番号,事故内容,死者数,負傷者数,発生日時,発生年,発生月,発生日,発生時,発生分,曜日,祝日,昼夜,天候,地形,路面状態,道路形状,信号機,車道幅員,道路線形,衝突地点,ゾーン規制,中央分離帯施設等,歩車道区分,事故類型,当事者A 種別,当事者B 種別,当事者A 用途,当事者B 用途,当事者A 車両形状,当事者B 車両形状,当事者A 年齢,当事者B 年齢,当事者A 人身損傷程度,当事者B 人身損傷程度,当事者A 一時停止規制標識,当事者B 一時停止規制標識,当事者A 速度規制,当事者B 速度規制,当事者A 車両損壊程度,当事者B 車両損壊程度,当事者A エアバッグ,当事者B エアバッグ,緯度,経度
2023,和歌山,和歌山市,105,0141,負傷,0,1,2023/10/11 14:12,2023,10,11,14,12,水,その他,昼－昼,晴,市街地－人口集中,舗装－乾燥,交差点－その他,施設なし,交差点－中（5.5m以上）－中,直線－平坦,交差点内,ゾーン30,中央分離なし,区分あり－路側帯,車両相互,乗用車－普通車,軽車両－自転車,自家用,自転車,乗用車,対象外当事者,65～74歳,0～24歳,損傷なし,負傷,規制なし,標準－反射式,30㎞／ｈ以下,対象外当事者,小破,小破,その他,対象外当事者,34.2164603,135.1732692
2023,和歌山,和歌山市,105,0142,負傷,0,1,2023/11/02 15:01,2023,11,2,15,1,木,前日,昼－昼,晴,市街地－人口集中,舗装－乾燥,単路－その他,施設なし,単路－19.5m以上,直線－平坦,単路（交差点付近を含む）,規制なし,中央線－ペイント,区分あり－縁石・ブロック等,車両相互,乗用車－普通車,軽車両－自転車,自家用,自転車,乗用車,対象外当事者,75歳以上,25～34歳,損傷なし,負傷,対象外当事者,対象外当事者,指定の速度規制なし等,対象外当事者,小破,小破,その他,対象外当事者,34.2148122,135.1696833
2023,和歌山,和歌山市,105,0143,負傷,0,1,2023/10/22 11:45,2023,10,22,11,45,日,その他,昼－昼,晴,市街地－人口集中,舗装－乾燥,交差点－その他,点灯－３灯式,交差点－中（5.5m以上）－中,直線－平坦,交差点内,規制なし,中央分離なし,区分あり－縁石・ブロック等,人対車両,乗用車－普通車,歩行者,自家用,対象外当事者,乗用車,対象外当事者,0～24歳,0～24歳,損傷なし,負傷,規制なし,対象外当事者,50㎞／ｈ以下,対象外当事者,小破,対象外当事者,その他,対象外当事者,34.2261922,135.1744703
2023,和歌山,和歌山市,105,0144,負傷,0,1,2023/11/03 16:45,2023,11,3,16,45,金,当日,昼－暮,晴,市街地－人口集中,舗装－乾燥,交差点付近－その他,点灯－３灯式,単路－9.0m以上,直線－平坦,単路（交差点付近を含む）,規制なし,中央線－ペイント,区分あり－防護柵等,車両相互,貨物車－普通車,乗用車－軽自動車,自家用,自家用,貨物車,乗用車,0～24歳,0～24歳,負傷,損傷なし,対象外当事者,対象外当事者,50㎞／ｈ以下,50㎞／ｈ以下,小破,小破,その他,その他,34.1872681,135.1801222
2023,和歌山,和歌山市,105,0145,負傷,0,1,2023/11/02 18:23,2023,11,2,18,23,木,前日,夜－夜,晴,市街地－人口集中,舗装－乾燥,交差点－その他,点灯－３灯式,交差点－大（13.0ｍ以上）－小,直線－平坦,交差点内,規制なし,中央分離なし,区分あり－縁石・ブロック等,車両相互,乗用車－普通車,乗用車－軽自動車,事業用,自家用,乗用車,乗用車,65～74歳,55～64歳,損傷なし,負傷,規制なし,規制なし,50㎞／ｈ以下,50㎞／ｈ以下,小破,小破,その他,その他,34.2093122,135.1707186
2023,和歌山,和歌山市,105,0146,負傷,0,2,2023/10/31 07:45,2023,10,31,7,45,火,その他,昼－昼,晴,市街地－人口集中,舗装－乾燥,交差点－その他,点灯－３灯式,交差点－大（13.0ｍ以上）－中,直線－平坦,交差点内,規制なし,中央分離なし,区分あり－縁石・ブロック等,車両相互,乗用車－普通車,二輪車－一般原付自転車,自家用,自家用,乗用車,対象外当事者,35～44歳,45～54歳,負傷,負傷,規制なし,規制なし,50㎞／ｈ以下,指定の速度規制なし等,小破,小破,その他,対象外当事者,34.2329903,135.1769728
2023,和歌山,和歌山市,105,0147,負傷,0,1,2023/11/09 19:38,2023,11,9,19,38,木,その他,夜－夜,晴,市街地－人口集中,舗装－乾燥,交差点付近－その他,施設なし,単路－13.0m以上,直線－平坦,単路（交差点付近を含む）,規制なし,中央線－ペイント,区分あり－縁石・ブロック等,車両相互,乗用車－普通車,乗用車－軽自動車,自家用,自家用,乗用車,乗用車,35～44歳,25～34歳,損傷なし,負傷,対象外当事者,対象外当事者,40㎞／ｈ以下,40㎞／ｈ以下,大破,大破,装備あり 作動,装備あり 作動,34.2357042,135.1733619
2023,和歌山,和歌山市,105,0148,負傷,0,1,2023/10/26 17:50,2023,10,26,17,50,木,その他,夜－暮,晴,市街地－人口集中,舗装－乾燥,交差点付近－その他,施設なし,単路－9.0m以上,直線－平坦,単路（交差点付近を含む）,規制なし,中央線－ペイント,区分あり－縁石・ブロック等,車両相互,乗用車－軽自動車,貨物車－軽自動車,自家用,自家用,乗用車,貨物車,75歳以上,65～74歳,損傷なし,負傷,対象外当事者,対象外当事者,50㎞／ｈ以下,50㎞／ｈ以下,小破,小破,その他,その他,34.2118597,135.1773183
2023,和歌山,和歌山市,105,0149,負傷,0,1,2023/11/11 15:45,2023,11,11,15,45,土,その他,昼－昼,曇,市街地－その他,舗装－乾燥,単路－その他,施設なし,単路－3.5m以上,直線－上り,単路（交差点付近を含む）,規制なし,中央線－ペイント,区分あり－縁石・ブロック等,車両相互,乗用車－普通車,軽車両－自転車,自家用,自転車,乗用車,対象外当事者,45～54歳,45～54歳,損傷なし,負傷,対象外当事者,対象外当事者,30㎞／ｈ以下,対象外当事者,小破,小破,その他,対象外当事者,34.1880639,135.1611678
2023,和歌山,和歌山市,105,0150,負傷,0,1,2023/10/04 15:10,2023,10,4,15,10,水,その他,昼－昼,晴,市街地－人口集中,舗装－乾燥,交差点－その他,点灯－３灯式,交差点－大（13.0ｍ以上）－大,直線－平坦,交差点内,規制なし,中央分離なし,区分あり－縁石・ブロック等,車両相互,貨物車－大型車,軽車両－自転車,事業用,自転車,貨物車,対象外当事者,55～64歳,0～24歳,損傷なし,負傷,規制なし,規制なし,50㎞／ｈ以下,対象外当事者,小破,大破,その他,対象外当事者,34.2382911,135.1770781
2023,和歌山,和歌山市,105,0151,負傷,0,1,2023/11/10 07:12,2023,11,10,7,12,金,その他,昼－明,雨,市街地－人口集中,舗装－湿潤,交差点－その他,点灯－３灯式,交差点－大（13.0ｍ以上）－大,直線－平坦,交差点内,規制なし,中央分離なし,区分あり－縁石・ブロック等,車両相互,乗用車－普通車,貨物車－普通車,自家用,自家用,乗用車,貨物車,45～54歳,35～44歳,負傷,損傷なし,規制なし,規制なし,50㎞／ｈ以下,50㎞／ｈ以下,小破,小破,その他,その他,34.2008183,135.1781669
2023,和歌山,和歌山市,105,0152,負傷,0,1,2023/11/04 08:10,2023,11,4,8,10,土,その他,昼－昼,晴,市街地－人口集中,舗装－乾燥,交差点－その他,施設なし,交差点－小（5.5m未満）－小,直線－平坦,交差点内,規制なし,中央分離なし,区分あり－路側帯,車両相互,乗用車－普通車,軽車両－自転車,自家用,自転車,乗用車,対象外当事者,35～44歳,35～44歳,損傷なし,負傷,規制なし,標準－反射式,指定の速度規制なし等,対象外当事者,小破,小破,その他,対象外当事者,34.22657,135.1598753
2023,和歌山,和歌山市,105,0153,負傷,0,1,2023/11/13 13:10,2023,11,13,13,10,月,その他,昼－昼,曇,市街地－人口集中,舗装－湿潤,交差点付近－その他,点灯－３灯式,単路－13.0m以上,直線－平坦,単路（交差点付近を含む）,規制なし,中央線－ペイント,区分あり－縁石・ブロック等,車両相互,乗用車－普通車,乗用車－軽自動車,自家用,自家用,乗用車,乗用車,35～44歳,65～74歳,負傷,損傷なし,対象外当事者,対象外当事者,50㎞／ｈ以下,50㎞／ｈ以下,小破,小破,その他,その他,34.2009811,135.1782556
2023,和歌山,和歌山市,105,0154,負傷,0,1,2023/11/15 10:20,2023,11,15,10,20,水,その他,昼－昼,曇,市街地－人口集中,舗装－乾燥,交差点－その他,施設なし,交差点－中（5.5m以上）－中,直線－平坦,交差点内,規制なし,中央分離なし,区分あり－縁石・ブロック等,車両相互,乗用車－軽自動車,軽車両－自転車,自家用,自転車,乗用車,対象外当事者,75歳以上,55～64歳,損傷なし,負傷,規制なし,規制なし,40㎞／ｈ以下,対象外当事者,小破,小破,その他,対象外当事者,34.2260864,135.1646531
2023,和歌山,和歌山市,105,0155,負傷,0,1,2023/11/08 21:42,2023,11,8,21,42,水,その他,夜－夜,晴,市街地－人口集中,舗装－乾燥,交差点付近－その他,点灯－３灯式,単路－5.5m以上,直線－平坦,単路（交差点付近を含む）,規制なし,中央線－ペイント,区分あり－縁石・ブロック等,車両相互,乗用車－普通車,二輪車－一般原付自転車,自家用,自家用,乗用車,対象外当事者,45～54歳,0～24歳,損傷なし,負傷,対象外当事者,対象外当事者,40㎞／ｈ以下,指定の速度規制なし等,小破,小破,その他,対象外当事者,34.1985225,135.1589742
2023,和歌山,和歌山市,105,0156,負傷,0,1,2023/11/27 10:45,2023,11,27,10,45,月,その他,昼－昼,曇,市街地－人口集中,舗装－乾燥,一般交通の場所,施設なし,一般交通の場所,一般交通の場所,その他,規制なし,一般交通の場所,区分なし,車両相互,乗用車－普通車,乗用車－普通車,自家用,自家用,乗用車,乗用車,75歳以上,25～34歳,損傷なし,負傷,対象外当事者,対象外当事者,指定の速度規制なし等,指定の速度規制なし等,小破,小破,その他,その他,34.2201822,135.1689436
2023,和歌山,海南市,106,0065,負傷,0,1,2023/10/25 15:40,2023,10,25,15,40,水,その他,昼－昼,晴,市街地－人口集中,舗装－乾燥,単路－その他,施設なし,単路－13.0m以上,直線－平坦,単路（交差点付近を含む）,規制なし,中央線－ペイント,区分あり－縁石・ブロック等,車両相互,乗用車－普通車,乗用車－軽自動車,自家用,自家用,乗用車,乗用車,45～54歳,75歳以上,負傷,損傷なし,対象外当事者,対象外当事者,50㎞／ｈ以下,50㎞／ｈ以下,小破,小破,その他,その他,34.15281,135.2162806
2023,和歌山,海南市,106,0066,負傷,0,2,2023/09/19 15:15,2023,9,19,15,15,火,その他,昼－昼,晴,非市街地,舗装－乾燥,交差点－その他,点灯－３灯式,交差点－大（13.0ｍ以上）－中,直線－平坦,交差点内,規制なし,中央分離なし,区分あり－防護柵等,車両相互,二輪車－自動二輪－小型二輪－751ｃｃ以上,軽車両－自転車,自家用,自転車,対象外当事者,対象外当事者,45～54歳,75歳以上,負傷,負傷,規制なし,規制なし,指定の速度規制なし等,対象外当事者,中破,大破,対象外当事者,対象外当事者,34.1581864,135.2674872
2023,和歌山,海南市,106,0067,負傷,0,1,2023/10/06 17:50,2023,10,6,17,50,金,その他,夜－暮,晴,非市街地,舗装－乾燥,交差点－その他,点灯－３灯式,交差点－中（5.5m以上）－中,直線－平坦,交差点内,規制なし,中央分離なし,区分あり－縁石・ブロック等,車両相互,乗用車－軽自動車,二輪車－一般原付自転車,自家用,自家用,乗用車,対象外当事者,55～64歳,0～24歳,損傷なし,負傷,規制なし,規制なし,50㎞／ｈ以下,指定の速度規制なし等,小破,小破,その他,対象外当事者,34.1844419,135.2971814
2023,和歌山,海南市,106,0068,負傷,0,1,2023/10/15 15:50,2023,10,15,15,50,日,その他,昼－昼,晴,非市街地,舗装－乾燥,単路－その他,施設なし,単路－5.5m以上,直線－平坦,単路（交差点付近を含む）,規制なし,中央線－ペイント,区分あり－防護柵等,人対車両,乗用車－軽自動車,歩行者,自家用,対象外当事者,乗用車,対象外当事者,55～64歳,75歳以上,損傷なし,負傷,対象外当事者,対象外当事者,40㎞／ｈ以下,対象外当事者,小破,対象外当事者,その他,対象外当事者,34.1672481,135.2812069
2023,和歌山,海南市,106,0069,負傷,0,1,2023/09/30 13:15,2023,9,30,13,15,土,その他,昼－昼,晴,市街地－人口集中,舗装－乾燥,交差点付近－その他,点灯－３灯式,単路－13.0m以上,直線－平坦,単路（交差点付近を含む）,規制なし,中央分離帯,区分あり－縁石・ブロック等,車両相互,乗用車－普通車,乗用車－普通車,自家用,自家用,乗用車,乗用車,65～74歳,65～74歳,損傷なし,負傷,対象外当事者,対象外当事者,50㎞／ｈ以下,50㎞／ｈ以下,小破,小破,その他,その他,34.1599122,135.1931606
2023,和歌山,海南市,106,0070,負傷,0,1,2023/10/28 12:55,2023,10,28,12,55,土,その他,昼－昼,晴,市街地－人口集中,舗装－乾燥,交差点付近－その他,点灯－３灯式,単路－13.0m以上,直線－平坦,単路（交差点付近を含む）,規制なし,中央分離帯,区分あり－縁石・ブロック等,車両相互,乗用車－普通車,乗用車－軽自動車,自家用,自家用,乗用車,乗用車,75歳以上,35～44歳,負傷,損傷なし,対象外当事者,対象外当事者,50㎞／ｈ以下,50㎞／ｈ以下,小破,小破,その他,その他,34.1534175,135.2104256
2023,和歌山,海南市,106,0071,負傷,0,2,2023/11/05 16:55,2023,11,5,16,55,日,その他,昼－暮,晴,非市街地,舗装－乾燥,交差点付近－その他,施設なし,単路－5.5m以上,直線－平坦,単路（交差点付近を含む）,規制なし,中央線－ペイント,区分あり－路側帯,車両相互,乗用車－軽自動車,乗用車－軽自動車,自家用,自家用,乗用車,乗用車,35～44歳,45～54歳,損傷なし,負傷,対象外当事者,対象外当事者,50㎞／ｈ以下,50㎞／ｈ以下,中破,中破,装備あり 作動,その他,34.1403172,135.1816008
2023,和歌山,海南市,106,0072,負傷,0,1,2023/10/28 11:35,2023,10,28,11,35,土,その他,昼－昼,晴,市街地－人口集中,舗装－乾燥,単路－カーブ・屈折,施設なし,単路－13.0m以上,カーブ・屈折－左－平坦,単路（交差点付近を含む）,規制なし,中央分離帯,区分あり－防護柵等,車両相互,乗用車－普通車,乗用車－普通車,自家用,自家用,乗用車,乗用車,0～24歳,25～34歳,損傷なし,負傷,対象外当事者,対象外当事者,50㎞／ｈ以下,50㎞／ｈ以下,小破,小破,その他,その他,34.1453656,135.2080956
2023,和歌山,海南市,106,0073,負傷,0,1,2023/10/26 18:00,2023,10,26,18,0,木,その他,夜－暮,晴,非市街地,舗装－乾燥,交差点－その他,点灯－３灯式,交差点－中（5.5m以上）－中,カーブ・屈折－右－平坦,交差点内,規制なし,中央分離なし,区分あり－縁石・ブロック等,人対車両,乗用車－普通車,歩行者,自家用,対象外当事者,乗用車,対象外当事者,75歳以上,45～54歳,損傷なし,負傷,規制なし,対象外当事者,40㎞／ｈ以下,対象外当事者,小破,対象外当事者,その他,対象外当事者,34.1699461,135.20595
2023,和歌山,海南市,106,0074,負傷,0,1,2023/11/28 17:20,2023,11,28,17,20,火,その他,夜－暮,晴,市街地－人口集中,舗装－乾燥,交差点－その他,施設なし,交差点－大（13.0ｍ以上）－小,直線－平坦,交差点内,規制なし,中央分離なし,区分あり－縁石・ブロック等,車両相互,貨物車－軽自動車,二輪車－自動二輪－小型二輪－251～400cc,自家用,自家用,貨物車,対象外当事者,35～44歳,55～64歳,損傷なし,負傷,標準－反射式,規制なし,50㎞／ｈ以下,50㎞／ｈ以下,小破,小破,その他,対象外当事者,34.1529061,135.2294033
2023,和歌山,有田市,108,0050,負傷,0,1,2023/11/07 12:05,2023,11,7,12,5,火,その他,昼－昼,晴,非市街地,舗装－乾燥,単路－その他,点灯－３灯式,単路－5.5m以上,直線－平坦,単路（交差点付近を含む）,規制なし,中央線－ペイント,区分あり－縁石・ブロック等,車両相互,乗用車－軽自動車,貨物車－軽自動車,自家用,自家用,乗用車,貨物車,55～64歳,45～54歳,負傷,損傷なし,対象外当事者,対象外当事者,50㎞／ｈ以下,50㎞／ｈ以下,小破,小破,その他,その他,34.0804719,135.1416969
2023,和歌山,有田川町,108,0051,負傷,0,1,2023/11/15 17:25,2023,11,15,17,25,水,その他,夜－暮,晴,非市街地,舗装－乾燥,交差点－その他,施設なし,交差点－中（5.5m以上）－小,直線－平坦,交差点内,規制なし,中央線－ペイント,区分あり－縁石・ブロック等,車両相互,貨物車－準中型車,軽車両－自転車,自家用,自転車,貨物車,対象外当事者,55～64歳,55～64歳,損傷なし,負傷,標準－反射式,規制なし,30㎞／ｈ以下,対象外当事者,小破,小破,その他,対象外当事者,34.0554681,135.2008094
2023,和歌山,広川町,108,0052,死亡,1,0,2023/11/21 13:05,2023,11,21,13,5,火,その他,昼－昼,晴,非市街地,舗装－乾燥,交差点付近－その他,施設なし,単路－5.5m以上,カーブ・屈折－右－平坦,単路（交差点付近を含む）,規制なし,中央線－ペイント,区分あり－路側帯,車両単独,乗用車－普通車,物件等,自家用,対象外当事者,乗用車,対象外当事者,75歳以上,不明,損傷なし,対象外当事者,対象外当事者,対象外当事者,50㎞／ｈ以下,対象外当事者,小破,対象外当事者,その他,対象外当事者,34.0022667,135.1899456
2023,和歌山,日高川町,109,0035,負傷,0,1,2023/10/11 14:40,2023,10,11,14,40,水,その他,昼－昼,晴,非市街地,舗装－乾燥,単路－カーブ・屈折,施設なし,単路－5.5m以上,カーブ・屈折－左－上り,単路（交差点付近を含む）,規制なし,中央線－ペイント,区分あり－防護柵等,車両相互,乗用車－普通車,二輪車－自動二輪－小型二輪－751ｃｃ以上,自家用,自家用,乗用車,対象外当事者,65～74歳,55～64歳,損傷なし,負傷,対象外当事者,対象外当事者,指定の速度規制なし等,指定の速度規制なし等,損壊なし,小破,その他,対象外当事者,33.9705244,135.3613789
2023,和歌山,御坊市,109,0036,負傷,0,1,2023/11/23 16:15,2023,11,23,16,15,木,当日,昼－暮,晴,市街地－人口集中,舗装－乾燥,交差点－その他,施設なし,交差点－小（5.5m未満）－小,直線－平坦,交差点内,規制なし,中央分離なし,区分なし,車両相互,乗用車－普通車,乗用車－軽自動車,自家用,自家用,乗用車,乗用車,25～34歳,45～54歳,損傷なし,負傷,規制なし,規制なし,指定の速度規制なし等,指定の速度規制なし等,中破,中破,その他,その他,33.8918178,135.1577089
2023,和歌山,美浜町,109,0037,負傷,0,1,2023/11/23 18:20,2023,11,23,18,20,木,当日,夜－夜,晴,非市街地,舗装－乾燥,単路－その他,施設なし,単路－3.5m以上,直線－平坦,単路（交差点付近を含む）,規制なし,中央線－ペイント,区分あり－防護柵等,車両相互,貨物車－軽自動車,軽車両－駆動補助機付自転車,自家用,自転車,貨物車,対象外当事者,35～44歳,75歳以上,損傷なし,負傷,対象外当事者,対象外当事者,50㎞／ｈ以下,対象外当事者,小破,小破,その他,対象外当事者,33.8904164,135.1404064
2023,和歌山,御坊市,109,0038,負傷,0,1,2023/11/28 10:45,2023,11,28,10,45,火,その他,昼－昼,晴,非市街地,舗装－乾燥,交差点－その他,施設なし,交差点－小（5.5m未満）－小,直線－平坦,交差点内,規制なし,中央分離なし,区分あり－路側帯,車両相互,乗用車－普通車,貨物車－軽自動車,自家用,自家用,乗用車,貨物車,25～34歳,65～74歳,負傷,損傷なし,規制なし,標準－反射式,指定の速度規制なし等,指定の速度規制なし等,小破,小破,その他,その他,33.9016372,135.1784161
2023,和歌山,田辺市,110,0073,負傷,0,1,2023/07/31 12:40,2023,7,31,12,40,月,その他,昼－昼,晴,市街地－その他,舗装－乾燥,交差点－その他,点灯－３灯式,交差点－大（13.0ｍ以上）－小,直線－平坦,交差点内,規制なし,中央分離なし,区分あり－縁石・ブロック等,車両相互,乗用車－軽自動車,軽車両－自転車,自家用,自転車,乗用車,対象外当事者,35～44歳,45～54歳,損傷なし,負傷,規制なし,規制なし,指定の速度規制なし等,対象外当事者,損壊なし,中破,その他,対象外当事者,33.7393844,135.3937864
2023,和歌山,みなべ町,110,0074,負傷,0,1,2023/10/05 17:50,2023,10,5,17,50,木,その他,夜－暮,晴,非市街地,舗装－乾燥,単路－カーブ・屈折,施設なし,単路－3.5m以上,カーブ・屈折－右－上り,単路（交差点付近を含む）,規制なし,中央分離なし,区分なし,車両相互,乗用車－軽自動車,貨物車－軽自動車,自家用,自家用,乗用車,貨物車,0～24歳,35～44歳,負傷,損傷なし,対象外当事者,対象外当事者,指定の速度規制なし等,指定の速度規制なし等,小破,小破,装備あり 作動,その他,33.7829317,135.2788444
2023,和歌山,田辺市,110,0075,負傷,0,1,2023/11/06 10:52,2023,11,6,10,52,月,その他,昼－昼,曇,市街地－その他,舗装－乾燥,一般交通の場所,施設なし,一般交通の場所,一般交通の場所,その他,規制なし,一般交通の場所,区分なし,車両相互,乗用車－軽自動車,乗用車－軽自動車,自家用,事業用,乗用車,乗用車,65～74歳,35～44歳,損傷なし,負傷,対象外当事者,対象外当事者,指定の速度規制なし等,指定の速度規制なし等,小破,小破,その他,その他,33.7431133,135.3760806
2023,和歌山,田辺市,110,0076,負傷,0,1,2023/11/08 07:55,2023,11,8,7,55,水,その他,昼－昼,晴,市街地－人口集中,舗装－乾燥,単路－カーブ・屈折,施設なし,単路－3.5m未満,カーブ・屈折－右－下り,単路（交差点付近を含む）,規制なし,中央分離なし,区分なし,車両相互,乗用車－普通車,乗用車－軽自動車,自家用,自家用,乗用車,乗用車,35～44歳,35～44歳,負傷,損傷なし,対象外当事者,対象外当事者,指定の速度規制なし等,指定の速度規制なし等,小破,小破,その他,その他,33.7346472,135.3568356
2023,和歌山,田辺市,110,0077,死亡,1,0,2023/11/13 14:29,2023,11,13,14,29,月,その他,昼－昼,晴,非市街地,舗装－乾燥,単路－トンネル,施設なし,単路－5.5m以上,カーブ・屈折－左－平坦,単路（交差点付近を含む）,規制なし,中央線－ペイント,区分あり－路側帯,車両相互,乗用車－軽自動車,軽車両－自転車,自家用,自転車,乗用車,対象外当事者,65～74歳,55～64歳,損傷なし,死亡,対象外当事者,対象外当事者,40㎞／ｈ以下,対象外当事者,中破,大破,その他,対象外当事者,33.7462233,135.3447167
2023,和歌山,田辺市,110,0078,負傷,0,1,2023/11/01 08:13,2023,11,1,8,13,水,その他,昼－昼,晴,市街地－その他,舗装－乾燥,交差点－その他,施設なし,交差点－小（5.5m未満）－小,直線－平坦,交差点内,規制なし,中央線－ペイント,区分あり－路側帯,車両相互,乗用車－軽自動車,二輪車－一般原付自転車,自家用,自家用,乗用車,対象外当事者,55～64歳,75歳以上,損傷なし,負傷,規制なし,規制なし,指定の速度規制なし等,指定の速度規制なし等,小破,小破,その他,対象外当事者,33.7403492,135.3727503
2023,和歌山,田辺市,110,0079,負傷,0,1,2023/11/03 07:50,2023,11,3,7,50,金,当日,昼－昼,晴,市街地－その他,舗装－乾燥,交差点－その他,点灯－３灯式,交差点－中（5.5m以上）－小,直線－平坦,交差点内,規制なし,中央分離なし,区分なし,車両相互,軽車両－自転車,対象外当事者,自転車,対象外当事者,対象外当事者,対象外当事者,0～24歳,不明,負傷,対象外当事者,規制なし,対象外当事者,対象外当事者,対象外当事者,小破,対象外当事者,対象外当事者,対象外当事者,33.74711,135.3549086
2023,和歌山,田辺市,110,0080,負傷,0,1,2023/11/22 08:10,2023,11,22,8,10,水,前日,昼－昼,晴,市街地－人口集中,舗装－乾燥,単路－カーブ・屈折,施設なし,単路－5.5m以上,カーブ・屈折－左－下り,単路（交差点付近を含む）,規制なし,中央線－ペイント,区分あり－縁石・ブロック等,車両相互,乗用車－普通車,乗用車－軽自動車,自家用,自家用,乗用車,乗用車,25～34歳,25～34歳,損傷なし,負傷,対象外当事者,対象外当事者,40㎞／ｈ以下,40㎞／ｈ以下,中破,小破,その他,その他,33.7280842,135.392015
2023,和歌山,田辺市,110,0081,負傷,0,1,2023/11/09 18:15,2023,11,9,18,15,木,その他,夜－夜,曇,非市街地,舗装－乾燥,交差点付近－その他,点灯－３灯式,単路－13.0m以上,直線－平坦,単路（交差点付近を含む）,規制なし,中央分離帯,区分あり－縁石・ブロック等,車両相互,乗用車－普通車,貨物車－軽自動車,自家用,自家用,乗用車,貨物車,25～34歳,55～64歳,損傷なし,負傷,対象外当事者,対象外当事者,指定の速度規制なし等,指定の速度規制なし等,中破,中破,その他,その他,33.7169525,135.4079583
2023,和歌山,田辺市,110,0082,負傷,0,2,2023/11/01 11:45,2023,11,1,11,45,水,その他,昼－昼,晴,非市街地,舗装－乾燥,交差点－その他,施設なし,交差点－中（5.5m以上）－小,直線－平坦,交差点内,規制なし,中央線－ペイント,区分なし,車両相互,貨物車－軽自動車,二輪車－自動二輪－軽二輪－126～250cc,自家用,自家用,貨物車,対象外当事者,35～44歳,55～64歳,負傷,負傷,標準－反射式,規制なし,指定の速度規制なし等,指定の速度規制なし等,大破,大破,その他,対象外当事者,33.811095,135.6122433
2023,和歌山,田辺市,110,0083,負傷,0,1,2023/09/16 12:25,2023,9,16,12,25,土,その他,昼－昼,晴,市街地－人口集中,舗装－乾燥,交差点－その他,施設なし,交差点－中（5.5m以上）－小,カーブ・屈折－右－下り,交差点内,規制なし,中央分離なし,区分あり－縁石・ブロック等,車両相互,乗用車－軽自動車,軽車両－自転車,自家用,自転車,乗用車,対象外当事者,55～64歳,0～24歳,損傷なし,負傷,規制なし,規制なし,指定の速度規制なし等,対象外当事者,小破,中破,その他,対象外当事者,33.7278914,135.3952222
2023,和歌山,串本町,112,0052,負傷,0,1,2023/10/04 11:40,2023,10,4,11,40,水,その他,昼－昼,晴,非市街地,舗装－乾燥,単路－トンネル,施設なし,単路－5.5m以上,直線－平坦,単路（交差点付近を含む）,規制なし,中央線－ペイント,区分あり－路側帯,車両相互,乗用車－普通車,乗用車－軽自動車,自家用,自家用,乗用車,乗用車,0～24歳,75歳以上,損傷なし,負傷,対象外当事者,対象外当事者,指定の速度規制なし等,指定の速度規制なし等,中破,中破,その他,その他,33.4892039,135.6876097
2023,和歌山,新宮市,112,0053,負傷,0,3,2023/10/25 12:35,2023,10,25,12,35,水,その他,昼－昼,晴,非市街地,舗装－乾燥,交差点－その他,施設なし,交差点－中（5.5m以上）－中,カーブ・屈折－右－上り,交差点内,規制なし,中央分離なし,区分あり－縁石・ブロック等,車両相互,貨物車－準中型車,乗用車－普通車,自家用,自家用,貨物車,乗用車,75歳以上,75歳以上,負傷,負傷,規制なし,規制なし,指定の速度規制なし等,指定の速度規制なし等,中破,中破,その他,その他,33.7213725,135.9709614
2023,和歌山,新宮市,112,0054,負傷,0,1,2023/10/26 19:10,2023,10,26,19,10,木,その他,夜－夜,晴,市街地－人口集中,舗装－乾燥,単路－その他,施設なし,単路－5.5m以上,直線－平坦,単路（交差点付近を含む）,規制なし,中央分離なし,区分なし,車両相互,乗用車－普通車,乗用車－普通車,事業用,自家用,乗用車,乗用車,65～74歳,35～44歳,損傷なし,損傷なし,対象外当事者,対象外当事者,指定の速度規制なし等,指定の速度規制なし等,小破,小破,その他,その他,33.7252092,135.99457
2023,和歌山,太地町,112,0055,負傷,0,1,2023/10/08 16:00,2023,10,8,16,0,日,前日,昼－昼,雨,市街地－その他,舗装－湿潤,単路－その他,施設なし,単路－3.5m未満,直線－平坦,単路（交差点付近を含む）,規制なし,中央分離なし,区分なし,車両単独,乗用車－軽自動車,物件等,自家用,対象外当事者,乗用車,対象外当事者,75歳以上,不明,負傷,対象外当事者,対象外当事者,対象外当事者,指定の速度規制なし等,対象外当事者,小破,対象外当事者,その他,対象外当事者,33.5968403,135.9441917
2023,和歌山,新宮市,112,0056,負傷,0,1,2023/11/09 08:20,2023,11,9,8,20,木,その他,昼－昼,曇,非市街地,舗装－乾燥,単路－その他,施設なし,単路－13.0m以上,直線－下り,単路（交差点付近を含む）,規制なし,中央分離帯,区分あり－縁石・ブロック等,車両相互,乗用車－普通車,貨物車－軽自動車,自家用,自家用,乗用車,貨物車,65～74歳,55～64歳,損傷なし,損傷なし,対象外当事者,対象外当事者,指定の速度規制なし等,指定の速度規制なし等,小破,小破,装備あり 作動,その他,33.6983064,135.9888969