対象年,都道府県,市区町村,警察署等コード,本票番号,事故内容,死者数,負傷者数,発生日時,発生年,発生月,発生日,発生時,発生分,曜日,祝日,昼夜,天候,地形,路面状態,道路形状,信号機,車道幅員,道路線形,衝突地点,ゾーン規制,中央分離帯施設等,歩車道区分,事故類型,当事者A 種別,当事者B 種別,当事者A 用途,当事者B 用途,当事者A 車両形状,当事者B 車両形状,当事者A 年齢,当事者B 年齢,当事者A 人身損傷程度,当事者B 人身損傷程度,当事者A 一時停止規制標識,当事者B 一時停止規制標識,当事者A 速度規制,当事者B 速度規制,当事者A 車両損壊程度,当事者B 車両損壊程度,当事者A エアバッグ,当事者B エアバッグ,緯度,経度
2023,和歌山,和歌山市,104,0307,負傷,0,1,2023/11/29 16:10,2023,11,29,16,10,水,その他,昼－暮,晴,市街地－人口集中,舗装－乾燥,単路－カーブ・屈折,施設なし,単路－5.5m以上,カーブ・屈折－右－平坦,単路（交差点付近を含む）,規制なし,中央分離なし,区分なし,車両相互,貨物車－普通車,軽車両－自転車,自家用,自転車,貨物車,対象外当事者,25～34歳,0～24歳,損傷なし,負傷,対象外当事者,対象外当事者,指定の速度規制なし等,対象外当事者,小破,小破,その他,対象外当事者,34.2485656,135.2048283
2023,和歌山,和歌山市,104,0308,負傷,0,1,2023/11/20 09:50,2023,11,20,9,50,月,その他,昼－昼,晴,非市街地,舗装－乾燥,交差点－その他,施設なし,交差点－小（5.5m未満）－小,カーブ・屈折－右－平坦,交差点内,規制なし,中央線－ペイント,区分あり－路側帯,車両相互,乗用車－軽自動車,貨物車－軽自動車,自家用,自家用,乗用車,貨物車,35～44歳,45～54歳,負傷,損傷なし,規制なし,規制なし,50㎞／ｈ以下,指定の速度規制なし等,小破,小破,その他,その他,34.1841881,135.2121781
2023,和歌山,和歌山市,104,0309,負傷,0,1,2023/11/05 17:25,2023,11,5,17,25,日,その他,夜－暮,晴,市街地－人口集中,舗装－乾燥,単路－その他,施設なし,単路－5.5m以上,直線－平坦,単路（交差点付近を含む）,規制なし,中央線－ペイント,区分あり－縁石・ブロック等,車両相互,二輪車－自動二輪－原付二種－51～125cc,二輪車－一般原付自転車,自家用,自家用,対象外当事者,対象外当事者,75歳以上,0～24歳,損傷なし,負傷,対象外当事者,対象外当事者,指定の速度規制なし等,指定の速度規制なし等,小破,小破,対象外当事者,対象外当事者,34.2151897,135.2014628
2023,和歌山,和歌山市,104,0310,負傷,0,1,2023/11/01 16:00,2023,11,1,16,0,水,その他,昼－昼,晴,市街地－人口集中,舗装－乾燥,交差点付近－その他,施設なし,単路－5.5m以上,直線－平坦,単路（交差点付近を含む）,規制なし,中央分離なし,区分あり－路側帯,車両相互,乗用車－軽自動車,軽車両－自転車,自家用,自転車,乗用車,対象外当事者,55～64歳,0～24歳,損傷なし,負傷,対象外当事者,対象外当事者,指定の速度規制なし等,対象外当事者,小破,小破,その他,対象外当事者,34.2308978,135.2099672
2023,和歌山,和歌山市,104,0311,負傷,0,1,2023/11/16 17:25,2023,11,16,17,25,木,その他,夜－暮,曇,市街地－人口集中,舗装－乾燥,交差点付近－その他,施設なし,単路－3.5m以上,直線－平坦,単路（交差点付近を含む）,規制なし,中央分離なし,区分あり－縁石・ブロック等,車両相互,乗用車－普通車,二輪車－一般原付自転車,自家用,自家用,乗用車,対象外当事者,45～54歳,65～74歳,損傷なし,負傷,対象外当事者,対象外当事者,指定の速度規制なし等,指定の速度規制なし等,小破,小破,その他,対象外当事者,34.2625106,135.1960944
2023,和歌山,和歌山市,104,0312,負傷,0,1,2023/11/14 09:10,2023,11,14,9,10,火,その他,昼－昼,晴,市街地－人口集中,舗装－乾燥,単路－その他,施設なし,単路－9.0m以上,直線－平坦,単路（交差点付近を含む）,規制なし,中央線－ペイント,区分あり－縁石・ブロック等,車両相互,乗用車－軽自動車,軽車両－自転車,自家用,自転車,乗用車,対象外当事者,35～44歳,35～44歳,損傷なし,負傷,対象外当事者,対象外当事者,指定の速度規制なし等,対象外当事者,小破,小破,その他,対象外当事者,34.2358867,135.1875942
2023,和歌山,和歌山市,104,0313,負傷,0,1,2023/11/19 14:10,2023,11,19,14,10,日,その他,昼－昼,晴,非市街地,舗装－乾燥,単路－その他,施設なし,単路－13.0m以上,直線－平坦,単路（交差点付近を含む）,規制なし,中央分離帯,区分あり－縁石・ブロック等,車両相互,乗用車－普通車,軽車両－自転車,自家用,自転車,乗用車,対象外当事者,55～64歳,75歳以上,損傷なし,負傷,対象外当事者,対象外当事者,指定の速度規制なし等,対象外当事者,小破,小破,その他,対象外当事者,34.2634753,135.26873
2023,和歌山,和歌山市,104,0314,負傷,0,1,2023/12/04 06:30,2023,12,4,6,30,月,その他,夜－明,晴,市街地－人口集中,舗装－乾燥,交差点－その他,施設なし,交差点－中（5.5m以上）－小,直線－平坦,交差点内,規制なし,中央分離なし,区分あり－縁石・ブロック等,車両相互,乗用車－普通車,軽車両－自転車,自家用,自転車,乗用車,対象外当事者,35～44歳,35～44歳,損傷なし,負傷,標準－反射式,規制なし,指定の速度規制なし等,対象外当事者,小破,小破,その他,対象外当事者,34.2270044,135.1987364
2023,和歌山,和歌山市,104,0315,負傷,0,1,2023/11/17 16:45,2023,11,17,16,45,金,その他,昼－暮,晴,市街地－人口集中,舗装－乾燥,交差点－その他,施設なし,交差点－中（5.5m以上）－中,直線－平坦,交差点内,規制なし,中央分離なし,区分あり－路側帯,車両相互,乗用車－軽自動車,二輪車－一般原付自転車,自家用,自家用,乗用車,対象外当事者,0～24歳,35～44歳,損傷なし,負傷,規制なし,標準－反射式,指定の速度規制なし等,指定の速度規制なし等,小破,小破,その他,対象外当事者,34.2306236,135.1928761
2023,和歌山,和歌山市,104,0316,負傷,0,1,2023/11/25 20:00,2023,11,25,20,0,土,その他,夜－夜,晴,非市街地,舗装－乾燥,交差点付近－その他,施設なし,単路－13.0m以上,直線－平坦,単路（交差点付近を含む）,規制なし,中央分離帯,区分あり－縁石・ブロック等,車両相互,乗用車－普通車,乗用車－普通車,自家用,自家用,乗用車,乗用車,45～54歳,0～24歳,損傷なし,負傷,対象外当事者,対象外当事者,50㎞／ｈ以下,50㎞／ｈ以下,小破,小破,その他,その他,34.2366053,135.2155989
2023,和歌山,和歌山市,104,0317,負傷,0,1,2023/11/08 17:25,2023,11,8,17,25,水,その他,夜－暮,晴,非市街地,舗装－乾燥,交差点－その他,施設なし,交差点－小（5.5m未満）－小,直線－平坦,交差点内,規制なし,中央分離なし,区分あり－路側帯,車両相互,貨物車－軽自動車,二輪車－自動二輪－原付二種－51～125cc,自家用,自家用,貨物車,対象外当事者,65～74歳,45～54歳,損傷なし,負傷,規制なし,規制なし,30㎞／ｈ以下,30㎞／ｈ以下,小破,小破,その他,対象外当事者,34.1924328,135.2208464
2023,和歌山,和歌山市,104,0318,負傷,0,1,2023/12/09 05:15,2023,12,9,5,15,土,その他,夜－夜,晴,市街地－人口集中,舗装－乾燥,単路－その他,施設なし,単路－13.0m以上,直線－平坦,単路（交差点付近を含む）,規制なし,中央分離帯,区分あり－縁石・ブロック等,車両相互,貨物車－大型車,乗用車－軽自動車,事業用,自家用,貨物車,乗用車,45～54歳,25～34歳,負傷,損傷なし,対象外当事者,対象外当事者,50㎞／ｈ以下,50㎞／ｈ以下,小破,大破,その他,装備あり 作動,34.23693,135.2078503
2023,和歌山,和歌山市,104,0319,負傷,0,1,2023/12/01 08:00,2023,12,1,8,0,金,その他,昼－昼,晴,非市街地,舗装－乾燥,単路－カーブ・屈折,施設なし,単路－5.5m以上,カーブ・屈折－右－下り,単路（交差点付近を含む）,規制なし,中央線－ペイント,区分あり－路側帯,車両相互,乗用車－大型車,軽車両－自転車,事業用,自転車,乗用車,対象外当事者,45～54歳,0～24歳,損傷なし,負傷,対象外当事者,対象外当事者,40㎞／ｈ以下,対象外当事者,損壊なし,損壊なし,その他,対象外当事者,34.2707561,135.2551022
2023,和歌山,和歌山市,104,0320,負傷,0,2,2023/12/07 16:15,2023,12,7,16,15,木,その他,昼－暮,晴,市街地－人口集中,舗装－乾燥,交差点－その他,施設なし,交差点－小（5.5m未満）－小,カーブ・屈折－右－平坦,交差点内,規制なし,中央分離なし,区分なし,車両相互,二輪車－一般原付自転車,軽車両－自転車,自家用,自転車,対象外当事者,対象外当事者,65～74歳,25～34歳,負傷,負傷,規制なし,規制なし,指定の速度規制なし等,対象外当事者,小破,小破,対象外当事者,対象外当事者,34.22607,135.2138183
2023,和歌山,和歌山市,104,0321,負傷,0,2,2023/11/06 22:30,2023,11,6,22,30,月,その他,夜－夜,雨,非市街地,舗装－湿潤,単路－その他,施設なし,単路－13.0m以上,直線－平坦,単路（交差点付近を含む）,規制なし,中央分離帯,区分あり－縁石・ブロック等,車両相互,乗用車－普通車,乗用車－普通車,自家用,自家用,乗用車,乗用車,0～24歳,35～44歳,負傷,損傷なし,対象外当事者,対象外当事者,指定の速度規制なし等,指定の速度規制なし等,小破,小破,その他,その他,34.2634681,135.2687756
2023,和歌山,和歌山市,104,0322,負傷,0,1,2023/12/15 17:37,2023,12,15,17,37,金,その他,夜－暮,晴,市街地－人口集中,舗装－乾燥,交差点付近－その他,点灯－３灯式,単路－13.0m以上,直線－平坦,単路（交差点付近を含む）,規制なし,中央分離帯,区分あり－縁石・ブロック等,車両相互,乗用車－普通車,乗用車－軽自動車,自家用,自家用,乗用車,乗用車,35～44歳,0～24歳,負傷,損傷なし,対象外当事者,対象外当事者,50㎞／ｈ以下,50㎞／ｈ以下,小破,小破,その他,その他,34.2009017,135.1825411
2023,和歌山,和歌山市,104,0323,負傷,0,2,2023/12/02 18:15,2023,12,2,18,15,土,その他,夜－夜,晴,市街地－人口集中,舗装－乾燥,交差点－その他,施設なし,交差点－大（13.0ｍ以上）－小,直線－平坦,交差点内,規制なし,中央分離なし,区分あり－縁石・ブロック等,車両相互,乗用車－軽自動車,二輪車－一般原付自転車,自家用,自家用,乗用車,対象外当事者,45～54歳,35～44歳,負傷,負傷,規制なし,規制なし,50㎞／ｈ以下,指定の速度規制なし等,小破,中破,その他,対象外当事者,34.21136,135.1852681
2023,和歌山,和歌山市,104,0324,負傷,0,1,2023/08/01 14:50,2023,8,1,14,50,火,その他,昼－昼,晴,非市街地,舗装－乾燥,単路－カーブ・屈折,施設なし,単路－3.5m以上,カーブ・屈折－右－下り,単路（交差点付近を含む）,規制なし,中央分離なし,区分なし,車両相互,貨物車－普通車,軽車両－駆動補助機付自転車,自家用,自転車,貨物車,対象外当事者,45～54歳,0～24歳,損傷なし,負傷,対象外当事者,対象外当事者,指定の速度規制なし等,対象外当事者,損壊なし,小破,その他,対象外当事者,34.2741503,135.2459733
2023,和歌山,和歌山市,104,0325,負傷,0,1,2023/11/14 20:20,2023,11,14,20,20,火,その他,夜－夜,晴,市街地－人口集中,舗装－乾燥,交差点－その他,施設なし,交差点－大（13.0ｍ以上）－中,直線－平坦,交差点内,規制なし,中央分離なし,区分あり－路側帯,車両相互,乗用車－軽自動車,軽車両－自転車,自家用,自転車,乗用車,対象外当事者,45～54歳,45～54歳,損傷なし,負傷,標準－反射式,規制なし,指定の速度規制なし等,対象外当事者,小破,小破,その他,対象外当事者,34.2297792,135.1984153
2023,和歌山,和歌山市,104,0326,負傷,0,1,2023/12/18 17:30,2023,12,18,17,30,月,その他,夜－暮,晴,市街地－人口集中,舗装－乾燥,単路－その他,施設なし,単路－5.5m以上,直線－平坦,単路（交差点付近を含む）,規制なし,中央線－ペイント,区分あり－縁石・ブロック等,車両相互,乗用車－普通車,二輪車－自動二輪－軽二輪－126～250cc,自家用,自家用,乗用車,対象外当事者,25～34歳,25～34歳,損傷なし,負傷,対象外当事者,対象外当事者,50㎞／ｈ以下,50㎞／ｈ以下,小破,小破,その他,対象外当事者,34.2448953,135.2069442
2023,和歌山,和歌山市,104,0327,負傷,0,2,2023/12/12 02:02,2023,12,12,2,2,火,その他,夜－夜,雨,市街地－人口集中,舗装－湿潤,交差点－その他,施設なし,交差点－中（5.5m以上）－中,直線－平坦,交差点内,規制なし,中央分離なし,区分あり－縁石・ブロック等,車両相互,乗用車－普通車,乗用車－軽自動車,事業用,自家用,乗用車,乗用車,45～54歳,45～54歳,負傷,損傷なし,規制なし,標準－反射式,40㎞／ｈ以下,指定の速度規制なし等,小破,小破,その他,装備あり 作動,34.2349672,135.1806164
2023,和歌山,和歌山市,104,0328,負傷,0,1,2023/12/11 22:15,2023,12,11,22,15,月,その他,夜－夜,雨,市街地－人口集中,舗装－湿潤,交差点－その他,施設なし,交差点－中（5.5m以上）－中,直線－平坦,交差点内,規制なし,中央分離なし,区分なし,車両相互,二輪車－一般原付自転車,軽車両－自転車,自家用,自転車,対象外当事者,対象外当事者,35～44歳,0～24歳,負傷,損傷なし,規制なし,規制なし,指定の速度規制なし等,対象外当事者,小破,小破,対象外当事者,対象外当事者,34.2368964,135.1800556
2023,和歌山,和歌山市,104,0329,負傷,0,1,2023/12/23 17:31,2023,12,23,17,31,土,その他,夜－暮,晴,市街地－人口集中,舗装－乾燥,一般交通の場所,施設なし,一般交通の場所,一般交通の場所,その他,規制なし,一般交通の場所,区分なし,車両単独,乗用車－普通車,物件等,自家用,対象外当事者,乗用車,対象外当事者,25～34歳,不明,損傷なし,対象外当事者,対象外当事者,対象外当事者,指定の速度規制なし等,対象外当事者,小破,対象外当事者,その他,対象外当事者,34.2268506,135.1975231
2023,和歌山,和歌山市,104,0330,負傷,0,1,2023/12/05 17:15,2023,12,5,17,15,火,その他,夜－暮,曇,市街地－人口集中,舗装－湿潤,交差点－その他,点灯－３灯式,交差点－中（5.5m以上）－中,直線－平坦,交差点内,規制なし,中央線－ペイント,区分あり－縁石・ブロック等,車両相互,乗用車－軽自動車,二輪車－一般原付自転車,自家用,自家用,乗用車,対象外当事者,0～24歳,25～34歳,損傷なし,負傷,規制なし,規制なし,50㎞／ｈ以下,30㎞／ｈ以下,中破,中破,その他,対象外当事者,34.2580669,135.2054197
2023,和歌山,和歌山市,104,0331,負傷,0,1,2023/12/26 12:27,2023,12,26,12,27,火,その他,昼－昼,晴,非市街地,舗装－乾燥,単路－その他,施設なし,単路－13.0m以上,直線－平坦,単路（交差点付近を含む）,規制なし,中央分離帯,区分あり－縁石・ブロック等,車両相互,乗用車－普通車,貨物車－普通車,自家用,自家用,乗用車,貨物車,45～54歳,35～44歳,損傷なし,負傷,対象外当事者,対象外当事者,指定の速度規制なし等,指定の速度規制なし等,小破,小破,その他,その他,34.2635931,135.2694011
2023,和歌山,和歌山市,105,0157,負傷,0,2,2023/11/26 16:00,2023,11,26,16,0,日,その他,昼－暮,晴,市街地－人口集中,舗装－乾燥,交差点－その他,点灯－３灯式,交差点－大（13.0ｍ以上）－中,直線－平坦,交差点内,規制なし,中央分離なし,区分あり－縁石・ブロック等,車両相互,乗用車－軽自動車,乗用車－軽自動車,自家用,自家用,乗用車,乗用車,35～44歳,0～24歳,損傷なし,負傷,規制なし,規制なし,50㎞／ｈ以下,50㎞／ｈ以下,中破,中破,その他,その他,34.2374175,135.1745389
2023,和歌山,和歌山市,105,0158,負傷,0,1,2023/11/22 07:00,2023,11,22,7,0,水,前日,昼－明,晴,市街地－人口集中,舗装－乾燥,交差点－その他,点灯－３灯式,交差点－大（13.0ｍ以上）－中,直線－平坦,交差点内,規制なし,中央分離なし,区分あり－縁石・ブロック等,人対車両,乗用車－軽自動車,歩行者,自家用,対象外当事者,乗用車,対象外当事者,55～64歳,0～24歳,損傷なし,負傷,規制なし,対象外当事者,50㎞／ｈ以下,対象外当事者,小破,対象外当事者,その他,対象外当事者,34.1632858,135.1876961
2023,和歌山,和歌山市,105,0159,負傷,0,1,2023/11/16 18:25,2023,11,16,18,25,木,その他,夜－夜,曇,市街地－人口集中,舗装－乾燥,交差点－その他,点灯－３灯式,交差点－大（13.0ｍ以上）－大,直線－平坦,交差点内,規制なし,中央分離なし,区分あり－縁石・ブロック等,車両相互,乗用車－軽自動車,軽車両－自転車,自家用,自転車,乗用車,対象外当事者,0～24歳,0～24歳,損傷なし,負傷,規制なし,規制なし,50㎞／ｈ以下,対象外当事者,小破,小破,その他,対象外当事者,34.2372492,135.1697206
2023,和歌山,和歌山市,105,0160,負傷,0,1,2023/11/27 18:13,2023,11,27,18,13,月,その他,夜－夜,雨,市街地－その他,舗装－湿潤,単路－その他,施設なし,単路－9.0m以上,直線－平坦,単路（交差点付近を含む）,規制なし,中央分離帯,区分あり－縁石・ブロック等,車両相互,乗用車－軽自動車,乗用車－軽自動車,自家用,自家用,乗用車,乗用車,25～34歳,35～44歳,損傷なし,負傷,対象外当事者,対象外当事者,40㎞／ｈ以下,40㎞／ｈ以下,小破,小破,その他,その他,34.2375553,135.1769417
2023,和歌山,和歌山市,105,0161,負傷,0,1,2023/11/22 07:00,2023,11,22,7,0,水,前日,昼－明,晴,市街地－人口集中,舗装－乾燥,単路－その他,施設なし,単路－19.5m以上,直線－平坦,単路（交差点付近を含む）,規制なし,中央分離帯,区分あり－縁石・ブロック等,車両相互,乗用車－普通車,二輪車－一般原付自転車,自家用,自家用,乗用車,対象外当事者,45～54歳,35～44歳,損傷なし,負傷,対象外当事者,対象外当事者,60㎞／ｈ以下,指定の速度規制なし等,小破,小破,その他,対象外当事者,34.2496311,135.1749361
2023,和歌山,和歌山市,105,0162,負傷,0,1,2023/10/15 11:37,2023,10,15,11,37,日,その他,昼－昼,晴,市街地－人口集中,舗装－乾燥,単路－その他,施設なし,単路－9.0m以上,直線－平坦,単路（交差点付近を含む）,規制なし,中央分離帯,区分あり－縁石・ブロック等,車両相互,乗用車－普通車,軽車両－自転車,自家用,自転車,乗用車,対象外当事者,75歳以上,65～74歳,損傷なし,負傷,対象外当事者,対象外当事者,指定の速度規制なし等,対象外当事者,小破,小破,その他,対象外当事者,34.227305,135.1783514
2023,和歌山,和歌山市,105,0163,負傷,0,1,2023/12/07 07:55,2023,12,7,7,55,木,その他,昼－昼,晴,市街地－人口集中,舗装－乾燥,交差点－その他,施設なし,交差点－大（13.0ｍ以上）－中,直線－平坦,交差点内,規制なし,中央線－ペイント,区分あり－縁石・ブロック等,車両相互,乗用車－普通車,二輪車－一般原付自転車,自家用,自家用,乗用車,対象外当事者,25～34歳,25～34歳,損傷なし,負傷,規制なし,規制なし,50㎞／ｈ以下,指定の速度規制なし等,小破,小破,その他,対象外当事者,34.2237183,135.1594806
2023,和歌山,和歌山市,105,0164,負傷,0,1,2023/11/01 06:55,2023,11,1,6,55,水,その他,昼－明,晴,非市街地,舗装－乾燥,交差点－その他,施設なし,交差点－小（5.5m未満）－小,直線－平坦,交差点内,規制なし,中央分離なし,区分なし,車両相互,乗用車－普通車,乗用車－軽自動車,自家用,自家用,乗用車,乗用車,35～44歳,25～34歳,損傷なし,負傷,標準－反射式,規制なし,指定の速度規制なし等,指定の速度規制なし等,小破,小破,その他,その他,34.1691758,135.184455
2023,和歌山,和歌山市,105,0165,負傷,0,1,2023/12/01 15:05,2023,12,1,15,5,金,その他,昼－昼,曇,市街地－人口集中,舗装－湿潤,交差点－その他,施設なし,交差点－小（5.5m未満）－小,直線－平坦,交差点内,規制なし,中央分離なし,区分あり－路側帯,車両相互,乗用車－普通車,軽車両－自転車,自家用,自転車,乗用車,対象外当事者,65～74歳,0～24歳,損傷なし,負傷,標準－反射式,規制なし,指定の速度規制なし等,対象外当事者,小破,小破,その他,対象外当事者,34.2208819,135.1711689
2023,和歌山,和歌山市,105,0166,負傷,0,1,2023/10/12 10:46,2023,10,12,10,46,木,その他,昼－昼,晴,市街地－人口集中,舗装－乾燥,交差点－その他,点灯－３灯式,交差点－大（13.0ｍ以上）－中,直線－平坦,交差点内,規制なし,中央分離なし,区分あり－縁石・ブロック等,車両相互,乗用車－普通車,軽車両－自転車,自家用,自転車,乗用車,対象外当事者,45～54歳,75歳以上,損傷なし,負傷,規制なし,規制なし,50㎞／ｈ以下,対象外当事者,小破,小破,その他,対象外当事者,34.2140156,135.1702533
2023,和歌山,和歌山市,105,0167,負傷,0,1,2023/12/12 08:08,2023,12,12,8,8,火,その他,昼－昼,曇,市街地－人口集中,舗装－乾燥,単路－その他,施設なし,単路－13.0m以上,直線－平坦,単路（交差点付近を含む）,規制なし,中央分離帯,区分あり－縁石・ブロック等,車両相互,乗用車－普通車,乗用車－軽自動車,自家用,自家用,乗用車,乗用車,45～54歳,35～44歳,負傷,損傷なし,対象外当事者,対象外当事者,50㎞／ｈ以下,50㎞／ｈ以下,小破,小破,その他,その他,34.1735114,135.1866933
2023,和歌山,和歌山市,105,0168,負傷,0,1,2023/11/30 18:18,2023,11,30,18,18,木,その他,夜－夜,晴,市街地－人口集中,舗装－乾燥,交差点－その他,点灯－３灯式,交差点－大（13.0ｍ以上）－小,直線－平坦,交差点内,規制なし,中央分離なし,区分あり－縁石・ブロック等,車両相互,乗用車－普通車,二輪車－自動二輪－軽二輪－126～250cc,自家用,自家用,乗用車,対象外当事者,25～34歳,0～24歳,損傷なし,負傷,規制なし,規制なし,50㎞／ｈ以下,50㎞／ｈ以下,大破,大破,その他,対象外当事者,34.2035314,135.1795017
2023,和歌山,和歌山市,105,0169,死亡,1,0,2022/08/23 18:30,2022,8,23,18,30,火,その他,昼－暮,晴,市街地－人口集中,舗装－乾燥,単路－その他,施設なし,単路－9.0m以上,直線－平坦,単路（交差点付近を含む）,規制なし,中央線－ペイント,区分あり－縁石・ブロック等,車両単独,乗用車－軽自動車,物件等,自家用,対象外当事者,乗用車,対象外当事者,55～64歳,不明,死亡,対象外当事者,対象外当事者,対象外当事者,50㎞／ｈ以下,対象外当事者,小破,対象外当事者,その他,対象外当事者,34.2101553,135.1783653
2023,和歌山,和歌山市,105,0170,負傷,0,1,2023/12/07 19:10,2023,12,7,19,10,木,その他,夜－夜,晴,市街地－人口集中,舗装－乾燥,交差点－その他,点灯－３灯式,交差点－大（13.0ｍ以上）－大,カーブ・屈折－左－下り,交差点内,規制なし,中央分離なし,区分あり－縁石・ブロック等,車両相互,乗用車－軽自動車,軽車両－自転車,自家用,自転車,乗用車,対象外当事者,75歳以上,0～24歳,損傷なし,負傷,規制なし,規制なし,50㎞／ｈ以下,対象外当事者,小破,小破,その他,対象外当事者,34.22545,135.1702856
2023,和歌山,和歌山市,105,0171,負傷,0,1,2023/12/04 08:37,2023,12,4,8,37,月,その他,昼－昼,晴,市街地－人口集中,舗装－乾燥,交差点－その他,点灯－３灯式,交差点－大（13.0ｍ以上）－大,直線－平坦,交差点内,規制なし,中央分離なし,区分あり－縁石・ブロック等,車両相互,乗用車－普通車,軽車両－自転車,自家用,自転車,乗用車,対象外当事者,75歳以上,45～54歳,損傷なし,負傷,規制なし,規制なし,50㎞／ｈ以下,対象外当事者,小破,小破,その他,対象外当事者,34.2302736,135.1618911
2023,和歌山,和歌山市,105,0172,負傷,0,1,2023/11/11 18:00,2023,11,11,18,0,土,その他,夜－夜,晴,市街地－人口集中,舗装－乾燥,交差点－その他,点灯－３灯式,交差点－大（13.0ｍ以上）－中,直線－平坦,交差点内,規制なし,中央分離なし,区分あり－縁石・ブロック等,車両相互,乗用車－軽自動車,軽車両－自転車,自家用,自転車,乗用車,対象外当事者,65～74歳,0～24歳,損傷なし,負傷,規制なし,規制なし,50㎞／ｈ以下,対象外当事者,中破,中破,その他,対象外当事者,34.2190872,135.1692625
2023,和歌山,和歌山市,105,0173,負傷,0,1,2023/12/19 17:10,2023,12,19,17,10,火,その他,夜－暮,雨,市街地－人口集中,舗装－湿潤,交差点付近－その他,点灯－３灯式,単路－19.5m以上,直線－平坦,単路（交差点付近を含む）,規制なし,中央線－ペイント,区分あり－縁石・ブロック等,車両相互,貨物車－軽自動車,二輪車－自動二輪－原付二種－51～125cc,自家用,自家用,貨物車,対象外当事者,65～74歳,45～54歳,損傷なし,負傷,対象外当事者,対象外当事者,50㎞／ｈ以下,50㎞／ｈ以下,小破,小破,その他,対象外当事者,34.2255422,135.1703806
2023,和歌山,和歌山市,105,0174,負傷,0,1,2023/12/20 09:50,2023,12,20,9,50,水,その他,昼－昼,晴,市街地－人口集中,舗装－乾燥,交差点付近－その他,点灯－３灯式,単路－13.0m以上,直線－平坦,単路（交差点付近を含む）,規制なし,中央分離帯,区分あり－縁石・ブロック等,車両相互,乗用車－軽自動車,乗用車－軽自動車,自家用,自家用,乗用車,乗用車,25～34歳,25～34歳,損傷なし,負傷,対象外当事者,対象外当事者,50㎞／ｈ以下,50㎞／ｈ以下,小破,小破,その他,その他,34.2018431,135.1699322
2023,和歌山,和歌山市,105,0175,負傷,0,1,2023/12/05 15:20,2023,12,5,15,20,火,その他,昼－昼,雨,市街地－人口集中,舗装－湿潤,単路－その他,施設なし,単路－9.0m以上,直線－平坦,単路（交差点付近を含む）,規制なし,中央線－ペイント,区分あり－縁石・ブロック等,車両相互,乗用車－軽自動車,軽車両－駆動補助機付自転車,自家用,自転車,乗用車,対象外当事者,25～34歳,65～74歳,損傷なし,負傷,対象外当事者,対象外当事者,50㎞／ｈ以下,対象外当事者,小破,小破,その他,対象外当事者,34.2141906,135.1774842
2023,和歌山,和歌山市,105,0176,負傷,0,1,2023/12/05 03:20,2023,12,5,3,20,火,その他,夜－夜,晴,市街地－人口集中,舗装－乾燥,単路－その他,施設なし,単路－3.5m以上,直線－平坦,単路（交差点付近を含む）,規制なし,中央分離なし,区分あり－路側帯,人対車両,乗用車－軽自動車,歩行者,自家用,対象外当事者,乗用車,対象外当事者,35～44歳,55～64歳,損傷なし,負傷,対象外当事者,対象外当事者,指定の速度規制なし等,対象外当事者,小破,対象外当事者,その他,対象外当事者,34.2307322,135.1600231
2023,和歌山,和歌山市,105,0177,負傷,0,1,2023/12/13 19:42,2023,12,13,19,42,水,その他,夜－夜,晴,市街地－人口集中,舗装－乾燥,交差点付近－その他,点灯－３灯式,単路－9.0m以上,カーブ・屈折－左－平坦,単路（交差点付近を含む）,規制なし,中央線－ペイント,区分あり－縁石・ブロック等,車両相互,乗用車－普通車,二輪車－一般原付自転車,自家用,自家用,乗用車,対象外当事者,55～64歳,25～34歳,損傷なし,負傷,対象外当事者,対象外当事者,50㎞／ｈ以下,指定の速度規制なし等,小破,中破,その他,対象外当事者,34.2265081,135.1829186
2023,和歌山,和歌山市,105,0178,負傷,0,1,2023/01/16 10:08,2023,1,16,10,8,月,その他,昼－昼,曇,市街地－人口集中,舗装－乾燥,一般交通の場所,施設なし,一般交通の場所,一般交通の場所,その他,規制なし,一般交通の場所,区分なし,車両相互,乗用車－普通車,乗用車－普通車,事業用,自家用,乗用車,乗用車,55～64歳,55～64歳,損傷なし,負傷,対象外当事者,対象外当事者,指定の速度規制なし等,指定の速度規制なし等,小破,小破,その他,その他,34.2203881,135.1689072
2023,和歌山,和歌山市,105,0179,負傷,0,1,2023/12/12 18:42,2023,12,12,18,42,火,その他,夜－夜,晴,市街地－人口集中,舗装－乾燥,交差点－その他,点灯－３灯式,交差点－中（5.5m以上）－小,直線－平坦,交差点内,規制なし,中央分離なし,区分あり－縁石・ブロック等,車両相互,乗用車－普通車,二輪車－一般原付自転車,自家用,自家用,乗用車,対象外当事者,45～54歳,0～24歳,損傷なし,負傷,規制なし,規制なし,50㎞／ｈ以下,指定の速度規制なし等,小破,小破,その他,対象外当事者,34.2094269,135.1592603
2023,和歌山,海南市,106,0075,負傷,0,1,2023/11/23 11:51,2023,11,23,11,51,木,当日,昼－昼,晴,市街地－人口集中,舗装－乾燥,交差点－その他,点灯－３灯式,交差点－大（13.0ｍ以上）－小,直線－平坦,交差点内,規制なし,中央分離なし,区分あり－防護柵等,人対車両,乗用車－軽自動車,歩行者,自家用,対象外当事者,乗用車,対象外当事者,65～74歳,65～74歳,損傷なし,負傷,規制なし,対象外当事者,50㎞／ｈ以下,対象外当事者,小破,対象外当事者,その他,対象外当事者,34.1573875,135.2054778