対象年,都道府県,市区町村,警察署等コード,本票番号,事故内容,死者数,負傷者数,発生日時,発生年,発生月,発生日,発生時,発生分,曜日,祝日,昼夜,天候,地形,路面状態,道路形状,信号機,車道幅員,道路線形,衝突地点,ゾーン規制,中央分離帯施設等,歩車道区分,事故類型,当事者A 種別,当事者B 種別,当事者A 用途,当事者B 用途,当事者A 車両形状,当事者B 車両形状,当事者A 年齢,当事者B 年齢,当事者A 人身損傷程度,当事者B 人身損傷程度,当事者A 一時停止規制標識,当事者B 一時停止規制標識,当事者A 速度規制,当事者B 速度規制,当事者A 車両損壊程度,当事者B 車両損壊程度,当事者A エアバッグ,当事者B エアバッグ,緯度,経度
2023,和歌山,和歌山市,114,0149,負傷,0,1,2023/12/12 06:50,2023,12,12,6,50,火,その他,夜－明,曇,市街地－人口集中,舗装－湿潤,交差点付近－その他,点灯－３灯式,単路－13.0m以上,直線－平坦,単路（交差点付近を含む）,規制なし,中央線－ポストコーン,区分あり－縁石・ブロック等,車両相互,乗用車－軽自動車,乗用車－軽自動車,自家用,自家用,乗用車,乗用車,0～24歳,65～74歳,損傷なし,負傷,対象外当事者,対象外当事者,50㎞／ｈ以下,50㎞／ｈ以下,大破,中破,その他,装備あり 作動,34.2596692,135.1731156
2023,和歌山,和歌山市,114,0150,負傷,0,1,2023/12/11 17:44,2023,12,11,17,44,月,その他,夜－暮,雨,市街地－人口集中,舗装－湿潤,交差点付近－その他,点灯－押ボタン式,単路－5.5m以上,直線－平坦,単路（交差点付近を含む）,規制なし,中央線－ペイント,区分あり－縁石・ブロック等,車両相互,乗用車－普通車,乗用車－軽自動車,自家用,自家用,乗用車,乗用車,35～44歳,25～34歳,損傷なし,負傷,対象外当事者,対象外当事者,40㎞／ｈ以下,40㎞／ｈ以下,小破,小破,その他,その他,34.25732,135.1261581
2023,和歌山,和歌山市,114,0151,負傷,0,1,2023/12/11 07:48,2023,12,11,7,48,月,その他,昼－明,晴,市街地－その他,舗装－乾燥,交差点－その他,点灯－３灯式,交差点－中（5.5m以上）－中,カーブ・屈折－右－下り,交差点内,規制なし,中央分離なし,区分あり－縁石・ブロック等,車両相互,乗用車－普通車,軽車両－自転車,自家用,自転車,乗用車,対象外当事者,55～64歳,0～24歳,損傷なし,負傷,規制なし,規制なし,指定の速度規制なし等,対象外当事者,損壊なし,小破,その他,対象外当事者,34.27353,135.1504872
2024,和歌山,日高川町,59,1,負傷,0,1,2023/12/24 15:05,2023,12,24,15,5,日,その他,昼－昼,晴,非市街地,舗装－乾燥,単路－トンネル,施設なし,単路－5.5m以上,直線－平坦,単路（交差点付近を含む）,規制なし,中央分離帯,区分なし,車両相互,乗用車－普通車,乗用車－軽自動車,自家用,自家用,乗用車,乗用車,65～74歳,65～74歳,損傷なし,負傷,対象外当事者,対象外当事者,80㎞／ｈ以下,80㎞／ｈ以下,小破,中破,その他,その他,33.9516878,135.1977706
2024,和歌山,かつらぎ町,59,2,負傷,0,1,2024/01/19 19:27,2024,1,19,19,27,金,その他,夜－夜,曇,非市街地,舗装－乾燥,単路－その他,施設なし,単路－5.5m以上,直線－平坦,単路（交差点付近を含む）,規制なし,中央線－ワイヤロープ,区分なし,車両相互,乗用車－軽自動車,乗用車－軽自動車,自家用,自家用,乗用車,乗用車,35～44歳,0～24歳,損傷なし,負傷,対象外当事者,対象外当事者,70㎞／ｈ以下,70㎞／ｈ以下,中破,小破,装備あり 作動,その他,34.3053444,135.5144425
2024,和歌山,和歌山市,59,3,負傷,0,1,2024/01/22 13:25,2024,1,22,13,25,月,その他,昼－昼,晴,非市街地,舗装－乾燥,一般交通の場所,施設なし,一般交通の場所,一般交通の場所,その他,規制なし,一般交通の場所,区分あり－縁石・ブロック等,人対車両,貨物車－普通車,歩行者,自家用,対象外当事者,貨物車,対象外当事者,25～34歳,55～64歳,損傷なし,負傷,対象外当事者,対象外当事者,指定の速度規制なし等,対象外当事者,小破,対象外当事者,その他,対象外当事者,34.2749706,135.2478614
2024,和歌山,橋本市,101,1,負傷,0,1,2023/12/22 19:09,2023,12,22,19,9,金,その他,夜－夜,曇,非市街地,舗装－乾燥,交差点－その他,点灯－３灯式,交差点－中（5.5m以上）－小,直線－平坦,交差点内,規制なし,中央線－ペイント,区分なし,車両相互,貨物車－軽自動車,二輪車－自動二輪－原付二種－51～125cc,自家用,自家用,貨物車,対象外当事者,25～34歳,55～64歳,損傷なし,負傷,規制なし,規制なし,40㎞／ｈ以下,40㎞／ｈ以下,小破,小破,その他,対象外当事者,34.3231178,135.6292264
2024,和歌山,橋本市,101,2,負傷,0,1,2023/12/28 10:01,2023,12,28,10,1,木,その他,昼－昼,晴,非市街地,舗装－乾燥,交差点－その他,施設なし,交差点－中（5.5m以上）－小,直線－平坦,交差点内,規制なし,中央分離なし,区分あり－縁石・ブロック等,車両相互,乗用車－普通車,乗用車－普通車,自家用,自家用,乗用車,乗用車,55～64歳,65～74歳,損傷なし,負傷,規制なし,規制なし,指定の速度規制なし等,指定の速度規制なし等,損壊なし,損壊なし,その他,その他,34.3052394,135.5835903
2024,和歌山,橋本市,101,3,負傷,0,1,2024/01/15 21:50,2024,1,15,21,50,月,その他,夜－夜,曇,市街地－その他,舗装－乾燥,単路－その他,施設なし,単路－5.5m以上,直線－平坦,単路（交差点付近を含む）,規制なし,中央線－ペイント,区分あり－縁石・ブロック等,車両相互,乗用車－軽自動車,乗用車－軽自動車,自家用,自家用,乗用車,乗用車,0～24歳,45～54歳,損傷なし,負傷,対象外当事者,対象外当事者,40㎞／ｈ以下,40㎞／ｈ以下,中破,中破,装備あり 作動,装備あり 作動,34.3171178,135.6163558
2024,和歌山,橋本市,101,4,負傷,0,1,2024/01/12 15:50,2024,1,12,15,50,金,その他,昼－昼,曇,非市街地,舗装－乾燥,単路－カーブ・屈折,施設なし,単路－3.5m以上,カーブ・屈折－右－下り,単路（交差点付近を含む）,規制なし,中央分離なし,区分なし,車両単独,軽車両－自転車,相手なし,自転車,対象外当事者,対象外当事者,対象外当事者,75歳以上,不明,負傷,対象外当事者,対象外当事者,対象外当事者,対象外当事者,対象外当事者,小破,対象外当事者,対象外当事者,対象外当事者,34.3227522,135.6259331
2024,和歌山,橋本市,101,5,負傷,0,1,2023/12/15 16:45,2023,12,15,16,45,金,その他,昼－暮,晴,非市街地,舗装－乾燥,交差点－その他,点滅－３灯式,交差点－中（5.5m以上）－小,直線－平坦,交差点内,規制なし,中央分離なし,区分あり－縁石・ブロック等,人対車両,乗用車－軽自動車,歩行者,自家用,対象外当事者,乗用車,対象外当事者,55～64歳,75歳以上,損傷なし,負傷,規制なし,対象外当事者,50㎞／ｈ以下,対象外当事者,小破,対象外当事者,その他,対象外当事者,34.3102567,135.6108811
2024,和歌山,橋本市,101,6,負傷,0,1,2024/01/20 15:20,2024,1,20,15,20,土,その他,昼－昼,曇,市街地－その他,舗装－乾燥,一般交通の場所,施設なし,一般交通の場所,一般交通の場所,その他,規制なし,一般交通の場所,区分なし,車両相互,乗用車－軽自動車,乗用車－軽自動車,自家用,自家用,乗用車,乗用車,75歳以上,45～54歳,損傷なし,負傷,対象外当事者,対象外当事者,指定の速度規制なし等,指定の速度規制なし等,小破,小破,その他,その他,34.328745,135.6463731
2024,和歌山,かつらぎ町,102,1,負傷,0,4,2024/01/13 16:23,2024,1,13,16,23,土,その他,昼－暮,晴,非市街地,舗装－乾燥,交差点付近－その他,点灯－３灯式,単路－5.5m以上,直線－平坦,単路（交差点付近を含む）,規制なし,中央線－ペイント,区分あり－縁石・ブロック等,車両相互,乗用車－軽自動車,貨物車－軽自動車,自家用,自家用,乗用車,貨物車,35～44歳,75歳以上,負傷,損傷なし,対象外当事者,対象外当事者,50㎞／ｈ以下,50㎞／ｈ以下,中破,中破,その他,装備あり 作動,34.2870328,135.4739472
2024,和歌山,かつらぎ町,102,2,負傷,0,1,2023/12/19 17:22,2023,12,19,17,22,火,その他,夜－暮,雨,非市街地,舗装－湿潤,交差点－その他,点灯－３灯式,交差点－中（5.5m以上）－小,直線－平坦,交差点内,規制なし,中央分離なし,区分あり－路側帯,車両相互,乗用車－軽自動車,二輪車－一般原付自転車,自家用,自家用,乗用車,対象外当事者,45～54歳,0～24歳,損傷なし,負傷,規制なし,規制なし,50㎞／ｈ以下,指定の速度規制なし等,小破,小破,その他,対象外当事者,34.2877239,135.4765714
2024,和歌山,紀の川市,103,1,負傷,0,1,2023/04/28 07:55,2023,4,28,7,55,金,前日,昼－昼,晴,非市街地,舗装－乾燥,単路－その他,施設なし,単路－5.5m以上,直線－平坦,単路（交差点付近を含む）,規制なし,中央線－ペイント,区分あり－路側帯,車両相互,乗用車－軽自動車,貨物車－軽自動車,自家用,自家用,乗用車,貨物車,0～24歳,35～44歳,損傷なし,負傷,対象外当事者,対象外当事者,50㎞／ｈ以下,50㎞／ｈ以下,中破,中破,装備あり 作動,その他,34.2839672,135.4384081
2024,和歌山,岩出市,103,2,負傷,0,1,2023/12/28 05:50,2023,12,28,5,50,木,その他,夜－夜,晴,非市街地,舗装－乾燥,交差点付近－その他,点灯－３灯式,単路－13.0m以上,直線－上り,単路（交差点付近を含む）,規制なし,中央分離帯,区分あり－縁石・ブロック等,車両相互,貨物車－準中型車,貨物車－普通車,自家用,自家用,貨物車,貨物車,55～64歳,25～34歳,損傷なし,負傷,対象外当事者,対象外当事者,50㎞／ｈ以下,50㎞／ｈ以下,小破,中破,その他,その他,34.2866408,135.3059289
2024,和歌山,岩出市,103,3,負傷,0,1,2024/01/12 13:04,2024,1,12,13,4,金,その他,昼－昼,晴,市街地－その他,舗装－乾燥,一般交通の場所,施設なし,一般交通の場所,一般交通の場所,その他,規制なし,一般交通の場所,区分なし,車両相互,乗用車－普通車,乗用車－軽自動車,自家用,自家用,乗用車,乗用車,55～64歳,45～54歳,負傷,損傷なし,対象外当事者,対象外当事者,指定の速度規制なし等,指定の速度規制なし等,小破,小破,その他,その他,34.2594042,135.3061597
2024,和歌山,岩出市,103,4,負傷,0,1,2024/01/12 13:05,2024,1,12,13,5,金,その他,昼－昼,晴,市街地－その他,舗装－乾燥,一般交通の場所,施設なし,一般交通の場所,一般交通の場所,その他,規制なし,一般交通の場所,区分なし,車両単独,乗用車－普通車,物件等,自家用,対象外当事者,乗用車,対象外当事者,75歳以上,不明,損傷なし,対象外当事者,対象外当事者,対象外当事者,指定の速度規制なし等,対象外当事者,小破,対象外当事者,その他,対象外当事者,34.2629742,135.2935625
2024,和歌山,紀の川市,103,5,負傷,0,1,2024/01/12 19:45,2024,1,12,19,45,金,その他,夜－夜,晴,非市街地,舗装－乾燥,交差点付近－その他,点灯－押ボタン式,単路－5.5m以上,直線－平坦,単路（交差点付近を含む）,規制なし,中央線－ペイント,区分あり－路側帯,車両相互,乗用車－普通車,乗用車－軽自動車,自家用,自家用,乗用車,乗用車,25～34歳,45～54歳,負傷,損傷なし,対象外当事者,対象外当事者,40㎞／ｈ以下,40㎞／ｈ以下,小破,小破,その他,その他,34.2347886,135.3253944
2024,和歌山,岩出市,103,6,負傷,0,1,2024/01/15 16:03,2024,1,15,16,3,月,その他,昼－昼,曇,非市街地,舗装－乾燥,交差点付近－その他,施設なし,単路－5.5m以上,直線－平坦,単路（交差点付近を含む）,規制なし,中央線－ペイント,区分あり－縁石・ブロック等,車両相互,乗用車－普通車,乗用車－軽自動車,自家用,自家用,乗用車,乗用車,55～64歳,35～44歳,負傷,損傷なし,対象外当事者,対象外当事者,40㎞／ｈ以下,40㎞／ｈ以下,小破,小破,その他,その他,34.2440081,135.3212711
2024,和歌山,紀の川市,103,7,負傷,0,1,2024/01/18 13:20,2024,1,18,13,20,木,その他,昼－昼,雨,非市街地,舗装－湿潤,交差点－その他,施設なし,交差点－中（5.5m以上）－中,直線－平坦,交差点内,規制なし,中央分離なし,区分あり－縁石・ブロック等,車両相互,乗用車－軽自動車,貨物車－軽自動車,自家用,自家用,乗用車,貨物車,65～74歳,0～24歳,負傷,損傷なし,規制なし,規制なし,指定の速度規制なし等,指定の速度規制なし等,小破,小破,その他,その他,34.2588947,135.3410569
2024,和歌山,紀の川市,103,8,負傷,0,1,2024/01/16 06:55,2024,1,16,6,55,火,その他,夜－明,曇,非市街地,舗装－乾燥,交差点－その他,施設なし,交差点－中（5.5m以上）－小,直線－平坦,交差点内,規制なし,中央線－ペイント,区分あり－縁石・ブロック等,車両相互,乗用車－軽自動車,乗用車－軽自動車,自家用,自家用,乗用車,乗用車,45～54歳,35～44歳,損傷なし,負傷,規制なし,規制なし,指定の速度規制なし等,50㎞／ｈ以下,小破,小破,その他,その他,34.2673842,135.3719236
2024,和歌山,紀の川市,103,9,負傷,0,1,2024/01/11 12:45,2024,1,11,12,45,木,その他,昼－昼,晴,非市街地,舗装－乾燥,交差点－その他,施設なし,交差点－中（5.5m以上）－中,直線－平坦,交差点内,規制なし,中央線－ペイント,区分あり－縁石・ブロック等,車両相互,貨物車－普通車,乗用車－軽自動車,自家用,自家用,貨物車,乗用車,25～34歳,25～34歳,損傷なし,負傷,規制なし,規制なし,50㎞／ｈ以下,50㎞／ｈ以下,小破,小破,その他,その他,34.2689319,135.4100994
2024,和歌山,紀の川市,103,10,負傷,0,1,2024/01/19 08:58,2024,1,19,8,58,金,その他,昼－昼,曇,非市街地,舗装－乾燥,交差点－その他,施設なし,交差点－中（5.5m以上）－小,直線－平坦,交差点内,規制なし,中央分離なし,区分あり－縁石・ブロック等,車両相互,乗用車－軽自動車,二輪車－一般原付自転車,自家用,自家用,乗用車,対象外当事者,55～64歳,65～74歳,損傷なし,負傷,標準－反射式,規制なし,指定の速度規制なし等,指定の速度規制なし等,小破,中破,その他,対象外当事者,34.2153953,135.3205231
2024,和歌山,紀の川市,103,11,負傷,0,1,2024/01/22 17:40,2024,1,22,17,40,月,その他,夜－暮,晴,非市街地,舗装－乾燥,単路－その他,施設なし,単路－3.5m以上,直線－平坦,単路（交差点付近を含む）,規制なし,中央線－ペイント,区分あり－路側帯,車両相互,乗用車－普通車,乗用車－普通車,自家用,自家用,乗用車,乗用車,45～54歳,45～54歳,損傷なし,負傷,対象外当事者,対象外当事者,50㎞／ｈ以下,50㎞／ｈ以下,小破,小破,その他,その他,34.2537283,135.3395747
2024,和歌山,紀の川市,103,12,負傷,0,1,2024/01/18 11:10,2024,1,18,11,10,木,その他,昼－昼,雨,非市街地,舗装－湿潤,交差点付近－その他,点灯－３灯式,単路－3.5m未満,直線－平坦,単路（交差点付近を含む）,規制なし,中央線－ペイント,区分あり－縁石・ブロック等,車両相互,乗用車－普通車,乗用車－軽自動車,自家用,自家用,乗用車,乗用車,45～54歳,75歳以上,負傷,損傷なし,対象外当事者,対象外当事者,50㎞／ｈ以下,50㎞／ｈ以下,小破,小破,その他,その他,34.2873625,135.4146319
2024,和歌山,紀の川市,103,13,負傷,0,1,2024/01/30 21:00,2024,1,30,21,0,火,その他,夜－夜,晴,非市街地,舗装－乾燥,交差点－その他,施設なし,交差点－小（5.5m未満）－小,カーブ・屈折－右－上り,交差点内,規制なし,中央分離なし,区分あり－路側帯,車両相互,乗用車－普通車,乗用車－普通車,自家用,自家用,乗用車,乗用車,45～54歳,35～44歳,損傷なし,負傷,規制なし,規制なし,指定の速度規制なし等,指定の速度規制なし等,小破,小破,その他,その他,34.2770578,135.4275981
2024,和歌山,和歌山市,104,1,負傷,0,1,2023/12/29 05:55,2023,12,29,5,55,金,その他,夜－夜,晴,市街地－人口集中,舗装－乾燥,交差点－その他,施設なし,交差点－小（5.5m未満）－小,直線－平坦,交差点内,規制なし,中央分離なし,区分なし,車両相互,二輪車－一般原付自転車,二輪車－一般原付自転車,自家用,自家用,対象外当事者,対象外当事者,45～54歳,35～44歳,損傷なし,負傷,標準－反射式,規制なし,指定の速度規制なし等,指定の速度規制なし等,小破,小破,対象外当事者,対象外当事者,34.2129444,135.1940656
2024,和歌山,和歌山市,104,2,負傷,0,1,2023/11/30 17:28,2023,11,30,17,28,木,その他,夜－暮,晴,市街地－人口集中,舗装－乾燥,一般交通の場所,施設なし,一般交通の場所,一般交通の場所,その他,規制なし,一般交通の場所,区分なし,人対車両,乗用車－普通車,歩行者,自家用,対象外当事者,乗用車,対象外当事者,55～64歳,55～64歳,損傷なし,負傷,対象外当事者,対象外当事者,指定の速度規制なし等,対象外当事者,小破,対象外当事者,その他,対象外当事者,34.2240381,135.1870533
2024,和歌山,和歌山市,104,3,負傷,0,2,2023/11/25 16:37,2023,11,25,16,37,土,その他,昼－暮,晴,市街地－人口集中,舗装－乾燥,交差点－その他,点灯－３灯式,交差点－大（13.0ｍ以上）－中,直線－平坦,交差点内,規制なし,中央分離なし,区分あり－縁石・ブロック等,車両相互,二輪車－一般原付自転車,軽車両－自転車,自家用,自転車,対象外当事者,対象外当事者,0～24歳,0～24歳,負傷,負傷,規制なし,規制なし,指定の速度規制なし等,対象外当事者,小破,小破,対象外当事者,対象外当事者,34.2302867,135.1896542
2024,和歌山,和歌山市,104,4,負傷,0,1,2024/01/09 07:50,2024,1,9,7,50,火,その他,昼－明,晴,非市街地,舗装－乾燥,交差点－その他,施設なし,交差点－中（5.5m以上）－小,直線－平坦,交差点内,規制なし,中央分離なし,区分なし,車両相互,二輪車－一般原付自転車,軽車両－自転車,自家用,自転車,対象外当事者,対象外当事者,35～44歳,0～24歳,損傷なし,負傷,規制なし,規制なし,指定の速度規制なし等,対象外当事者,小破,小破,対象外当事者,対象外当事者,34.2464739,135.2687294
2024,和歌山,和歌山市,104,5,負傷,0,1,2023/12/04 13:12,2023,12,4,13,12,月,その他,昼－昼,晴,市街地－人口集中,舗装－乾燥,交差点－その他,施設なし,交差点－中（5.5m以上）－中,直線－平坦,交差点内,規制なし,中央分離なし,区分あり－路側帯,車両相互,乗用車－軽自動車,乗用車－軽自動車,自家用,自家用,乗用車,乗用車,75歳以上,25～34歳,損傷なし,負傷,標準－反射式,規制なし,指定の速度規制なし等,指定の速度規制なし等,中破,大破,その他,その他,34.2314492,135.1792361
2024,和歌山,和歌山市,104,6,負傷,0,5,2023/10/07 19:02,2023,10,7,19,2,土,その他,夜－夜,晴,非市街地,舗装－乾燥,交差点付近－その他,点灯－３灯式,単路－13.0m以上,直線－平坦,単路（交差点付近を含む）,規制なし,中央分離帯,区分あり－縁石・ブロック等,車両相互,乗用車－軽自動車,乗用車－軽自動車,自家用,自家用,乗用車,乗用車,0～24歳,45～54歳,損傷なし,負傷,対象外当事者,対象外当事者,50㎞／ｈ以下,50㎞／ｈ以下,大破,中破,その他,その他,34.2015839,135.1984297
2024,和歌山,和歌山市,104,7,負傷,0,2,2023/12/17 15:20,2023,12,17,15,20,日,その他,昼－昼,曇,非市街地,舗装－乾燥,単路－その他,施設なし,単路－9.0m以上,直線－平坦,単路（交差点付近を含む）,規制なし,中央分離帯,区分あり－縁石・ブロック等,車両相互,乗用車－軽自動車,貨物車－軽自動車,自家用,自家用,乗用車,貨物車,35～44歳,45～54歳,損傷なし,負傷,対象外当事者,対象外当事者,指定の速度規制なし等,指定の速度規制なし等,小破,小破,その他,その他,34.2063397,135.2266436
2024,和歌山,和歌山市,104,8,負傷,0,1,2024/01/11 07:45,2024,1,11,7,45,木,その他,昼－明,曇,非市街地,舗装－乾燥,単路－その他,施設なし,単路－3.5m未満,直線－平坦,単路（交差点付近を含む）,規制なし,中央分離なし,区分なし,車両相互,乗用車－普通車,乗用車－軽自動車,自家用,自家用,乗用車,乗用車,25～34歳,35～44歳,負傷,損傷なし,対象外当事者,対象外当事者,指定の速度規制なし等,指定の速度規制なし等,小破,小破,その他,その他,34.2455917,135.2673897
2024,和歌山,和歌山市,104,9,負傷,0,1,2023/12/23 18:00,2023,12,23,18,0,土,その他,夜－夜,晴,非市街地,舗装－乾燥,交差点付近－その他,施設なし,単路－9.0m以上,カーブ・屈折－右－平坦,単路（交差点付近を含む）,規制なし,中央線－ペイント,区分あり－路側帯,車両相互,乗用車－軽自動車,軽車両－自転車,自家用,自転車,乗用車,対象外当事者,45～54歳,0～24歳,損傷なし,負傷,対象外当事者,対象外当事者,40㎞／ｈ以下,対象外当事者,小破,小破,その他,対象外当事者,34.2010064,135.1945725
2024,和歌山,和歌山市,104,10,負傷,0,2,2023/12/27 18:52,2023,12,27,18,52,水,その他,夜－夜,晴,市街地－人口集中,舗装－乾燥,交差点－その他,点灯－３灯式,交差点－大（13.0ｍ以上）－中,直線－平坦,交差点内,規制なし,中央分離なし,区分あり－路側帯,車両相互,乗用車－普通車,二輪車－一般原付自転車,自家用,自家用,乗用車,対象外当事者,0～24歳,45～54歳,負傷,負傷,規制なし,規制なし,50㎞／ｈ以下,指定の速度規制なし等,小破,小破,その他,対象外当事者,34.2292772,135.1896847
2024,和歌山,和歌山市,104,11,負傷,0,1,2023/12/23 19:05,2023,12,23,19,5,土,その他,夜－夜,晴,非市街地,舗装－乾燥,交差点付近－その他,点灯－３灯式,単路－13.0m以上,直線－平坦,単路（交差点付近を含む）,規制なし,中央分離帯,区分あり－縁石・ブロック等,車両単独,乗用車－普通車,物件等,自家用,対象外当事者,乗用車,対象外当事者,0～24歳,不明,損傷なし,対象外当事者,対象外当事者,対象外当事者,40㎞／ｈ以下,対象外当事者,小破,対象外当事者,その他,対象外当事者,34.2378536,135.2307603
2024,和歌山,和歌山市,104,12,負傷,0,1,2023/12/24 08:45,2023,12,24,8,45,日,その他,昼－昼,晴,非市街地,舗装－乾燥,交差点－その他,施設なし,交差点－中（5.5m以上）－中,直線－平坦,交差点内,規制なし,中央線－ペイント,区分なし,車両相互,乗用車－軽自動車,対象外当事者,自家用,対象外当事者,乗用車,対象外当事者,55～64歳,不明,負傷,対象外当事者,規制なし,対象外当事者,40㎞／ｈ以下,対象外当事者,小破,対象外当事者,その他,対象外当事者,34.1782178,135.2123386
2024,和歌山,和歌山市,104,13,負傷,0,1,2023/12/29 16:05,2023,12,29,16,5,金,その他,昼－暮,晴,市街地－人口集中,舗装－乾燥,一般交通の場所,施設なし,一般交通の場所,一般交通の場所,その他,規制なし,一般交通の場所,区分なし,車両相互,乗用車－普通車,乗用車－軽自動車,自家用,自家用,乗用車,乗用車,45～54歳,65～74歳,負傷,損傷なし,対象外当事者,対象外当事者,指定の速度規制なし等,指定の速度規制なし等,小破,小破,その他,その他,34.2467278,135.1880556
2024,和歌山,和歌山市,104,14,負傷,0,1,2024/01/12 08:30,2024,1,12,8,30,金,その他,昼－昼,晴,市街地－人口集中,舗装－乾燥,交差点－その他,施設なし,交差点－中（5.5m以上）－小,直線－平坦,交差点内,規制なし,中央分離なし,区分なし,車両相互,乗用車－普通車,軽車両－自転車,自家用,自転車,乗用車,対象外当事者,45～54歳,0～24歳,損傷なし,負傷,規制なし,標準－反射式,指定の速度規制なし等,対象外当事者,小破,小破,その他,対象外当事者,34.2072844,135.1941625
2024,和歌山,和歌山市,104,15,負傷,0,1,2023/12/02 16:03,2023,12,2,16,3,土,その他,昼－暮,晴,非市街地,舗装－乾燥,交差点－その他,施設なし,交差点－小（5.5m未満）－小,直線－平坦,交差点内,規制なし,中央分離なし,区分あり－路側帯,車両相互,乗用車－軽自動車,二輪車－自動二輪－原付二種－51～125cc,自家用,自家用,乗用車,対象外当事者,55～64歳,75歳以上,損傷なし,負傷,規制なし,規制なし,指定の速度規制なし等,40㎞／ｈ以下,小破,小破,その他,対象外当事者,34.2717822,135.262405
2024,和歌山,和歌山市,104,16,負傷,0,1,2023/12/13 18:30,2023,12,13,18,30,水,その他,夜－夜,晴,市街地－人口集中,舗装－乾燥,交差点付近－その他,施設なし,単路－13.0m以上,直線－平坦,単路（交差点付近を含む）,規制なし,中央分離帯,区分あり－縁石・ブロック等,車両相互,乗用車－普通車,二輪車－自動二輪－小型二輪－251～400cc,自家用,自家用,乗用車,対象外当事者,45～54歳,25～34歳,負傷,損傷なし,対象外当事者,対象外当事者,50㎞／ｈ以下,50㎞／ｈ以下,小破,小破,その他,対象外当事者,34.2610158,135.2116728
2024,和歌山,和歌山市,104,17,負傷,0,1,2024/01/10 15:10,2024,1,10,15,10,水,その他,昼－昼,晴,非市街地,舗装－乾燥,交差点付近－その他,施設なし,単路－13.0m以上,直線－平坦,単路（交差点付近を含む）,規制なし,中央分離帯,区分あり－縁石・ブロック等,車両相互,貨物車－普通車,乗用車－軽自動車,自家用,自家用,貨物車,乗用車,0～24歳,45～54歳,負傷,損傷なし,対象外当事者,対象外当事者,指定の速度規制なし等,指定の速度規制なし等,小破,小破,その他,その他,34.2552689,135.2393169
2024,和歌山,和歌山市,104,18,負傷,0,1,2023/12/29 17:55,2023,12,29,17,55,金,その他,夜－暮,晴,市街地－人口集中,舗装－乾燥,交差点－その他,施設なし,交差点－中（5.5m以上）－小,直線－平坦,交差点内,規制なし,中央分離なし,区分なし,車両相互,乗用車－軽自動車,軽車両－自転車,自家用,自転車,乗用車,対象外当事者,55～64歳,65～74歳,損傷なし,負傷,規制なし,規制なし,指定の速度規制なし等,対象外当事者,小破,小破,その他,対象外当事者,34.2372478,135.1935656
2024,和歌山,和歌山市,104,19,負傷,0,1,2023/12/19 18:00,2023,12,19,18,0,火,その他,夜－夜,雨,市街地－その他,舗装－湿潤,交差点－その他,点灯－３灯式,交差点－大（13.0ｍ以上）－中,直線－平坦,交差点内,規制なし,中央分離なし,区分あり－縁石・ブロック等,車両相互,乗用車－普通車,軽車両－自転車,自家用,自転車,乗用車,対象外当事者,65～74歳,35～44歳,損傷なし,負傷,規制なし,規制なし,指定の速度規制なし等,対象外当事者,小破,小破,その他,対象外当事者,34.2618025,135.2307053
2024,和歌山,和歌山市,104,20,負傷,0,1,2024/01/12 08:51,2024,1,12,8,51,金,その他,昼－昼,晴,非市街地,舗装－乾燥,単路－その他,施設なし,単路－3.5m以上,直線－平坦,単路（交差点付近を含む）,規制なし,中央分離なし,区分なし,車両相互,乗用車－普通車,乗用車－軽自動車,自家用,自家用,乗用車,乗用車,25～34歳,65～74歳,負傷,損傷なし,対象外当事者,対象外当事者,指定の速度規制なし等,指定の速度規制なし等,小破,小破,その他,その他,34.2647339,135.2653433
2024,和歌山,和歌山市,104,21,負傷,0,1,2024/01/09 18:05,2024,1,9,18,5,火,その他,夜－暮,晴,市街地－人口集中,舗装－乾燥,交差点－その他,施設なし,交差点－中（5.5m以上）－中,直線－平坦,交差点内,規制なし,中央分離なし,区分あり－路側帯,車両相互,乗用車－普通車,二輪車－一般原付自転車,自家用,自家用,乗用車,対象外当事者,25～34歳,0～24歳,損傷なし,負傷,標準－反射式,規制なし,指定の速度規制なし等,指定の速度規制なし等,小破,小破,その他,対象外当事者,34.2296069,135.1928456
2024,和歌山,和歌山市,104,22,負傷,0,1,2024/01/19 18:05,2024,1,19,18,5,金,その他,夜－暮,曇,市街地－その他,舗装－乾燥,交差点－その他,施設なし,交差点－大（13.0ｍ以上）－中,直線－平坦,交差点内,規制なし,中央分離なし,区分あり－縁石・ブロック等,車両相互,乗用車－普通車,軽車両－自転車,自家用,自転車,乗用車,対象外当事者,0～24歳,55～64歳,損傷なし,負傷,規制なし,規制なし,指定の速度規制なし等,対象外当事者,小破,小破,その他,対象外当事者,34.2337764,135.2143328
2024,和歌山,和歌山市,104,23,負傷,0,1,2023/11/30 09:30,2023,11,30,9,30,木,その他,昼－昼,晴,市街地－その他,舗装－乾燥,交差点付近－その他,施設なし,単路－3.5m以上,直線－平坦,単路（交差点付近を含む）,規制なし,中央分離なし,区分なし,車両相互,貨物車－大型車,乗用車－軽自動車,自家用,自家用,貨物車,乗用車,55～64歳,35～44歳,損傷なし,負傷,対象外当事者,対象外当事者,40㎞／ｈ以下,40㎞／ｈ以下,小破,小破,その他,その他,34.2043,135.2356389