対象年,都道府県,市区町村,警察署等コード,本票番号,事故内容,死者数,負傷者数,発生日時,発生年,発生月,発生日,発生時,発生分,曜日,祝日,昼夜,天候,地形,路面状態,道路形状,信号機,車道幅員,道路線形,衝突地点,ゾーン規制,中央分離帯施設等,歩車道区分,事故類型,当事者A 種別,当事者B 種別,当事者A 用途,当事者B 用途,当事者A 車両形状,当事者B 車両形状,当事者A 年齢,当事者B 年齢,当事者A 人身損傷程度,当事者B 人身損傷程度,当事者A 一時停止規制標識,当事者B 一時停止規制標識,当事者A 速度規制,当事者B 速度規制,当事者A 車両損壊程度,当事者B 車両損壊程度,当事者A エアバッグ,当事者B エアバッグ,緯度,経度
2024,和歌山,紀美野町,106,16,死亡,1,3,2024/04/12 14:15,2024,4,12,14,15,金,その他,昼－昼,晴,非市街地,舗装－乾燥,単路－カーブ・屈折,施設なし,単路－3.5m以上,カーブ・屈折－右－下り,その他,規制なし,中央分離なし,区分あり－路側帯,車両単独,乗用車－普通車,相手なし,自家用,対象外当事者,乗用車,対象外当事者,75歳以上,不明,負傷,対象外当事者,対象外当事者,対象外当事者,指定の速度規制なし等,対象外当事者,大破,対象外当事者,装備あり 作動,対象外当事者,34.1237603,135.3446819
2024,和歌山,海南市,106,17,負傷,0,1,2024/04/16 06:50,2024,4,16,6,50,火,その他,昼－昼,曇,市街地－その他,舗装－乾燥,交差点－その他,施設なし,交差点－中（5.5m以上）－中,直線－平坦,交差点内,規制なし,中央線－ペイント,区分あり－防護柵等,車両相互,貨物車－軽自動車,二輪車－自動二輪－軽二輪－126～250cc,自家用,自家用,貨物車,対象外当事者,55～64歳,55～64歳,損傷なし,負傷,規制なし,規制なし,40㎞／ｈ以下,40㎞／ｈ以下,中破,中破,その他,対象外当事者,34.1726867,135.2424675
2024,和歌山,由良町,109,15,負傷,0,1,2024/03/07 14:25,2024,3,7,14,25,木,その他,昼－昼,晴,非市街地,舗装－乾燥,単路－その他,施設なし,単路－5.5m以上,直線－平坦,単路（交差点付近を含む）,規制なし,中央線－ペイント,区分あり－縁石・ブロック等,車両相互,乗用車－普通車,貨物車－軽自動車,自家用,自家用,乗用車,貨物車,65～74歳,75歳以上,負傷,損傷なし,対象外当事者,対象外当事者,50㎞／ｈ以下,指定の速度規制なし等,小破,小破,その他,その他,33.9670261,135.1254483
2024,和歌山,日高川町,109,16,負傷,0,1,2024/03/19 12:20,2024,3,19,12,20,火,前日,昼－昼,曇,非市街地,舗装－乾燥,交差点－その他,施設なし,交差点－中（5.5m以上）－中,直線－平坦,交差点内,規制なし,中央分離なし,区分あり－縁石・ブロック等,車両単独,二輪車－自動二輪－軽二輪－126～250cc,相手なし,自家用,対象外当事者,対象外当事者,対象外当事者,55～64歳,不明,負傷,対象外当事者,規制なし,対象外当事者,指定の速度規制なし等,対象外当事者,小破,対象外当事者,対象外当事者,対象外当事者,33.9444128,135.2464358
2024,和歌山,御坊市,109,17,負傷,0,1,2024/04/02 17:10,2024,4,2,17,10,火,その他,昼－昼,曇,市街地－その他,舗装－乾燥,交差点付近－その他,点灯－３灯式,単路－3.5m以上,直線－平坦,単路（交差点付近を含む）,規制なし,中央線－ペイント,区分あり－縁石・ブロック等,車両相互,乗用車－普通車,乗用車－軽自動車,自家用,自家用,乗用車,乗用車,35～44歳,25～34歳,負傷,損傷なし,対象外当事者,対象外当事者,指定の速度規制なし等,指定の速度規制なし等,小破,小破,その他,その他,33.8937094,135.1509186
2024,和歌山,印南町,109,18,負傷,0,1,2024/02/17 13:59,2024,2,17,13,59,土,その他,昼－昼,晴,非市街地,舗装－乾燥,単路－カーブ・屈折,施設なし,単路－3.5m以上,カーブ・屈折－左－平坦,単路（交差点付近を含む）,規制なし,中央線－ペイント,区分あり－縁石・ブロック等,人対車両,乗用車－普通車,歩行者,自家用,対象外当事者,乗用車,対象外当事者,65～74歳,0～24歳,損傷なし,負傷,対象外当事者,対象外当事者,50㎞／ｈ以下,対象外当事者,小破,対象外当事者,その他,対象外当事者,33.8036917,135.2270564
2024,和歌山,日高町,109,19,負傷,0,1,2024/04/12 11:50,2024,4,12,11,50,金,その他,昼－昼,晴,市街地－その他,舗装－乾燥,単路－カーブ・屈折,施設なし,単路－3.5m以上,カーブ・屈折－右－平坦,単路（交差点付近を含む）,規制なし,中央分離なし,区分なし,車両相互,乗用車－普通車,乗用車－普通車,自家用,自家用,乗用車,乗用車,35～44歳,55～64歳,損傷なし,負傷,対象外当事者,対象外当事者,指定の速度規制なし等,指定の速度規制なし等,小破,小破,その他,その他,33.9196039,135.1191519
2024,和歌山,田辺市,110,31,負傷,0,1,2024/03/21 18:50,2024,3,21,18,50,木,その他,夜－暮,晴,市街地－その他,舗装－乾燥,交差点－その他,施設なし,交差点－中（5.5m以上）－小,カーブ・屈折－左－平坦,交差点内,規制なし,中央分離なし,区分あり－路側帯,車両相互,乗用車－軽自動車,二輪車－自動二輪－原付二種－51～125cc,自家用,自家用,乗用車,対象外当事者,65～74歳,35～44歳,損傷なし,負傷,規制なし,規制なし,30㎞／ｈ以下,30㎞／ｈ以下,小破,中破,その他,対象外当事者,33.7393075,135.3917006
2024,和歌山,田辺市,110,32,負傷,0,2,2024/03/31 08:10,2024,3,31,8,10,日,その他,昼－昼,晴,非市街地,舗装－乾燥,交差点－その他,施設なし,交差点－中（5.5m以上）－小,直線－平坦,交差点内,規制なし,中央線－ペイント,区分あり－路側帯,車両相互,乗用車－普通車,貨物車－軽自動車,自家用,自家用,乗用車,貨物車,0～24歳,75歳以上,負傷,負傷,規制なし,規制なし,40㎞／ｈ以下,指定の速度規制なし等,中破,中破,その他,その他,33.8010272,135.3645008
2024,和歌山,田辺市,110,33,負傷,0,1,2024/03/30 21:30,2024,3,30,21,30,土,その他,夜－夜,晴,市街地－人口集中,舗装－乾燥,交差点－その他,施設なし,交差点－小（5.5m未満）－小,直線－平坦,交差点内,規制なし,中央分離なし,区分なし,車両相互,乗用車－普通車,軽車両－自転車,自家用,自転車,乗用車,対象外当事者,25～34歳,35～44歳,損傷なし,負傷,標準－反射式,規制なし,指定の速度規制なし等,対象外当事者,小破,中破,その他,対象外当事者,33.7212422,135.4007903
2024,和歌山,田辺市,110,34,負傷,0,1,2024/03/08 13:35,2024,3,8,13,35,金,その他,昼－昼,晴,非市街地,舗装－乾燥,単路－その他,施設なし,単路－5.5m以上,直線－上り,単路（交差点付近を含む）,規制なし,中央線－ペイント,区分あり－縁石・ブロック等,車両相互,乗用車－普通車,二輪車－一般原付自転車,自家用,自家用,乗用車,対象外当事者,25～34歳,75歳以上,損傷なし,負傷,対象外当事者,対象外当事者,指定の速度規制なし等,指定の速度規制なし等,小破,小破,その他,対象外当事者,33.7076594,135.4001072
2024,和歌山,みなべ町,110,35,負傷,0,1,2024/03/31 10:05,2024,3,31,10,5,日,その他,昼－昼,晴,非市街地,舗装－乾燥,交差点－その他,施設なし,交差点－中（5.5m以上）－小,直線－平坦,交差点内,規制なし,中央線－ペイント,区分あり－縁石・ブロック等,車両相互,乗用車－普通車,乗用車－軽自動車,自家用,自家用,乗用車,乗用車,45～54歳,65～74歳,負傷,損傷なし,規制なし,規制なし,指定の速度規制なし等,40㎞／ｈ以下,小破,小破,その他,その他,33.7747447,135.3266367
2024,和歌山,田辺市,110,36,負傷,0,1,2024/04/04 15:20,2024,4,4,15,20,木,その他,昼－昼,晴,市街地－人口集中,舗装－乾燥,交差点－その他,点灯－３灯式,交差点－中（5.5m以上）－小,直線－平坦,交差点内,規制なし,中央分離なし,区分あり－縁石・ブロック等,車両相互,乗用車－普通車,乗用車－軽自動車,自家用,自家用,乗用車,乗用車,65～74歳,45～54歳,損傷なし,負傷,規制なし,規制なし,30㎞／ｈ以下,30㎞／ｈ以下,中破,中破,その他,装備あり 作動,33.7296944,135.3807328
2024,和歌山,田辺市,110,37,負傷,0,1,2024/03/25 13:27,2024,3,25,13,27,月,その他,昼－昼,曇,非市街地,舗装－乾燥,交差点－その他,点灯－３灯式,交差点－中（5.5m以上）－小,直線－平坦,交差点内,規制なし,中央分離なし,区分あり－縁石・ブロック等,車両相互,乗用車－軽自動車,貨物車－軽自動車,自家用,自家用,乗用車,貨物車,65～74歳,75歳以上,負傷,損傷なし,規制なし,規制なし,30㎞／ｈ以下,30㎞／ｈ以下,中破,小破,装備あり 作動,その他,33.7319867,135.3692942
2024,和歌山,田辺市,110,38,負傷,0,1,2024/03/08 11:10,2024,3,8,11,10,金,その他,昼－昼,晴,市街地－人口集中,舗装－乾燥,交差点－その他,点灯－３灯式,交差点－大（13.0ｍ以上）－中,直線－平坦,交差点内,規制なし,中央分離なし,区分あり－縁石・ブロック等,車両相互,乗用車－軽自動車,貨物車－軽自動車,自家用,自家用,乗用車,貨物車,55～64歳,75歳以上,負傷,損傷なし,規制なし,規制なし,指定の速度規制なし等,指定の速度規制なし等,大破,大破,その他,その他,33.7408172,135.3906194
2024,和歌山,田辺市,110,39,負傷,0,1,2024/04/03 07:30,2024,4,3,7,30,水,その他,昼－昼,雨,非市街地,舗装－湿潤,単路－橋,施設なし,単路－5.5m以上,直線－下り,単路（交差点付近を含む）,規制なし,中央線－ポストコーン,区分あり－縁石・ブロック等,車両相互,乗用車－普通車,貨物車－軽自動車,自家用,自家用,乗用車,貨物車,45～54歳,35～44歳,負傷,損傷なし,対象外当事者,対象外当事者,指定の速度規制なし等,指定の速度規制なし等,小破,小破,その他,その他,33.7479233,135.3637475
2024,和歌山,田辺市,110,40,負傷,0,1,2024/03/31 09:09,2024,3,31,9,9,日,その他,昼－昼,晴,非市街地,舗装－乾燥,単路－トンネル,施設なし,単路－5.5m以上,カーブ・屈折－左－平坦,単路（交差点付近を含む）,規制なし,中央線－ペイント,区分あり－縁石・ブロック等,車両相互,乗用車－普通車,乗用車－軽自動車,自家用,自家用,乗用車,乗用車,0～24歳,35～44歳,損傷なし,負傷,対象外当事者,対象外当事者,50㎞／ｈ以下,50㎞／ｈ以下,大破,大破,装備あり 作動,装備あり 作動,33.7303117,135.4346711
2024,和歌山,田辺市,110,41,負傷,0,1,2024/04/12 08:45,2024,4,12,8,45,金,その他,昼－昼,晴,非市街地,舗装－乾燥,単路－その他,施設なし,単路－3.5m未満,直線－下り,単路（交差点付近を含む）,規制なし,中央分離なし,区分なし,車両単独,貨物車－軽自動車,相手なし,自家用,対象外当事者,貨物車,対象外当事者,75歳以上,不明,負傷,対象外当事者,対象外当事者,対象外当事者,指定の速度規制なし等,対象外当事者,小破,対象外当事者,その他,対象外当事者,33.9400197,135.5581186
2024,和歌山,田辺市,110,42,負傷,0,1,2024/04/20 12:10,2024,4,20,12,10,土,その他,昼－昼,晴,市街地－人口集中,舗装－乾燥,交差点－その他,施設なし,交差点－中（5.5m以上）－小,直線－上り,交差点内,規制なし,中央線－ペイント,区分あり－縁石・ブロック等,車両相互,乗用車－軽自動車,二輪車－自動二輪－原付二種－51～125cc,自家用,自家用,乗用車,対象外当事者,25～34歳,25～34歳,損傷なし,負傷,規制なし,規制なし,40㎞／ｈ以下,40㎞／ｈ以下,小破,小破,その他,対象外当事者,33.7414167,135.378975
2024,和歌山,田辺市,110,43,負傷,0,1,2024/04/22 08:45,2024,4,22,8,45,月,その他,昼－昼,雨,市街地－人口集中,舗装－湿潤,交差点付近－その他,施設なし,単路－3.5m未満,直線－下り,単路（交差点付近を含む）,規制なし,中央線－ペイント,区分あり－縁石・ブロック等,車両相互,乗用車－軽自動車,乗用車－軽自動車,自家用,自家用,乗用車,乗用車,0～24歳,45～54歳,損傷なし,負傷,対象外当事者,対象外当事者,30㎞／ｈ以下,30㎞／ｈ以下,小破,小破,その他,その他,33.7325528,135.3923
2024,和歌山,田辺市,110,44,負傷,0,1,2024/03/13 12:50,2024,3,13,12,50,水,その他,昼－昼,晴,非市街地,舗装－乾燥,交差点－その他,点灯－３灯式,交差点－中（5.5m以上）－小,カーブ・屈折－左－下り,交差点内,規制なし,中央分離なし,区分あり－防護柵等,車両相互,乗用車－普通車,貨物車－軽自動車,自家用,自家用,乗用車,貨物車,0～24歳,55～64歳,損傷なし,負傷,規制なし,規制なし,40㎞／ｈ以下,40㎞／ｈ以下,小破,小破,その他,その他,33.7373725,135.3677003
2024,和歌山,新宮市,112,11,負傷,0,1,2024/03/23 18:30,2024,3,23,18,30,土,その他,夜－暮,雨,市街地－その他,舗装－湿潤,交差点付近－その他,点灯－３灯式,単路－13.0m以上,直線－下り,単路（交差点付近を含む）,規制なし,中央分離帯,区分あり－縁石・ブロック等,車両相互,乗用車－普通車,乗用車－軽自動車,自家用,自家用,乗用車,乗用車,45～54歳,45～54歳,損傷なし,負傷,対象外当事者,対象外当事者,指定の速度規制なし等,指定の速度規制なし等,小破,小破,その他,その他,33.69587,135.9877214
2024,和歌山,新宮市,112,12,負傷,0,1,2024/04/06 15:15,2024,4,6,15,15,土,その他,昼－昼,曇,市街地－人口集中,舗装－乾燥,交差点－その他,施設なし,交差点－中（5.5m以上）－小,直線－平坦,交差点内,規制なし,中央分離なし,区分なし,車両相互,乗用車－軽自動車,乗用車－軽自動車,自家用,自家用,乗用車,乗用車,45～54歳,45～54歳,損傷なし,負傷,標準－反射式,規制なし,30㎞／ｈ以下,30㎞／ｈ以下,小破,小破,その他,その他,33.7278108,135.9961481
2024,和歌山,串本町,112,13,負傷,0,1,2024/04/02 14:00,2024,4,2,14,0,火,その他,昼－昼,曇,市街地－その他,舗装－乾燥,一般交通の場所,施設なし,一般交通の場所,一般交通の場所,その他,規制なし,一般交通の場所,区分なし,人対車両,乗用車－普通車,歩行者,自家用,対象外当事者,乗用車,対象外当事者,75歳以上,75歳以上,損傷なし,負傷,対象外当事者,対象外当事者,指定の速度規制なし等,対象外当事者,小破,対象外当事者,その他,対象外当事者,33.4763961,135.7833803
2024,和歌山,串本町,112,14,負傷,0,1,2024/03/09 10:30,2024,3,9,10,30,土,その他,昼－昼,晴,市街地－その他,舗装－乾燥,交差点－その他,施設なし,交差点－中（5.5m以上）－小,直線－平坦,交差点内,ゾーン30,中央分離なし,区分あり－路側帯,車両相互,貨物車－普通車,軽車両－自転車,自家用,自転車,貨物車,対象外当事者,75歳以上,75歳以上,損傷なし,負傷,規制なし,標準－反射式,30㎞／ｈ以下,対象外当事者,小破,小破,その他,対象外当事者,33.47123,135.7806978
2024,和歌山,那智勝浦町,112,15,負傷,0,1,2024/03/26 08:55,2024,3,26,8,55,火,その他,昼－昼,雨,非市街地,舗装－湿潤,単路－トンネル,施設なし,単路－5.5m以上,直線－上り,単路（交差点付近を含む）,規制なし,中央線－ポストコーン,区分あり－縁石・ブロック等,車両相互,貨物車－準中型車,乗用車－軽自動車,自家用,自家用,貨物車,乗用車,55～64歳,25～34歳,損傷なし,負傷,対象外当事者,対象外当事者,70㎞／ｈ以下,70㎞／ｈ以下,中破,大破,その他,装備あり 作動,33.6616411,135.94214
2024,和歌山,新宮市,112,16,負傷,0,1,2023/12/17 11:35,2023,12,17,11,35,日,その他,昼－昼,晴,市街地－人口集中,舗装－乾燥,単路－その他,施設なし,単路－3.5m未満,直線－平坦,単路（交差点付近を含む）,規制なし,中央分離なし,区分なし,車両相互,貨物車－準中型車,乗用車－軽自動車,自家用,自家用,貨物車,乗用車,0～24歳,25～34歳,損傷なし,負傷,対象外当事者,対象外当事者,指定の速度規制なし等,指定の速度規制なし等,小破,小破,その他,その他,33.7172058,135.9867197
2024,和歌山,新宮市,112,17,負傷,0,1,2024/04/19 07:25,2024,4,19,7,25,金,その他,昼－昼,晴,市街地－人口集中,舗装－乾燥,交差点－その他,施設なし,交差点－中（5.5m以上）－小,直線－平坦,交差点内,規制なし,中央分離なし,区分あり－路側帯,車両相互,乗用車－普通車,軽車両－自転車,自家用,自転車,乗用車,対象外当事者,55～64歳,0～24歳,損傷なし,負傷,規制なし,規制なし,指定の速度規制なし等,対象外当事者,小破,小破,その他,対象外当事者,33.6870347,135.982525
2024,和歌山,新宮市,112,18,負傷,0,2,2024/04/20 10:43,2024,4,20,10,43,土,その他,昼－昼,晴,非市街地,舗装－乾燥,交差点付近－その他,点灯－３灯式,単路－9.0m以上,直線－下り,単路（交差点付近を含む）,規制なし,中央線－ポストコーン,区分あり－縁石・ブロック等,車両相互,乗用車－軽自動車,乗用車－軽自動車,自家用,自家用,乗用車,乗用車,35～44歳,45～54歳,損傷なし,負傷,対象外当事者,対象外当事者,50㎞／ｈ以下,50㎞／ｈ以下,小破,小破,その他,その他,33.7194697,135.9791428
2024,和歌山,那智勝浦町,112,19,負傷,0,1,2024/04/11 10:25,2024,4,11,10,25,木,その他,昼－昼,晴,非市街地,舗装－乾燥,単路－その他,施設なし,単路－3.5m以上,直線－平坦,単路（交差点付近を含む）,規制なし,中央線－ワイヤロープ,区分あり－路側帯,車両相互,乗用車－普通車,乗用車－軽自動車,自家用,自家用,乗用車,乗用車,65～74歳,45～54歳,損傷なし,負傷,対象外当事者,対象外当事者,70㎞／ｈ以下,70㎞／ｈ以下,小破,小破,その他,その他,33.6202319,135.9181008
2024,和歌山,串本町,112,20,負傷,0,5,2024/03/09 14:46,2024,3,9,14,46,土,その他,昼－昼,晴,非市街地,舗装－乾燥,単路－カーブ・屈折,施設なし,単路－5.5m以上,カーブ・屈折－左－下り,単路（交差点付近を含む）,規制なし,中央線－ペイント,区分あり－縁石・ブロック等,車両相互,乗用車－普通車,乗用車－普通車,自家用,自家用,乗用車,乗用車,25～34歳,25～34歳,損傷なし,負傷,対象外当事者,対象外当事者,指定の速度規制なし等,指定の速度規制なし等,大破,大破,装備あり 作動,装備あり 作動,33.4952828,135.6656781
2024,和歌山,白浜町,113,11,負傷,0,1,2024/03/22 15:43,2024,3,22,15,43,金,その他,昼－昼,晴,非市街地,舗装－乾燥,交差点－その他,施設なし,交差点－小（5.5m未満）－小,直線－平坦,交差点内,規制なし,中央分離なし,区分なし,車両相互,乗用車－軽自動車,乗用車－軽自動車,自家用,自家用,乗用車,乗用車,0～24歳,55～64歳,損傷なし,負傷,規制なし,規制なし,指定の速度規制なし等,指定の速度規制なし等,小破,小破,装備あり 作動,装備あり 作動,33.6802969,135.4130578
2024,和歌山,白浜町,113,12,負傷,0,2,2024/04/21 23:25,2024,4,21,23,25,日,その他,夜－夜,雨,非市街地,舗装－湿潤,交差点付近－その他,点灯－３灯式,単路－5.5m以上,直線－上り,単路（交差点付近を含む）,規制なし,中央分離なし,区分あり－縁石・ブロック等,車両相互,乗用車－軽自動車,乗用車－軽自動車,自家用,自家用,乗用車,乗用車,55～64歳,25～34歳,損傷なし,負傷,対象外当事者,対象外当事者,指定の速度規制なし等,指定の速度規制なし等,中破,中破,その他,その他,33.68008,135.373665
2024,和歌山,和歌山市,114,35,負傷,0,1,2024/03/18 17:20,2024,3,18,17,20,月,その他,昼－暮,晴,市街地－人口集中,舗装－乾燥,交差点－その他,施設なし,交差点－小（5.5m未満）－小,直線－平坦,交差点内,規制なし,中央線－ペイント,区分あり－路側帯,車両相互,二輪車－一般原付自転車,軽車両－自転車,自家用,自転車,対象外当事者,対象外当事者,25～34歳,0～24歳,損傷なし,負傷,規制なし,標準－反射式,指定の速度規制なし等,対象外当事者,小破,中破,対象外当事者,対象外当事者,34.2501892,135.1295439
2024,和歌山,和歌山市,114,36,負傷,0,1,2024/03/21 18:56,2024,3,21,18,56,木,その他,夜－暮,曇,市街地－人口集中,舗装－乾燥,交差点－その他,施設なし,交差点－大（13.0ｍ以上）－小,直線－平坦,交差点内,規制なし,中央分離なし,区分あり－縁石・ブロック等,車両相互,二輪車－一般原付自転車,軽車両－自転車,自家用,自転車,対象外当事者,対象外当事者,25～34歳,0～24歳,損傷なし,負傷,規制なし,規制なし,指定の速度規制なし等,対象外当事者,小破,小破,対象外当事者,対象外当事者,34.2354233,135.1535183
2024,和歌山,和歌山市,114,37,負傷,0,1,2024/04/06 10:15,2024,4,6,10,15,土,その他,昼－昼,晴,市街地－その他,舗装－乾燥,単路－その他,施設なし,単路－13.0m以上,直線－平坦,単路（交差点付近を含む）,規制なし,中央分離帯,区分あり－縁石・ブロック等,車両相互,乗用車－普通車,軽車両－自転車,自家用,自転車,乗用車,対象外当事者,65～74歳,65～74歳,損傷なし,負傷,対象外当事者,対象外当事者,指定の速度規制なし等,対象外当事者,小破,小破,その他,対象外当事者,34.2584236,135.1160572
2024,和歌山,和歌山市,114,38,負傷,0,1,2024/02/20 13:05,2024,2,20,13,5,火,その他,昼－昼,晴,市街地－人口集中,舗装－乾燥,交差点－その他,点灯－３灯式,交差点－中（5.5m以上）－中,直線－平坦,交差点内,規制なし,中央分離なし,区分あり－路側帯,人対車両,乗用車－軽自動車,歩行者,自家用,対象外当事者,乗用車,対象外当事者,45～54歳,75歳以上,損傷なし,負傷,規制なし,対象外当事者,30㎞／ｈ以下,対象外当事者,小破,対象外当事者,その他,対象外当事者,34.2400744,135.1576364
2024,和歌山,和歌山市,114,39,負傷,0,1,2024/04/11 10:50,2024,4,11,10,50,木,その他,昼－昼,晴,市街地－人口集中,舗装－乾燥,一般交通の場所,施設なし,一般交通の場所,一般交通の場所,その他,規制なし,一般交通の場所,区分なし,車両相互,乗用車－普通車,乗用車－軽自動車,自家用,自家用,乗用車,乗用車,45～54歳,0～24歳,負傷,損傷なし,対象外当事者,対象外当事者,指定の速度規制なし等,指定の速度規制なし等,小破,小破,その他,その他,34.2385406,135.1542464
2024,和歌山,和歌山市,114,40,負傷,0,1,2024/03/13 14:28,2024,3,13,14,28,水,その他,昼－昼,晴,市街地－人口集中,舗装－乾燥,交差点－その他,施設なし,交差点－中（5.5m以上）－小,直線－平坦,交差点内,規制なし,中央分離なし,区分あり－縁石・ブロック等,車両相互,乗用車－普通車,乗用車－普通車,自家用,自家用,乗用車,乗用車,55～64歳,25～34歳,損傷なし,負傷,規制なし,規制なし,50㎞／ｈ以下,50㎞／ｈ以下,中破,小破,装備あり 作動,その他,34.2288017,135.1439111
2024,和歌山,和歌山市,114,41,負傷,0,1,2024/04/14 16:07,2024,4,14,16,7,日,その他,昼－昼,晴,市街地－人口集中,舗装－乾燥,交差点－その他,点灯－３灯式,交差点－大（13.0ｍ以上）－中,直線－平坦,交差点内,規制なし,中央分離なし,区分あり－縁石・ブロック等,車両相互,乗用車－普通車,乗用車－普通車,自家用,自家用,乗用車,乗用車,0～24歳,45～54歳,損傷なし,負傷,規制なし,規制なし,50㎞／ｈ以下,50㎞／ｈ以下,小破,小破,その他,その他,34.2534875,135.1458217
2024,和歌山,和歌山市,114,43,負傷,0,1,2024/04/20 11:50,2024,4,20,11,50,土,その他,昼－昼,晴,非市街地,舗装－乾燥,交差点付近－その他,施設なし,単路－5.5m以上,直線－平坦,単路（交差点付近を含む）,規制なし,中央線－ペイント,区分あり－路側帯,車両相互,二輪車－一般原付自転車,軽車両－自転車,自家用,自転車,対象外当事者,対象外当事者,75歳以上,35～44歳,損傷なし,負傷,対象外当事者,対象外当事者,指定の速度規制なし等,対象外当事者,小破,小破,対象外当事者,対象外当事者,34.2914347,135.0763511
2024,和歌山,和歌山市,114,44,負傷,0,1,2024/04/15 16:50,2024,4,15,16,50,月,その他,昼－昼,晴,市街地－人口集中,舗装－乾燥,単路－その他,施設なし,単路－9.0m以上,直線－平坦,単路（交差点付近を含む）,規制なし,中央分離帯,区分あり－縁石・ブロック等,車両相互,乗用車－普通車,軽車両－自転車,自家用,自転車,乗用車,対象外当事者,55～64歳,0～24歳,損傷なし,負傷,対象外当事者,対象外当事者,指定の速度規制なし等,対象外当事者,小破,小破,その他,対象外当事者,34.2614631,135.1864922
2024,和歌山,和歌山市,114,45,負傷,0,3,2024/04/20 13:25,2024,4,20,13,25,土,その他,昼－昼,曇,市街地－人口集中,舗装－乾燥,単路－その他,施設なし,単路－9.0m以上,直線－上り,単路（交差点付近を含む）,規制なし,中央分離帯,区分あり－縁石・ブロック等,車両相互,乗用車－普通車,乗用車－普通車,自家用,自家用,乗用車,乗用車,0～24歳,65～74歳,損傷なし,負傷,対象外当事者,対象外当事者,50㎞／ｈ以下,50㎞／ｈ以下,小破,中破,その他,その他,34.2535703,135.1442353
2024,和歌山,和歌山市,114,46,負傷,0,2,2024/03/27 08:36,2024,3,27,8,36,水,その他,昼－昼,晴,市街地－人口集中,舗装－乾燥,交差点－その他,施設なし,交差点－小（5.5m未満）－小,直線－平坦,交差点内,規制なし,中央分離なし,区分あり－路側帯,車両相互,二輪車－自動二輪－原付二種－51～125cc,二輪車－一般原付自転車,自家用,自家用,対象外当事者,対象外当事者,35～44歳,65～74歳,負傷,負傷,規制なし,規制なし,40㎞／ｈ以下,指定の速度規制なし等,小破,小破,対象外当事者,対象外当事者,34.2463708,135.1471869
2024,和歌山,和歌山市,114,47,負傷,0,1,2024/04/25 10:20,2024,4,25,10,20,木,その他,昼－昼,晴,市街地－人口集中,舗装－乾燥,単路－その他,施設なし,単路－5.5m以上,直線－平坦,単路（交差点付近を含む）,規制なし,中央分離なし,区分あり－路側帯,車両相互,乗用車－普通車,二輪車－一般原付自転車,自家用,自家用,乗用車,対象外当事者,65～74歳,45～54歳,損傷なし,負傷,対象外当事者,対象外当事者,40㎞／ｈ以下,指定の速度規制なし等,小破,小破,その他,対象外当事者,34.2573036,135.1154811
2024,和歌山,和歌山市,114,48,負傷,0,1,2024/04/18 07:59,2024,4,18,7,59,木,その他,昼－昼,晴,市街地－人口集中,舗装－乾燥,交差点付近－その他,点灯－３灯式,単路－13.0m以上,直線－平坦,単路（交差点付近を含む）,規制なし,中央分離帯,区分あり－縁石・ブロック等,車両相互,乗用車－普通車,乗用車－軽自動車,自家用,自家用,乗用車,乗用車,55～64歳,25～34歳,損傷なし,負傷,対象外当事者,対象外当事者,50㎞／ｈ以下,50㎞／ｈ以下,中破,中破,その他,その他,34.2613378,135.1855467
2024,和歌山,和歌山市,114,49,負傷,0,1,2024/04/19 19:10,2024,4,19,19,10,金,その他,夜－暮,晴,市街地－人口集中,舗装－乾燥,一般交通の場所,施設なし,一般交通の場所,一般交通の場所,その他,規制なし,一般交通の場所,区分なし,車両相互,乗用車－普通車,二輪車－一般原付自転車,自家用,自家用,乗用車,対象外当事者,0～24歳,45～54歳,損傷なし,負傷,対象外当事者,対象外当事者,指定の速度規制なし等,指定の速度規制なし等,小破,小破,その他,対象外当事者,34.2412464,135.1504619
2024,和歌山,和歌山市,114,50,負傷,0,2,2024/04/20 19:12,2024,4,20,19,12,土,その他,夜－暮,曇,市街地－人口集中,舗装－乾燥,交差点付近－その他,点灯－３灯式,単路－5.5m以上,直線－平坦,単路（交差点付近を含む）,規制なし,中央線－ペイント,区分あり－路側帯,車両相互,乗用車－軽自動車,乗用車－軽自動車,事業用,自家用,乗用車,乗用車,25～34歳,35～44歳,損傷なし,負傷,対象外当事者,対象外当事者,50㎞／ｈ以下,50㎞／ｈ以下,小破,小破,その他,その他,34.2444172,135.1635917
2024,和歌山,岩出市,59,10,負傷,0,1,2024/05/07 04:55,2024,5,7,4,55,火,その他,夜－明,曇,非市街地,舗装－湿潤,単路－その他,点灯－３灯式,単路－9.0m以上,直線－平坦,単路（交差点付近を含む）,規制なし,中央分離帯,区分あり－防護柵等,車両相互,貨物車－大型車,乗用車－普通車,事業用,自家用,貨物車,乗用車,35～44歳,45～54歳,損傷なし,負傷,対象外当事者,対象外当事者,40㎞／ｈ以下,40㎞／ｈ以下,小破,小破,その他,その他,34.2900278,135.3050189
2024,和歌山,和歌山市,59,11,負傷,0,1,2024/05/13 11:40,2024,5,13,11,40,月,その他,昼－昼,雨,非市街地,舗装－湿潤,単路－その他,施設なし,単路－3.5m以上,直線－下り,単路（交差点付近を含む）,規制なし,中央分離なし,区分あり－防護柵等,車両相互,貨物車－準中型車,貨物車－軽自動車,自家用,自家用,貨物車,貨物車,45～54歳,35～44歳,損傷なし,負傷,対象外当事者,対象外当事者,30㎞／ｈ以下,30㎞／ｈ以下,小破,小破,その他,その他,34.2578964,135.2197431