対象年,都道府県,市区町村,警察署等コード,本票番号,事故内容,死者数,負傷者数,発生日時,発生年,発生月,発生日,発生時,発生分,曜日,祝日,昼夜,天候,地形,路面状態,道路形状,信号機,車道幅員,道路線形,衝突地点,ゾーン規制,中央分離帯施設等,歩車道区分,事故類型,当事者A 種別,当事者B 種別,当事者A 用途,当事者B 用途,当事者A 車両形状,当事者B 車両形状,当事者A 年齢,当事者B 年齢,当事者A 人身損傷程度,当事者B 人身損傷程度,当事者A 一時停止規制標識,当事者B 一時停止規制標識,当事者A 速度規制,当事者B 速度規制,当事者A 車両損壊程度,当事者B 車両損壊程度,当事者A エアバッグ,当事者B エアバッグ,緯度,経度
2024,和歌山,田辺市,110,93,負傷,0,1,2024/11/08 09:00,2024,11,8,9,0,金,その他,昼－昼,晴,非市街地,舗装－乾燥,一般交通の場所,施設なし,一般交通の場所,一般交通の場所,その他,規制なし,一般交通の場所,区分なし,車両相互,乗用車－軽自動車,乗用車－軽自動車,自家用,自家用,乗用車,乗用車,75歳以上,45～54歳,損傷なし,負傷,対象外当事者,対象外当事者,指定の速度規制なし等,指定の速度規制なし等,小破,小破,その他,その他,33.7312022,135.4041833
2024,和歌山,田辺市,110,94,負傷,0,1,2024/10/21 13:10,2024,10,21,13,10,月,その他,昼－昼,晴,市街地－人口集中,舗装－乾燥,交差点－その他,施設なし,交差点－中（5.5m以上）－中,カーブ・屈折－右－平坦,交差点内,規制なし,中央分離なし,区分あり－縁石・ブロック等,車両相互,乗用車－軽自動車,二輪車－一般原付自転車,自家用,自家用,乗用車,対象外当事者,25～34歳,75歳以上,損傷なし,負傷,規制なし,規制なし,30㎞／ｈ以下,30㎞／ｈ以下,小破,小破,その他,対象外当事者,33.7334644,135.3946275
2024,和歌山,田辺市,110,95,負傷,0,1,2024/10/20 19:23,2024,10,20,19,23,日,その他,夜－夜,晴,非市街地,舗装－乾燥,単路－その他,施設なし,単路－9.0m以上,直線－平坦,単路（交差点付近を含む）,規制なし,中央分離帯,区分あり－縁石・ブロック等,車両相互,乗用車－普通車,二輪車－自動二輪－原付二種－51～125cc,自家用,自家用,乗用車,対象外当事者,25～34歳,65～74歳,損傷なし,負傷,対象外当事者,対象外当事者,指定の速度規制なし等,指定の速度規制なし等,中破,中破,その他,対象外当事者,33.7286331,135.4008778
2024,和歌山,みなべ町,110,96,負傷,0,1,2024/11/08 17:05,2024,11,8,17,5,金,その他,夜－暮,晴,非市街地,舗装－乾燥,単路－その他,施設なし,単路－3.5m以上,直線－上り,単路（交差点付近を含む）,規制なし,中央線－ペイント,区分あり－縁石・ブロック等,車両相互,乗用車－軽自動車,貨物車－軽自動車,自家用,自家用,乗用車,貨物車,55～64歳,35～44歳,損傷なし,負傷,対象外当事者,対象外当事者,50㎞／ｈ以下,50㎞／ｈ以下,小破,小破,その他,その他,33.7819311,135.2804106
2024,和歌山,田辺市,110,97,死亡,1,2,2024/11/22 07:06,2024,11,22,7,6,金,前日,昼－明,晴,市街地－その他,舗装－乾燥,単路－その他,施設なし,単路－5.5m以上,直線－上り,単路（交差点付近を含む）,規制なし,中央線－ペイント,区分なし,車両相互,貨物車－準中型車,貨物車－普通車,事業用,自家用,貨物車,貨物車,25～34歳,65～74歳,負傷,死亡,対象外当事者,対象外当事者,指定の速度規制なし等,指定の速度規制なし等,大破,大破,装備あり 作動,装備あり 作動,33.7508206,135.3565392
2024,和歌山,田辺市,110,98,負傷,0,1,2024/11/21 11:05,2024,11,21,11,5,木,その他,昼－昼,晴,市街地－人口集中,舗装－乾燥,一般交通の場所,施設なし,一般交通の場所,一般交通の場所,その他,規制なし,一般交通の場所,区分なし,車両相互,乗用車－軽自動車,乗用車－軽自動車,自家用,自家用,乗用車,乗用車,65～74歳,45～54歳,損傷なし,負傷,対象外当事者,対象外当事者,指定の速度規制なし等,指定の速度規制なし等,小破,小破,その他,その他,33.7401772,135.3737869
2024,和歌山,みなべ町,110,99,負傷,0,1,2024/11/18 07:30,2024,11,18,7,30,月,その他,昼－明,晴,市街地－その他,舗装－乾燥,交差点－その他,施設なし,交差点－中（5.5m以上）－中,直線－平坦,交差点内,規制なし,中央線－ペイント,区分あり－縁石・ブロック等,車両相互,乗用車－軽自動車,軽車両－自転車,自家用,自転車,乗用車,対象外当事者,65～74歳,0～24歳,損傷なし,負傷,標準－反射式,規制なし,指定の速度規制なし等,対象外当事者,小破,小破,その他,対象外当事者,33.7747211,135.3265861
2024,和歌山,田辺市,110,100,負傷,0,3,2024/11/14 11:35,2024,11,14,11,35,木,その他,昼－昼,晴,市街地－その他,舗装－乾燥,交差点付近－その他,点灯－３灯式,単路－13.0m以上,直線－上り,単路（交差点付近を含む）,規制なし,中央分離帯,区分あり－縁石・ブロック等,車両相互,乗用車－軽自動車,乗用車－軽自動車,自家用,自家用,乗用車,乗用車,75歳以上,0～24歳,損傷なし,負傷,対象外当事者,対象外当事者,指定の速度規制なし等,指定の速度規制なし等,小破,中破,その他,その他,33.7457003,135.3688594
2024,和歌山,那智勝浦町,112,50,負傷,0,1,2024/10/24 06:05,2024,10,24,6,5,木,その他,夜－明,曇,非市街地,舗装－湿潤,単路－カーブ・屈折,施設なし,単路－5.5m以上,カーブ・屈折－左－下り,単路（交差点付近を含む）,規制なし,中央線－ペイント,区分あり－路側帯,車両単独,二輪車－一般原付自転車,相手なし,自家用,対象外当事者,対象外当事者,対象外当事者,65～74歳,不明,負傷,対象外当事者,対象外当事者,対象外当事者,指定の速度規制なし等,対象外当事者,小破,対象外当事者,対象外当事者,対象外当事者,33.6707231,135.8948106
2024,和歌山,新宮市,112,51,負傷,0,1,2024/10/31 18:08,2024,10,31,18,8,木,その他,夜－夜,晴,非市街地,舗装－乾燥,単路－その他,施設なし,単路－9.0m以上,直線－下り,単路（交差点付近を含む）,規制なし,中央分離帯,区分あり－縁石・ブロック等,車両相互,乗用車－普通車,乗用車－軽自動車,自家用,自家用,乗用車,乗用車,45～54歳,75歳以上,負傷,損傷なし,対象外当事者,対象外当事者,50㎞／ｈ以下,50㎞／ｈ以下,小破,小破,その他,その他,33.6969992,135.9882808
2024,和歌山,新宮市,112,52,負傷,0,1,2024/10/18 13:05,2024,10,18,13,5,金,その他,昼－昼,雨,市街地－人口集中,舗装－湿潤,単路－その他,施設なし,単路－5.5m以上,直線－平坦,単路（交差点付近を含む）,規制なし,中央線－ペイント,区分あり－防護柵等,車両相互,乗用車－普通車,乗用車－軽自動車,自家用,自家用,乗用車,乗用車,75歳以上,55～64歳,損傷なし,負傷,対象外当事者,対象外当事者,40㎞／ｈ以下,40㎞／ｈ以下,小破,小破,その他,その他,33.7243678,135.9920786
2024,和歌山,串本町,112,53,負傷,0,1,2024/10/08 17:19,2024,10,8,17,19,火,その他,昼－暮,曇,市街地－その他,舗装－乾燥,交差点－その他,施設なし,交差点－小（5.5m未満）－小,直線－上り,交差点内,規制なし,中央分離なし,区分あり－路側帯,人対車両,乗用車－普通車,歩行者,自家用,対象外当事者,乗用車,対象外当事者,35～44歳,75歳以上,損傷なし,負傷,標準－反射式,対象外当事者,指定の速度規制なし等,対象外当事者,小破,対象外当事者,その他,対象外当事者,33.4770458,135.7829589
2024,和歌山,那智勝浦町,112,54,負傷,0,1,2024/10/11 21:35,2024,10,11,21,35,金,その他,夜－夜,晴,非市街地,舗装－乾燥,単路－その他,施設なし,単路－9.0m以上,直線－平坦,単路（交差点付近を含む）,規制なし,中央線－ワイヤロープ,区分なし,車両相互,二輪車－自動二輪－軽二輪－126～250cc,二輪車－自動二輪－軽二輪－126～250cc,自家用,自家用,対象外当事者,対象外当事者,0～24歳,0～24歳,損傷なし,損傷なし,対象外当事者,対象外当事者,70㎞／ｈ以下,70㎞／ｈ以下,小破,小破,対象外当事者,対象外当事者,33.6416728,135.9277797
2024,和歌山,太地町,112,55,負傷,0,1,2024/08/26 08:54,2024,8,26,8,54,月,その他,昼－昼,雨,市街地－その他,舗装－湿潤,交差点－その他,施設なし,交差点－小（5.5m未満）－小,直線－平坦,交差点内,規制なし,中央分離なし,区分あり－路側帯,車両相互,乗用車－軽自動車,二輪車－自動二輪－軽二輪－126～250cc,自家用,自家用,乗用車,対象外当事者,75歳以上,35～44歳,損傷なし,負傷,規制なし,規制なし,指定の速度規制なし等,指定の速度規制なし等,損壊なし,損壊なし,その他,対象外当事者,33.5916183,135.9328683
2024,和歌山,串本町,112,56,負傷,0,1,2024/11/06 14:40,2024,11,6,14,40,水,その他,昼－昼,晴,市街地－その他,舗装－乾燥,交差点－その他,施設なし,交差点－小（5.5m未満）－小,直線－平坦,交差点内,規制なし,中央分離なし,区分なし,車両相互,貨物車－軽自動車,軽車両－自転車,自家用,自転車,貨物車,対象外当事者,75歳以上,0～24歳,損傷なし,負傷,規制なし,規制なし,指定の速度規制なし等,対象外当事者,小破,小破,その他,対象外当事者,33.4691639,135.7777292
2024,和歌山,田辺市,112,57,負傷,0,1,2024/11/15 19:31,2024,11,15,19,31,金,その他,夜－夜,曇,非市街地,舗装－湿潤,単路－その他,施設なし,単路－5.5m以上,直線－平坦,単路（交差点付近を含む）,規制なし,中央線－ペイント,区分あり－縁石・ブロック等,人対車両,乗用車－軽自動車,歩行者,自家用,対象外当事者,乗用車,対象外当事者,55～64歳,55～64歳,損傷なし,負傷,対象外当事者,対象外当事者,指定の速度規制なし等,対象外当事者,小破,対象外当事者,その他,対象外当事者,33.8216997,135.7928353
2024,和歌山,串本町,112,58,負傷,0,1,2024/11/05 18:25,2024,11,5,18,25,火,その他,夜－夜,晴,非市街地,舗装－乾燥,単路－カーブ・屈折,施設なし,単路－3.5m以上,カーブ・屈折－左－下り,単路（交差点付近を含む）,規制なし,中央線－ペイント,区分あり－縁石・ブロック等,車両相互,乗用車－普通車,乗用車－軽自動車,自家用,自家用,乗用車,乗用車,35～44歳,0～24歳,負傷,損傷なし,対象外当事者,対象外当事者,50㎞／ｈ以下,指定の速度規制なし等,小破,小破,装備あり 作動,装備あり 作動,33.4788222,135.7784669
2024,和歌山,串本町,112,59,負傷,0,1,2024/10/22 09:25,2024,10,22,9,25,火,その他,昼－昼,晴,市街地－その他,舗装－乾燥,交差点－その他,点灯－３灯式,交差点－小（5.5m未満）－小,直線－平坦,交差点内,規制なし,中央分離なし,区分あり－縁石・ブロック等,車両相互,乗用車－軽自動車,二輪車－一般原付自転車,自家用,自家用,乗用車,対象外当事者,65～74歳,65～74歳,損傷なし,負傷,規制なし,規制なし,40㎞／ｈ以下,30㎞／ｈ以下,小破,小破,その他,対象外当事者,33.4660822,135.7813103
2024,和歌山,新宮市,112,60,負傷,0,1,2024/11/19 17:55,2024,11,19,17,55,火,その他,夜－夜,晴,市街地－その他,舗装－乾燥,単路－その他,施設なし,単路－9.0m以上,直線－下り,単路（交差点付近を含む）,規制なし,中央分離帯,区分あり－縁石・ブロック等,人対車両,乗用車－軽自動車,歩行者,自家用,対象外当事者,乗用車,対象外当事者,65～74歳,65～74歳,損傷なし,負傷,対象外当事者,対象外当事者,50㎞／ｈ以下,対象外当事者,中破,対象外当事者,装備あり 作動,対象外当事者,33.7076856,135.9875297
2024,和歌山,串本町,112,61,負傷,0,2,2024/10/09 10:28,2024,10,9,10,28,水,その他,昼－昼,曇,非市街地,舗装－乾燥,単路－その他,施設なし,単路－5.5m以上,直線－上り,単路（交差点付近を含む）,規制なし,中央線－ペイント,区分あり－路側帯,車両相互,乗用車－普通車,乗用車－軽自動車,自家用,自家用,乗用車,乗用車,25～34歳,25～34歳,損傷なし,負傷,対象外当事者,対象外当事者,指定の速度規制なし等,指定の速度規制なし等,中破,中破,装備あり 作動,その他,33.4907528,135.6735461
2024,和歌山,新宮市,112,62,負傷,0,1,2024/11/06 17:29,2024,11,6,17,29,水,その他,夜－暮,晴,市街地－人口集中,舗装－乾燥,交差点－その他,施設なし,交差点－小（5.5m未満）－小,直線－平坦,交差点内,規制なし,中央線－ペイント,区分あり－路側帯,車両相互,貨物車－軽自動車,軽車両－自転車,自家用,自転車,貨物車,対象外当事者,45～54歳,0～24歳,損傷なし,負傷,規制なし,規制なし,50㎞／ｈ以下,対象外当事者,小破,小破,その他,対象外当事者,33.7189822,135.9854769
2024,和歌山,上富田町,113,38,負傷,0,1,2024/10/29 12:55,2024,10,29,12,55,火,その他,昼－昼,曇,非市街地,舗装－湿潤,交差点－その他,施設なし,交差点－中（5.5m以上）－小,直線－平坦,交差点内,規制なし,中央分離なし,区分あり－路側帯,車両相互,乗用車－軽自動車,二輪車－一般原付自転車,自家用,自家用,乗用車,対象外当事者,75歳以上,75歳以上,損傷なし,負傷,規制なし,規制なし,指定の速度規制なし等,指定の速度規制なし等,小破,小破,その他,対象外当事者,33.7048825,135.4197392
2024,和歌山,白浜町,113,39,負傷,0,1,2024/09/04 18:40,2024,9,4,18,40,水,その他,夜－暮,晴,市街地－その他,舗装－乾燥,交差点－その他,点灯－押ボタン式,交差点－中（5.5m以上）－小,直線－平坦,交差点内,規制なし,中央線－ペイント,区分あり－路側帯,人対車両,乗用車－軽自動車,歩行者,自家用,対象外当事者,乗用車,対象外当事者,0～24歳,65～74歳,損傷なし,負傷,規制なし,対象外当事者,50㎞／ｈ以下,対象外当事者,小破,対象外当事者,その他,対象外当事者,33.6628292,135.3857422
2024,和歌山,和歌山市,114,109,負傷,0,1,2024/10/22 10:07,2024,10,22,10,7,火,その他,昼－昼,晴,市街地－人口集中,舗装－乾燥,交差点－その他,施設なし,交差点－中（5.5m以上）－小,直線－平坦,交差点内,規制なし,中央線－ペイント,区分あり－縁石・ブロック等,車両相互,乗用車－軽自動車,軽車両－駆動補助機付自転車,自家用,自転車,乗用車,対象外当事者,65～74歳,75歳以上,損傷なし,負傷,標準－反射式,規制なし,指定の速度規制なし等,対象外当事者,小破,小破,その他,対象外当事者,34.2520678,135.1552614
2024,和歌山,和歌山市,114,110,負傷,0,1,2024/10/17 07:38,2024,10,17,7,38,木,その他,昼－昼,曇,市街地－その他,舗装－乾燥,交差点－その他,点灯－３灯式,交差点－大（13.0ｍ以上）－中,直線－平坦,交差点内,規制なし,中央分離なし,区分あり－縁石・ブロック等,車両相互,貨物車－軽自動車,軽車両－自転車,自家用,自転車,貨物車,対象外当事者,75歳以上,0～24歳,損傷なし,負傷,規制なし,規制なし,50㎞／ｈ以下,対象外当事者,小破,小破,その他,対象外当事者,34.2669547,135.1459733
2024,和歌山,和歌山市,114,111,負傷,0,1,2024/10/19 18:20,2024,10,19,18,20,土,その他,夜－暮,曇,市街地－人口集中,舗装－湿潤,一般交通の場所,施設なし,一般交通の場所,一般交通の場所,その他,規制なし,一般交通の場所,区分なし,人対車両,二輪車－一般原付自転車,歩行者,自家用,対象外当事者,対象外当事者,対象外当事者,0～24歳,45～54歳,損傷なし,負傷,対象外当事者,対象外当事者,指定の速度規制なし等,対象外当事者,小破,対象外当事者,対象外当事者,対象外当事者,34.2556467,135.1387761
2024,和歌山,和歌山市,114,112,負傷,0,1,2024/09/24 09:25,2024,9,24,9,25,火,その他,昼－昼,晴,市街地－人口集中,舗装－乾燥,交差点付近－その他,施設なし,単路－5.5m以上,直線－平坦,単路（交差点付近を含む）,規制なし,中央分離なし,区分あり－縁石・ブロック等,人対車両,乗用車－普通車,歩行者,自家用,対象外当事者,乗用車,対象外当事者,75歳以上,0～24歳,損傷なし,負傷,対象外当事者,対象外当事者,30㎞／ｈ以下,対象外当事者,小破,対象外当事者,その他,対象外当事者,34.2574189,135.1806969
2024,和歌山,和歌山市,114,113,負傷,0,1,2024/10/31 16:20,2024,10,31,16,20,木,その他,昼－暮,曇,市街地－人口集中,舗装－乾燥,交差点－その他,施設なし,交差点－中（5.5m以上）－中,直線－平坦,交差点内,規制なし,中央線－ペイント,区分あり－路側帯,車両相互,貨物車－普通車,二輪車－自動二輪－軽二輪－126～250cc,自家用,自家用,貨物車,対象外当事者,25～34歳,0～24歳,損傷なし,負傷,標準－反射式,規制なし,40㎞／ｈ以下,40㎞／ｈ以下,小破,小破,その他,対象外当事者,34.2617486,135.1441928
2024,和歌山,和歌山市,114,114,負傷,0,1,2024/10/11 17:45,2024,10,11,17,45,金,その他,夜－暮,晴,市街地－人口集中,舗装－乾燥,交差点－その他,施設なし,交差点－小（5.5m未満）－小,直線－平坦,交差点内,規制なし,中央分離なし,区分なし,車両相互,貨物車－軽自動車,二輪車－自動二輪－小型二輪－251～400cc,事業用,自家用,貨物車,対象外当事者,45～54歳,25～34歳,損傷なし,負傷,規制なし,規制なし,指定の速度規制なし等,指定の速度規制なし等,損壊なし,小破,その他,対象外当事者,34.2559303,135.1709803
2024,和歌山,和歌山市,114,115,負傷,0,1,2024/11/02 20:15,2024,11,2,20,15,土,前日,夜－夜,曇,市街地－人口集中,舗装－乾燥,単路－その他,施設なし,単路－5.5m以上,直線－平坦,単路（交差点付近を含む）,規制なし,中央線－ペイント,区分あり－路側帯,人対車両,乗用車－普通車,歩行者,自家用,対象外当事者,乗用車,対象外当事者,65～74歳,45～54歳,損傷なし,負傷,対象外当事者,対象外当事者,40㎞／ｈ以下,対象外当事者,小破,対象外当事者,その他,対象外当事者,34.2533797,135.1227575
2024,和歌山,和歌山市,114,116,負傷,0,1,2024/10/21 16:45,2024,10,21,16,45,月,その他,昼－暮,晴,市街地－人口集中,舗装－乾燥,単路－その他,施設なし,単路－13.0m以上,直線－平坦,単路（交差点付近を含む）,規制なし,中央分離帯,区分あり－縁石・ブロック等,車両相互,乗用車－軽自動車,軽車両－自転車,自家用,自転車,乗用車,対象外当事者,25～34歳,0～24歳,損傷なし,負傷,対象外当事者,対象外当事者,50㎞／ｈ以下,対象外当事者,小破,小破,その他,対象外当事者,34.2568639,135.1541186
2024,和歌山,和歌山市,114,117,負傷,0,1,2024/11/01 11:20,2024,11,1,11,20,金,その他,昼－昼,雨,市街地－人口集中,舗装－湿潤,交差点－その他,施設なし,交差点－小（5.5m未満）－小,直線－平坦,交差点内,規制なし,中央分離なし,区分なし,車両相互,貨物車－軽自動車,二輪車－自動二輪－原付二種－51～125cc,事業用,自家用,貨物車,対象外当事者,55～64歳,0～24歳,損傷なし,負傷,標準－反射式,規制なし,指定の速度規制なし等,指定の速度規制なし等,小破,小破,その他,対象外当事者,34.2588619,135.1405064
2024,和歌山,和歌山市,114,118,負傷,0,1,2024/10/18 17:25,2024,10,18,17,25,金,その他,夜－暮,曇,市街地－その他,舗装－湿潤,交差点－その他,点灯－３灯式,交差点－中（5.5m以上）－中,直線－平坦,交差点内,規制なし,中央分離なし,区分あり－縁石・ブロック等,車両相互,乗用車－普通車,乗用車－軽自動車,自家用,自家用,乗用車,乗用車,0～24歳,25～34歳,損傷なし,負傷,規制なし,規制なし,40㎞／ｈ以下,30㎞／ｈ以下,小破,小破,その他,その他,34.2733661,135.1485794
2024,和歌山,和歌山市,114,119,負傷,0,1,2024/11/11 17:45,2024,11,11,17,45,月,その他,夜－暮,晴,市街地－その他,舗装－乾燥,交差点－その他,施設なし,交差点－中（5.5m以上）－小,カーブ・屈折－右－平坦,交差点内,規制なし,中央分離なし,区分あり－路側帯,車両相互,乗用車－普通車,軽車両－自転車,自家用,自転車,乗用車,対象外当事者,55～64歳,0～24歳,損傷なし,負傷,規制なし,規制なし,指定の速度規制なし等,対象外当事者,小破,中破,その他,対象外当事者,34.2465406,135.1416083
2024,和歌山,和歌山市,114,120,負傷,0,1,2024/10/30 15:40,2024,10,30,15,40,水,その他,昼－昼,晴,市街地－人口集中,舗装－乾燥,一般交通の場所,施設なし,一般交通の場所,一般交通の場所,その他,規制なし,一般交通の場所,区分なし,車両相互,乗用車－普通車,乗用車－軽自動車,自家用,自家用,乗用車,乗用車,55～64歳,65～74歳,負傷,損傷なし,対象外当事者,対象外当事者,指定の速度規制なし等,指定の速度規制なし等,小破,小破,その他,その他,34.2554481,135.1387217
2024,和歌山,和歌山市,114,121,負傷,0,1,2024/11/22 19:00,2024,11,22,19,0,金,前日,夜－夜,晴,市街地－その他,舗装－乾燥,一般交通の場所,施設なし,一般交通の場所,一般交通の場所,その他,規制なし,一般交通の場所,区分なし,車両相互,乗用車－普通車,乗用車－軽自動車,自家用,自家用,乗用車,乗用車,25～34歳,0～24歳,負傷,損傷なし,対象外当事者,対象外当事者,指定の速度規制なし等,指定の速度規制なし等,小破,小破,その他,その他,34.2600267,135.1111164
2024,和歌山,和歌山市,114,122,負傷,0,1,2024/11/19 21:10,2024,11,19,21,10,火,その他,夜－夜,晴,市街地－人口集中,舗装－乾燥,単路－その他,施設なし,単路－9.0m以上,直線－平坦,単路（交差点付近を含む）,規制なし,中央分離なし,区分あり－縁石・ブロック等,車両相互,貨物車－軽自動車,二輪車－自動二輪－小型二輪－251～400cc,自家用,自家用,貨物車,対象外当事者,75歳以上,0～24歳,損傷なし,負傷,対象外当事者,対象外当事者,50㎞／ｈ以下,50㎞／ｈ以下,中破,中破,その他,対象外当事者,34.2613972,135.1873256
2024,和歌山,和歌山市,114,123,負傷,0,1,2024/10/27 05:19,2024,10,27,5,19,日,その他,夜－明,晴,市街地－人口集中,舗装－乾燥,単路－その他,施設なし,単路－5.5m以上,直線－平坦,単路（交差点付近を含む）,規制なし,中央線－ペイント,区分あり－縁石・ブロック等,車両単独,軽車両－自転車,物件等,自転車,対象外当事者,対象外当事者,対象外当事者,75歳以上,不明,負傷,対象外当事者,対象外当事者,対象外当事者,対象外当事者,対象外当事者,小破,対象外当事者,対象外当事者,対象外当事者,34.2491867,135.1571436
2024,和歌山,和歌山市,114,124,負傷,0,1,2024/11/19 07:20,2024,11,19,7,20,火,その他,昼－明,曇,市街地－人口集中,舗装－乾燥,交差点付近－その他,施設なし,単路－3.5m以上,直線－平坦,単路（交差点付近を含む）,規制なし,中央分離なし,区分あり－路側帯,車両相互,二輪車－一般原付自転車,二輪車－一般原付自転車,自家用,自家用,対象外当事者,対象外当事者,35～44歳,0～24歳,損傷なし,負傷,対象外当事者,対象外当事者,指定の速度規制なし等,指定の速度規制なし等,小破,小破,対象外当事者,対象外当事者,34.2566103,135.1651847
2024,和歌山,和歌山市,59,36,負傷,0,1,2024/10/02 05:27,2024,10,2,5,27,水,その他,夜－明,晴,市街地－その他,舗装－乾燥,単路－その他,施設なし,単路－9.0m以上,直線－上り,単路（交差点付近を含む）,規制なし,中央分離帯,区分なし,車両相互,貨物車－大型車,貨物車－中型車,事業用,自家用,貨物車,貨物車,55～64歳,55～64歳,負傷,損傷なし,対象外当事者,対象外当事者,80㎞／ｈ以下,80㎞／ｈ以下,小破,小破,その他,その他,34.2827881,135.2721267
2024,和歌山,和歌山市,59,37,負傷,0,3,2024/11/29 17:55,2024,11,29,17,55,金,その他,夜－夜,曇,非市街地,舗装－乾燥,単路－その他,施設なし,単路－5.5m以上,直線－平坦,単路（交差点付近を含む）,規制なし,中央分離なし,区分なし,車両相互,乗用車－普通車,貨物車－軽自動車,自家用,自家用,乗用車,貨物車,25～34歳,45～54歳,負傷,損傷なし,対象外当事者,対象外当事者,30㎞／ｈ以下,30㎞／ｈ以下,小破,小破,その他,その他,34.2573253,135.2193375
2024,和歌山,海南市,59,38,負傷,0,1,2024/11/26 19:13,2024,11,26,19,13,火,その他,夜－夜,雨,非市街地,舗装－湿潤,単路－その他,施設なし,単路－5.5m以上,直線－平坦,単路（交差点付近を含む）,規制なし,中央分離なし,区分なし,車両単独,貨物車－軽自動車,物件等,自家用,対象外当事者,貨物車,対象外当事者,35～44歳,不明,損傷なし,対象外当事者,対象外当事者,対象外当事者,80㎞／ｈ以下,対象外当事者,大破,対象外当事者,装備あり 作動,対象外当事者,34.1277461,135.2011853
2024,和歌山,有田川町,59,39,負傷,0,1,2024/11/21 15:03,2024,11,21,15,3,木,その他,昼－昼,晴,市街地－その他,舗装－乾燥,単路－その他,施設なし,単路－9.0m以上,直線－平坦,単路（交差点付近を含む）,規制なし,中央分離帯,区分なし,車両相互,乗用車－軽自動車,乗用車－軽自動車,自家用,自家用,乗用車,乗用車,55～64歳,55～64歳,損傷なし,負傷,対象外当事者,対象外当事者,80㎞／ｈ以下,80㎞／ｈ以下,小破,小破,その他,その他,34.0634033,135.2001831
2024,和歌山,紀の川市,59,40,負傷,0,1,2024/12/14 12:30,2024,12,14,12,30,土,その他,昼－昼,雨,市街地－その他,舗装－湿潤,単路－トンネル,施設なし,単路－5.5m以上,直線－平坦,単路（交差点付近を含む）,規制なし,中央線－ワイヤロープ,区分なし,車両相互,貨物車－大型車,乗用車－普通車,事業用,自家用,貨物車,乗用車,45～54歳,35～44歳,損傷なし,負傷,対象外当事者,対象外当事者,70㎞／ｈ以下,70㎞／ｈ以下,小破,中破,その他,その他,34.2934392,135.3369053
2024,和歌山,紀の川市,59,41,負傷,0,2,2024/12/14 10:20,2024,12,14,10,20,土,その他,昼－昼,雨,非市街地,舗装－湿潤,単路－トンネル,施設なし,単路－5.5m以上,直線－平坦,単路（交差点付近を含む）,規制なし,中央線－ポストコーン,区分なし,車両相互,乗用車－普通車,二輪車－自動二輪－小型二輪－751ｃｃ以上,自家用,自家用,乗用車,対象外当事者,55～64歳,65～74歳,損傷なし,負傷,対象外当事者,対象外当事者,70㎞／ｈ以下,70㎞／ｈ以下,中破,中破,その他,対象外当事者,34.2934308,135.3371236
2024,和歌山,橋本市,101,61,負傷,0,1,2024/11/06 18:15,2024,11,6,18,15,水,その他,夜－夜,曇,非市街地,舗装－乾燥,交差点－その他,点灯－３灯式,交差点－中（5.5m以上）－小,直線－平坦,交差点内,規制なし,中央分離なし,区分あり－防護柵等,車両相互,乗用車－軽自動車,二輪車－一般原付自転車,自家用,自家用,乗用車,対象外当事者,65～74歳,35～44歳,損傷なし,負傷,規制なし,規制なし,50㎞／ｈ以下,指定の速度規制なし等,中破,中破,その他,対象外当事者,34.3230669,135.6289011
2024,和歌山,橋本市,101,62,負傷,0,1,2024/11/07 17:40,2024,11,7,17,40,木,その他,夜－暮,晴,非市街地,舗装－乾燥,交差点－その他,施設なし,交差点－中（5.5m以上）－小,直線－平坦,交差点内,規制なし,中央線－ペイント,区分あり－防護柵等,車両相互,乗用車－軽自動車,軽車両－自転車,自家用,自転車,乗用車,対象外当事者,45～54歳,0～24歳,損傷なし,負傷,規制なし,規制なし,40㎞／ｈ以下,対象外当事者,小破,小破,その他,対象外当事者,34.3405056,135.6130269
2024,和歌山,橋本市,101,63,負傷,0,1,2024/11/25 16:45,2024,11,25,16,45,月,その他,昼－暮,晴,非市街地,舗装－乾燥,交差点－その他,点灯－３灯式,交差点－中（5.5m以上）－中,直線－下り,交差点内,規制なし,中央分離なし,区分あり－縁石・ブロック等,車両相互,乗用車－軽自動車,貨物車－軽自動車,自家用,自家用,乗用車,貨物車,75歳以上,55～64歳,損傷なし,負傷,規制なし,規制なし,50㎞／ｈ以下,50㎞／ｈ以下,大破,中破,装備あり 作動,その他,34.3343739,135.6502867
2024,和歌山,橋本市,101,64,負傷,0,1,2024/11/19 17:30,2024,11,19,17,30,火,その他,夜－暮,曇,非市街地,舗装－乾燥,交差点－その他,施設なし,交差点－中（5.5m以上）－小,直線－平坦,交差点内,規制なし,中央線－ペイント,区分あり－縁石・ブロック等,人対車両,乗用車－軽自動車,歩行者,自家用,対象外当事者,乗用車,対象外当事者,55～64歳,65～74歳,損傷なし,負傷,規制なし,対象外当事者,40㎞／ｈ以下,対象外当事者,小破,対象外当事者,その他,対象外当事者,34.3110483,135.5812558