対象年,都道府県,市区町村,警察署等コード,本票番号,事故内容,死者数,負傷者数,発生日時,発生年,発生月,発生日,発生時,発生分,曜日,祝日,昼夜,天候,地形,路面状態,道路形状,信号機,車道幅員,道路線形,衝突地点,ゾーン規制,中央分離帯施設等,歩車道区分,事故類型,当事者A 種別,当事者B 種別,当事者A 用途,当事者B 用途,当事者A 車両形状,当事者B 車両形状,当事者A 年齢,当事者B 年齢,当事者A 人身損傷程度,当事者B 人身損傷程度,当事者A 一時停止規制標識,当事者B 一時停止規制標識,当事者A 速度規制,当事者B 速度規制,当事者A 車両損壊程度,当事者B 車両損壊程度,当事者A エアバッグ,当事者B エアバッグ,緯度,経度
2024,和歌山,橋本市,101,65,負傷,0,2,2024/12/03 10:20,2024,12,3,10,20,火,その他,昼－昼,晴,非市街地,舗装－乾燥,単路－橋,施設なし,単路－9.0m以上,直線－下り,単路（交差点付近を含む）,規制なし,中央分離帯,区分あり－路側帯,車両相互,乗用車－普通車,乗用車－普通車,自家用,自家用,乗用車,乗用車,75歳以上,75歳以上,損傷なし,負傷,対象外当事者,対象外当事者,50㎞／ｈ以下,50㎞／ｈ以下,小破,小破,その他,その他,34.3157206,135.6021067
2024,和歌山,橋本市,101,66,負傷,0,1,2024/11/22 15:53,2024,11,22,15,53,金,前日,昼－暮,晴,非市街地,舗装－乾燥,単路－その他,施設なし,単路－5.5m以上,直線－平坦,単路（交差点付近を含む）,規制なし,中央線－ペイント,区分あり－縁石・ブロック等,人対車両,乗用車－普通車,歩行者,自家用,対象外当事者,乗用車,対象外当事者,25～34歳,0～24歳,損傷なし,負傷,対象外当事者,対象外当事者,30㎞／ｈ以下,対象外当事者,小破,対象外当事者,その他,対象外当事者,34.3126722,135.6050644
2024,和歌山,橋本市,101,67,負傷,0,1,2024/11/03 10:30,2024,11,3,10,30,日,当日,昼－昼,晴,非市街地,舗装－乾燥,単路－トンネル,施設なし,単路－5.5m以上,カーブ・屈折－左－上り,単路（交差点付近を含む）,規制なし,中央線－ペイント,区分あり－縁石・ブロック等,車両相互,乗用車－普通車,二輪車－自動二輪－軽二輪－126～250cc,自家用,自家用,乗用車,対象外当事者,45～54歳,55～64歳,損傷なし,負傷,対象外当事者,対象外当事者,50㎞／ｈ以下,50㎞／ｈ以下,小破,中破,その他,対象外当事者,34.3709136,135.6084978
2024,和歌山,橋本市,101,68,負傷,0,1,2024/12/17 11:50,2024,12,17,11,50,火,その他,昼－昼,曇,非市街地,舗装－乾燥,交差点－その他,施設なし,交差点－中（5.5m以上）－中,直線－平坦,交差点内,規制なし,中央分離なし,区分あり－縁石・ブロック等,車両相互,乗用車－軽自動車,乗用車－軽自動車,自家用,自家用,乗用車,乗用車,75歳以上,45～54歳,損傷なし,負傷,標準－反射式,規制なし,指定の速度規制なし等,50㎞／ｈ以下,中破,大破,その他,装備あり 作動,34.3233825,135.6518678
2024,和歌山,橋本市,101,69,負傷,0,1,2024/12/25 07:30,2024,12,25,7,30,水,その他,昼－明,曇,非市街地,舗装－乾燥,交差点－その他,施設なし,交差点－中（5.5m以上）－小,直線－平坦,交差点内,規制なし,中央分離なし,区分あり－縁石・ブロック等,車両相互,乗用車－軽自動車,乗用車－軽自動車,自家用,自家用,乗用車,乗用車,65～74歳,25～34歳,損傷なし,負傷,標準－反射式,規制なし,指定の速度規制なし等,指定の速度規制なし等,中破,小破,その他,その他,34.3202,135.5919325
2024,和歌山,かつらぎ町,102,42,負傷,0,1,2024/12/11 08:50,2024,12,11,8,50,水,その他,昼－昼,晴,非市街地,舗装－乾燥,交差点付近－その他,施設なし,単路－5.5m以上,直線－平坦,単路（交差点付近を含む）,規制なし,中央線－ペイント,区分あり－縁石・ブロック等,車両相互,乗用車－普通車,乗用車－軽自動車,自家用,自家用,乗用車,乗用車,25～34歳,65～74歳,負傷,損傷なし,対象外当事者,対象外当事者,50㎞／ｈ以下,50㎞／ｈ以下,小破,小破,その他,その他,34.2789228,135.4775108
2024,和歌山,岩出市,103,181,負傷,0,1,2024/11/29 17:45,2024,11,29,17,45,金,その他,夜－暮,曇,非市街地,舗装－湿潤,一般交通の場所,施設なし,一般交通の場所,一般交通の場所,その他,規制なし,一般交通の場所,区分なし,人対車両,乗用車－普通車,歩行者,自家用,対象外当事者,乗用車,対象外当事者,55～64歳,55～64歳,損傷なし,負傷,対象外当事者,対象外当事者,指定の速度規制なし等,対象外当事者,小破,対象外当事者,その他,対象外当事者,34.2593286,135.3173969
2024,和歌山,岩出市,103,182,負傷,0,1,2024/12/02 07:45,2024,12,2,7,45,月,その他,昼－明,晴,市街地－その他,舗装－乾燥,単路－橋,施設なし,単路－3.5m未満,直線－平坦,単路（交差点付近を含む）,規制なし,中央分離なし,区分なし,人対車両,軽車両－自転車,歩行者,自転車,対象外当事者,対象外当事者,対象外当事者,55～64歳,0～24歳,損傷なし,負傷,対象外当事者,対象外当事者,対象外当事者,対象外当事者,小破,対象外当事者,対象外当事者,対象外当事者,34.2782689,135.2870553
2024,和歌山,紀の川市,103,183,負傷,0,1,2024/11/22 07:25,2024,11,22,7,25,金,前日,昼－明,晴,非市街地,舗装－乾燥,交差点－その他,施設なし,交差点－中（5.5m以上）－小,直線－上り,交差点内,規制なし,中央線－ペイント,区分あり－縁石・ブロック等,車両相互,貨物車－普通車,二輪車－一般原付自転車,自家用,自家用,貨物車,対象外当事者,25～34歳,55～64歳,損傷なし,負傷,規制なし,規制なし,指定の速度規制なし等,指定の速度規制なし等,小破,小破,その他,対象外当事者,34.2348236,135.3375547
2024,和歌山,紀の川市,103,184,負傷,0,1,2024/11/21 18:40,2024,11,21,18,40,木,その他,夜－夜,晴,非市街地,舗装－乾燥,交差点－その他,施設なし,交差点－中（5.5m以上）－小,直線－上り,交差点内,規制なし,中央線－ペイント,区分あり－縁石・ブロック等,人対車両,乗用車－軽自動車,歩行者,自家用,対象外当事者,乗用車,対象外当事者,25～34歳,55～64歳,損傷なし,負傷,規制なし,対象外当事者,指定の速度規制なし等,対象外当事者,小破,対象外当事者,その他,対象外当事者,34.2066178,135.2865331
2024,和歌山,岩出市,103,185,負傷,0,1,2024/11/05 17:37,2024,11,5,17,37,火,その他,夜－暮,曇,非市街地,舗装－乾燥,交差点－その他,施設なし,交差点－小（5.5m未満）－小,直線－平坦,交差点内,規制なし,中央線－ペイント,区分あり－縁石・ブロック等,車両相互,乗用車－普通車,軽車両－自転車,自家用,自転車,乗用車,対象外当事者,35～44歳,0～24歳,損傷なし,負傷,規制なし,規制なし,40㎞／ｈ以下,対象外当事者,小破,小破,その他,対象外当事者,34.2722497,135.2833272
2024,和歌山,岩出市,103,186,負傷,0,1,2024/12/11 18:20,2024,12,11,18,20,水,その他,夜－夜,曇,非市街地,舗装－乾燥,一般交通の場所,施設なし,一般交通の場所,一般交通の場所,その他,規制なし,一般交通の場所,区分なし,車両相互,乗用車－軽自動車,乗用車－軽自動車,自家用,自家用,乗用車,乗用車,25～34歳,55～64歳,損傷なし,負傷,対象外当事者,対象外当事者,指定の速度規制なし等,指定の速度規制なし等,小破,小破,その他,その他,34.2603383,135.3118694
2024,和歌山,岩出市,103,187,負傷,0,1,2024/12/14 22:51,2024,12,14,22,51,土,その他,夜－夜,雨,市街地－その他,舗装－湿潤,一般交通の場所,施設なし,一般交通の場所,一般交通の場所,その他,規制なし,一般交通の場所,区分なし,車両相互,乗用車－普通車,乗用車－軽自動車,自家用,自家用,乗用車,乗用車,0～24歳,55～64歳,負傷,損傷なし,対象外当事者,対象外当事者,指定の速度規制なし等,指定の速度規制なし等,小破,小破,その他,その他,34.2617378,135.3238797
2024,和歌山,岩出市,103,188,負傷,0,1,2024/11/28 16:40,2024,11,28,16,40,木,その他,昼－暮,晴,市街地－その他,舗装－乾燥,交差点付近－その他,点灯－３灯式,単路－9.0m以上,直線－平坦,単路（交差点付近を含む）,規制なし,中央分離帯,区分あり－縁石・ブロック等,車両相互,乗用車－普通車,二輪車－自動二輪－軽二輪－126～250cc,自家用,自家用,乗用車,対象外当事者,25～34歳,0～24歳,損傷なし,負傷,対象外当事者,対象外当事者,50㎞／ｈ以下,50㎞／ｈ以下,小破,小破,その他,対象外当事者,34.2695589,135.3085608
2024,和歌山,岩出市,103,189,負傷,0,1,2024/12/12 14:05,2024,12,12,14,5,木,その他,昼－昼,晴,非市街地,舗装－乾燥,単路－その他,施設なし,単路－5.5m以上,直線－平坦,単路（交差点付近を含む）,規制なし,中央線－ペイント,区分あり－路側帯,車両相互,貨物車－準中型車,乗用車－軽自動車,自家用,自家用,貨物車,乗用車,65～74歳,0～24歳,負傷,損傷なし,対象外当事者,対象外当事者,40㎞／ｈ以下,40㎞／ｈ以下,小破,小破,その他,装備あり 作動,34.2702836,135.3047653
2024,和歌山,紀の川市,103,190,負傷,0,1,2024/12/12 17:55,2024,12,12,17,55,木,その他,夜－夜,晴,非市街地,舗装－乾燥,交差点－その他,点灯－３灯式,交差点－中（5.5m以上）－中,直線－平坦,交差点内,規制なし,中央分離なし,区分あり－縁石・ブロック等,車両相互,乗用車－軽自動車,乗用車－軽自動車,自家用,自家用,乗用車,乗用車,55～64歳,55～64歳,損傷なし,負傷,規制なし,規制なし,指定の速度規制なし等,30㎞／ｈ以下,大破,大破,その他,その他,34.2735892,135.4304583
2024,和歌山,岩出市,103,191,負傷,0,1,2024/11/15 17:05,2024,11,15,17,5,金,その他,夜－暮,雨,市街地－人口集中,舗装－湿潤,交差点－その他,点灯－３灯式,交差点－大（13.0ｍ以上）－中,直線－平坦,交差点内,規制なし,中央分離なし,区分あり－縁石・ブロック等,車両相互,乗用車－普通車,乗用車－軽自動車,自家用,自家用,乗用車,乗用車,25～34歳,75歳以上,負傷,損傷なし,規制なし,規制なし,50㎞／ｈ以下,50㎞／ｈ以下,小破,中破,その他,その他,34.2607206,135.3151811
2024,和歌山,岩出市,103,192,負傷,0,1,2024/11/15 23:24,2024,11,15,23,24,金,その他,夜－夜,曇,市街地－その他,舗装－湿潤,交差点－その他,点灯－３灯式,交差点－大（13.0ｍ以上）－小,直線－平坦,交差点内,規制なし,中央分離なし,区分あり－縁石・ブロック等,車両相互,乗用車－軽自動車,二輪車－一般原付自転車,自家用,自家用,乗用車,対象外当事者,0～24歳,0～24歳,損傷なし,負傷,規制なし,規制なし,50㎞／ｈ以下,30㎞／ｈ以下,小破,中破,その他,対象外当事者,34.2495469,135.3102869
2024,和歌山,紀の川市,103,193,死亡,1,0,2024/12/22 23:35,2024,12,22,23,35,日,その他,夜－夜,晴,市街地－その他,舗装－湿潤,単路－カーブ・屈折,点灯－押ボタン式,単路－9.0m以上,カーブ・屈折－右－平坦,単路（交差点付近を含む）,規制なし,中央分離帯,区分あり－縁石・ブロック等,車両単独,乗用車－普通車,物件等,自家用,対象外当事者,乗用車,対象外当事者,25～34歳,不明,死亡,対象外当事者,対象外当事者,対象外当事者,指定の速度規制なし等,対象外当事者,大破,対象外当事者,装備あり 作動,対象外当事者,34.2626961,135.3684972
2024,和歌山,紀の川市,103,194,負傷,0,1,2024/12/18 08:50,2024,12,18,8,50,水,その他,昼－昼,晴,非市街地,舗装－乾燥,交差点付近－その他,施設なし,単路－3.5m以上,直線－平坦,単路（交差点付近を含む）,規制なし,中央分離なし,区分あり－路側帯,人対車両,乗用車－普通車,歩行者,自家用,対象外当事者,乗用車,対象外当事者,55～64歳,75歳以上,損傷なし,負傷,対象外当事者,対象外当事者,指定の速度規制なし等,対象外当事者,小破,対象外当事者,その他,対象外当事者,34.216445,135.3050069
2024,和歌山,岩出市,103,195,負傷,0,1,2024/12/11 09:40,2024,12,11,9,40,水,その他,昼－昼,晴,非市街地,舗装－乾燥,交差点－その他,施設なし,交差点－小（5.5m未満）－小,直線－平坦,交差点内,規制なし,中央分離なし,区分あり－路側帯,車両相互,貨物車－普通車,二輪車－一般原付自転車,自家用,自家用,貨物車,対象外当事者,25～34歳,0～24歳,損傷なし,負傷,規制なし,規制なし,指定の速度規制なし等,指定の速度規制なし等,小破,中破,その他,対象外当事者,34.2558394,135.3324408
2024,和歌山,紀の川市,103,196,負傷,0,1,2024/12/16 15:30,2024,12,16,15,30,月,その他,昼－昼,曇,非市街地,舗装－乾燥,単路－その他,施設なし,単路－3.5m未満,直線－下り,単路（交差点付近を含む）,規制なし,中央分離なし,区分なし,車両相互,貨物車－準中型車,乗用車－軽自動車,事業用,自家用,貨物車,乗用車,45～54歳,35～44歳,損傷なし,負傷,対象外当事者,対象外当事者,指定の速度規制なし等,指定の速度規制なし等,小破,小破,その他,その他,34.2960222,135.4263333
2024,和歌山,和歌山市,104,271,負傷,0,1,2024/12/02 09:05,2024,12,2,9,5,月,その他,昼－昼,晴,市街地－人口集中,舗装－乾燥,単路－その他,施設なし,単路－3.5m以上,直線－平坦,単路（交差点付近を含む）,規制なし,中央分離なし,区分あり－縁石・ブロック等,人対車両,乗用車－普通車,歩行者,自家用,対象外当事者,乗用車,対象外当事者,25～34歳,55～64歳,損傷なし,負傷,対象外当事者,対象外当事者,指定の速度規制なし等,対象外当事者,小破,対象外当事者,その他,対象外当事者,34.2467572,135.2010353
2024,和歌山,和歌山市,104,272,負傷,0,2,2024/10/20 22:40,2024,10,20,22,40,日,その他,夜－夜,晴,市街地－人口集中,舗装－乾燥,交差点－その他,施設なし,交差点－大（13.0ｍ以上）－小,直線－平坦,交差点内,規制なし,中央分離なし,区分あり－縁石・ブロック等,車両単独,乗用車－普通車,物件等,事業用,対象外当事者,乗用車,対象外当事者,65～74歳,不明,損傷なし,対象外当事者,規制なし,対象外当事者,指定の速度規制なし等,対象外当事者,小破,対象外当事者,その他,対象外当事者,34.2137597,135.1847708
2024,和歌山,和歌山市,104,273,負傷,0,1,2024/12/03 12:15,2024,12,3,12,15,火,その他,昼－昼,晴,市街地－人口集中,舗装－乾燥,単路－その他,施設なし,単路－9.0m以上,直線－平坦,単路（交差点付近を含む）,規制なし,中央分離帯,区分あり－縁石・ブロック等,車両相互,乗用車－普通車,軽車両－自転車,自家用,自転車,乗用車,対象外当事者,75歳以上,0～24歳,損傷なし,負傷,対象外当事者,対象外当事者,指定の速度規制なし等,対象外当事者,小破,小破,その他,対象外当事者,34.2000439,135.1849814
2024,和歌山,和歌山市,104,274,負傷,0,1,2024/11/29 04:50,2024,11,29,4,50,金,その他,夜－夜,雨,非市街地,舗装－湿潤,交差点付近－その他,点灯－３灯式,単路－5.5m以上,カーブ・屈折－左－下り,単路（交差点付近を含む）,規制なし,中央線－ペイント,区分あり－路側帯,車両相互,乗用車－普通車,乗用車－軽自動車,自家用,自家用,乗用車,乗用車,35～44歳,0～24歳,負傷,損傷なし,対象外当事者,対象外当事者,50㎞／ｈ以下,50㎞／ｈ以下,小破,中破,その他,その他,34.2547394,135.2219647
2024,和歌山,和歌山市,104,275,負傷,0,1,2024/11/29 17:20,2024,11,29,17,20,金,その他,夜－暮,曇,市街地－人口集中,舗装－乾燥,交差点－その他,点灯－３灯式,交差点－大（13.0ｍ以上）－中,直線－平坦,交差点内,規制なし,中央分離なし,区分あり－縁石・ブロック等,車両相互,乗用車－軽自動車,貨物車－軽自動車,自家用,自家用,乗用車,貨物車,55～64歳,45～54歳,損傷なし,負傷,規制なし,規制なし,指定の速度規制なし等,50㎞／ｈ以下,小破,小破,その他,その他,34.2292533,135.1895711
2024,和歌山,和歌山市,104,276,負傷,0,2,2024/08/11 00:30,2024,8,11,0,30,日,当日,夜－夜,晴,市街地－その他,舗装－乾燥,単路－その他,施設なし,単路－5.5m以上,直線－平坦,単路（交差点付近を含む）,規制なし,中央線－ペイント,区分あり－縁石・ブロック等,車両相互,乗用車－普通車,二輪車－自動二輪－小型二輪－251～400cc,自家用,自家用,乗用車,対象外当事者,25～34歳,0～24歳,負傷,負傷,対象外当事者,対象外当事者,指定の速度規制なし等,指定の速度規制なし等,小破,中破,その他,対象外当事者,34.2056992,135.2518239
2024,和歌山,和歌山市,104,277,負傷,0,1,2024/11/16 10:50,2024,11,16,10,50,土,その他,昼－昼,雨,非市街地,舗装－湿潤,交差点－その他,施設なし,交差点－大（13.0ｍ以上）－小,直線－平坦,交差点内,規制なし,中央分離なし,区分あり－縁石・ブロック等,車両相互,乗用車－軽自動車,二輪車－一般原付自転車,自家用,自家用,乗用車,対象外当事者,65～74歳,65～74歳,損傷なし,負傷,規制なし,規制なし,指定の速度規制なし等,指定の速度規制なし等,小破,小破,その他,対象外当事者,34.2546314,135.2486339
2024,和歌山,和歌山市,104,278,負傷,0,1,2024/12/09 20:49,2024,12,9,20,49,月,その他,夜－夜,晴,市街地－その他,舗装－乾燥,交差点－その他,点灯－３灯式,交差点－大（13.0ｍ以上）－小,直線－平坦,交差点内,規制なし,中央分離なし,区分あり－縁石・ブロック等,車両相互,乗用車－普通車,二輪車－自動二輪－軽二輪－126～250cc,自家用,自家用,乗用車,対象外当事者,55～64歳,55～64歳,損傷なし,負傷,規制なし,規制なし,50㎞／ｈ以下,50㎞／ｈ以下,小破,小破,その他,対象外当事者,34.2620683,135.1926969
2024,和歌山,和歌山市,104,279,負傷,0,1,2024/12/14 17:14,2024,12,14,17,14,土,その他,夜－暮,雨,市街地－人口集中,舗装－湿潤,交差点－その他,点灯－３灯式,交差点－大（13.0ｍ以上）－中,直線－平坦,交差点内,規制なし,中央分離なし,区分あり－縁石・ブロック等,車両相互,乗用車－軽自動車,乗用車－軽自動車,自家用,自家用,乗用車,乗用車,75歳以上,0～24歳,損傷なし,負傷,規制なし,規制なし,40㎞／ｈ以下,40㎞／ｈ以下,小破,小破,装備あり 作動,装備あり 作動,34.2275047,135.1851786
2024,和歌山,和歌山市,104,280,負傷,0,1,2024/12/10 14:25,2024,12,10,14,25,火,その他,昼－昼,晴,市街地－人口集中,舗装－乾燥,交差点付近－その他,点灯－３灯式,単路－13.0m以上,直線－平坦,単路（交差点付近を含む）,規制なし,中央分離帯,区分あり－縁石・ブロック等,車両相互,乗用車－普通車,乗用車－普通車,自家用,自家用,乗用車,乗用車,35～44歳,25～34歳,損傷なし,負傷,対象外当事者,対象外当事者,50㎞／ｈ以下,50㎞／ｈ以下,小破,小破,その他,その他,34.2163939,135.2059067
2024,和歌山,和歌山市,104,281,負傷,0,1,2024/12/14 10:20,2024,12,14,10,20,土,その他,昼－昼,雨,市街地－人口集中,舗装－湿潤,交差点－その他,施設なし,交差点－中（5.5m以上）－小,直線－平坦,交差点内,規制なし,中央分離なし,区分あり－路側帯,車両相互,乗用車－普通車,乗用車－普通車,自家用,自家用,乗用車,乗用車,45～54歳,35～44歳,損傷なし,負傷,標準－反射式,規制なし,指定の速度規制なし等,指定の速度規制なし等,小破,小破,その他,その他,34.2332925,135.1874364
2024,和歌山,和歌山市,104,282,負傷,0,1,2024/12/14 15:31,2024,12,14,15,31,土,その他,昼－昼,晴,市街地－人口集中,舗装－乾燥,単路－その他,施設なし,単路－9.0m以上,直線－平坦,単路（交差点付近を含む）,規制なし,中央分離帯,区分あり－縁石・ブロック等,車両相互,乗用車－軽自動車,対象外当事者,自家用,対象外当事者,乗用車,対象外当事者,45～54歳,不明,負傷,対象外当事者,対象外当事者,対象外当事者,50㎞／ｈ以下,対象外当事者,小破,対象外当事者,その他,対象外当事者,34.2297303,135.1994722
2024,和歌山,和歌山市,104,283,負傷,0,1,2024/12/19 07:58,2024,12,19,7,58,木,その他,昼－明,雨,市街地－人口集中,舗装－湿潤,交差点－その他,施設なし,交差点－小（5.5m未満）－小,直線－下り,交差点内,規制なし,中央分離なし,区分なし,人対車両,乗用車－普通車,歩行者,自家用,対象外当事者,乗用車,対象外当事者,35～44歳,35～44歳,損傷なし,負傷,標準－反射式,対象外当事者,指定の速度規制なし等,対象外当事者,小破,対象外当事者,その他,対象外当事者,34.2345953,135.1927253
2024,和歌山,和歌山市,104,284,負傷,0,1,2024/11/25 19:37,2024,11,25,19,37,月,その他,夜－夜,晴,市街地－人口集中,舗装－乾燥,交差点付近－その他,点灯－３灯式,単路－13.0m以上,直線－平坦,単路（交差点付近を含む）,規制なし,中央線－ポストコーン,区分あり－縁石・ブロック等,車両相互,乗用車－普通車,乗用車－軽自動車,自家用,自家用,乗用車,乗用車,55～64歳,25～34歳,損傷なし,負傷,対象外当事者,対象外当事者,50㎞／ｈ以下,50㎞／ｈ以下,小破,中破,その他,その他,34.2010961,135.1898344
2024,和歌山,和歌山市,104,285,負傷,0,1,2024/12/17 17:50,2024,12,17,17,50,火,その他,夜－暮,晴,市街地－人口集中,舗装－乾燥,交差点－その他,施設なし,交差点－中（5.5m以上）－小,直線－平坦,交差点内,規制なし,中央分離なし,区分あり－縁石・ブロック等,人対車両,乗用車－軽自動車,歩行者,自家用,対象外当事者,乗用車,対象外当事者,55～64歳,25～34歳,損傷なし,負傷,標準－反射式,対象外当事者,指定の速度規制なし等,対象外当事者,損壊なし,対象外当事者,その他,対象外当事者,34.2353067,135.1786069
2024,和歌山,和歌山市,104,286,負傷,0,1,2024/12/23 18:15,2024,12,23,18,15,月,その他,夜－夜,晴,市街地－人口集中,舗装－乾燥,交差点－その他,施設なし,交差点－小（5.5m未満）－小,直線－平坦,交差点内,規制なし,中央分離なし,区分なし,車両相互,乗用車－普通車,軽車両－自転車,自家用,自転車,乗用車,対象外当事者,55～64歳,55～64歳,損傷なし,負傷,規制なし,規制なし,指定の速度規制なし等,対象外当事者,小破,小破,その他,対象外当事者,34.2266853,135.193035
2024,和歌山,和歌山市,104,287,負傷,0,1,2024/12/17 08:09,2024,12,17,8,9,火,その他,昼－昼,晴,市街地－その他,舗装－乾燥,単路－カーブ・屈折,施設なし,単路－13.0m以上,カーブ・屈折－右－平坦,単路（交差点付近を含む）,規制なし,中央分離帯,区分あり－縁石・ブロック等,車両相互,乗用車－普通車,乗用車－軽自動車,自家用,自家用,乗用車,乗用車,75歳以上,45～54歳,損傷なし,負傷,対象外当事者,対象外当事者,指定の速度規制なし等,指定の速度規制なし等,小破,小破,その他,その他,34.2633414,135.2685244
2024,和歌山,和歌山市,104,288,負傷,0,1,2024/12/18 18:10,2024,12,18,18,10,水,その他,夜－夜,晴,市街地－人口集中,舗装－乾燥,交差点－その他,点灯－３灯式,交差点－大（13.0ｍ以上）－大,直線－平坦,交差点内,規制なし,中央分離なし,区分あり－縁石・ブロック等,人対車両,乗用車－普通車,歩行者,自家用,対象外当事者,乗用車,対象外当事者,55～64歳,55～64歳,損傷なし,負傷,規制なし,対象外当事者,50㎞／ｈ以下,対象外当事者,小破,対象外当事者,その他,対象外当事者,34.2320192,135.1891578
2024,和歌山,和歌山市,104,289,負傷,0,1,2024/12/13 09:00,2024,12,13,9,0,金,その他,昼－昼,晴,市街地－人口集中,舗装－乾燥,単路－カーブ・屈折,施設なし,単路－3.5m以上,カーブ・屈折－右－平坦,単路（交差点付近を含む）,規制なし,中央分離なし,区分なし,車両相互,乗用車－軽自動車,二輪車－一般原付自転車,自家用,自家用,乗用車,対象外当事者,55～64歳,75歳以上,損傷なし,負傷,対象外当事者,対象外当事者,指定の速度規制なし等,指定の速度規制なし等,小破,小破,その他,対象外当事者,34.2300628,135.2121122
2024,和歌山,和歌山市,104,290,負傷,0,1,2024/12/23 17:07,2024,12,23,17,7,月,その他,夜－暮,曇,市街地－人口集中,舗装－乾燥,交差点－その他,施設なし,交差点－小（5.5m未満）－小,直線－平坦,交差点内,規制なし,中央分離なし,区分あり－路側帯,車両相互,乗用車－普通車,軽車両－自転車,自家用,自転車,乗用車,対象外当事者,55～64歳,0～24歳,損傷なし,負傷,規制なし,標準－反射式,指定の速度規制なし等,対象外当事者,小破,小破,その他,対象外当事者,34.2592739,135.1908411
2024,和歌山,和歌山市,104,291,負傷,0,1,2024/11/03 10:19,2024,11,3,10,19,日,当日,昼－昼,晴,市街地－その他,舗装－乾燥,一般交通の場所,施設なし,一般交通の場所,一般交通の場所,その他,規制なし,一般交通の場所,区分なし,車両相互,乗用車－普通車,乗用車－軽自動車,自家用,自家用,乗用車,乗用車,35～44歳,75歳以上,負傷,損傷なし,対象外当事者,対象外当事者,指定の速度規制なし等,指定の速度規制なし等,小破,小破,その他,その他,34.2561269,135.2303106
2024,和歌山,和歌山市,104,292,負傷,0,1,2024/12/23 14:10,2024,12,23,14,10,月,その他,昼－昼,曇,市街地－人口集中,舗装－乾燥,単路－その他,施設なし,単路－5.5m以上,直線－平坦,単路（交差点付近を含む）,規制なし,中央分離なし,区分なし,車両相互,乗用車－普通車,乗用車－軽自動車,自家用,自家用,乗用車,乗用車,45～54歳,35～44歳,損傷なし,負傷,対象外当事者,対象外当事者,指定の速度規制なし等,指定の速度規制なし等,小破,小破,その他,その他,34.2296775,135.2055233
2024,和歌山,和歌山市,105,135,負傷,0,1,2024/11/05 20:05,2024,11,5,20,5,火,その他,夜－夜,晴,市街地－人口集中,舗装－乾燥,交差点－その他,点灯－３灯式,交差点－大（13.0ｍ以上）－小,直線－平坦,交差点内,規制なし,中央分離帯,区分あり－縁石・ブロック等,車両相互,乗用車－普通車,乗用車－普通車,自家用,自家用,乗用車,乗用車,45～54歳,0～24歳,損傷なし,負傷,規制なし,規制なし,50㎞／ｈ以下,50㎞／ｈ以下,中破,大破,その他,その他,34.2092986,135.1709222
2024,和歌山,和歌山市,105,136,負傷,0,1,2024/12/01 12:45,2024,12,1,12,45,日,その他,昼－昼,晴,市街地－人口集中,舗装－乾燥,交差点－その他,点灯－３灯式,交差点－中（5.5m以上）－小,直線－下り,交差点内,規制なし,中央分離なし,区分あり－縁石・ブロック等,車両相互,乗用車－普通車,乗用車－普通車,自家用,自家用,乗用車,乗用車,45～54歳,55～64歳,損傷なし,負傷,規制なし,規制なし,50㎞／ｈ以下,50㎞／ｈ以下,小破,小破,その他,その他,34.2008583,135.1823508
2024,和歌山,和歌山市,105,137,負傷,0,1,2024/11/25 09:20,2024,11,25,9,20,月,その他,昼－昼,晴,市街地－人口集中,舗装－乾燥,交差点－その他,点灯－３灯式,交差点－大（13.0ｍ以上）－小,直線－平坦,交差点内,規制なし,中央分離なし,区分あり－縁石・ブロック等,車両相互,乗用車－軽自動車,乗用車－軽自動車,自家用,自家用,乗用車,乗用車,0～24歳,45～54歳,損傷なし,負傷,規制なし,規制なし,50㎞／ｈ以下,50㎞／ｈ以下,小破,小破,その他,その他,34.229975,135.1796033
2024,和歌山,和歌山市,105,138,負傷,0,1,2024/10/30 21:00,2024,10,30,21,0,水,その他,夜－夜,晴,市街地－人口集中,舗装－乾燥,交差点－その他,点灯－３灯式,交差点－中（5.5m以上）－小,直線－上り,交差点内,規制なし,中央線－ペイント,区分あり－縁石・ブロック等,車両相互,乗用車－普通車,軽車両－自転車,自家用,自転車,乗用車,対象外当事者,65～74歳,0～24歳,損傷なし,負傷,規制なし,規制なし,指定の速度規制なし等,対象外当事者,小破,小破,その他,対象外当事者,34.2053508,135.1795511
2024,和歌山,和歌山市,105,139,負傷,0,1,2024/12/10 09:16,2024,12,10,9,16,火,その他,昼－昼,晴,市街地－人口集中,舗装－乾燥,交差点－その他,点灯－３灯式,交差点－中（5.5m以上）－中,直線－平坦,交差点内,規制なし,中央分離なし,区分あり－縁石・ブロック等,車両相互,乗用車－軽自動車,軽車両－自転車,自家用,自転車,乗用車,対象外当事者,75歳以上,75歳以上,損傷なし,負傷,規制なし,規制なし,50㎞／ｈ以下,対象外当事者,小破,小破,その他,対象外当事者,34.2035294,135.1794539
2024,和歌山,和歌山市,105,140,負傷,0,1,2024/10/02 14:39,2024,10,2,14,39,水,その他,昼－昼,晴,市街地－人口集中,舗装－乾燥,単路－その他,施設なし,単路－9.0m以上,直線－平坦,単路（交差点付近を含む）,規制なし,中央分離帯,区分あり－縁石・ブロック等,車両単独,乗用車－大型車,相手なし,事業用,対象外当事者,乗用車,対象外当事者,65～74歳,不明,損傷なし,対象外当事者,対象外当事者,対象外当事者,50㎞／ｈ以下,対象外当事者,損壊なし,対象外当事者,その他,対象外当事者,34.2176439,135.1693781