対象年,都道府県,市区町村,警察署等コード,本票番号,事故内容,死者数,負傷者数,発生日時,発生年,発生月,発生日,発生時,発生分,曜日,祝日,昼夜,天候,地形,路面状態,道路形状,信号機,車道幅員,道路線形,衝突地点,ゾーン規制,中央分離帯施設等,歩車道区分,事故類型,当事者A 種別,当事者B 種別,当事者A 用途,当事者B 用途,当事者A 車両形状,当事者B 車両形状,当事者A 年齢,当事者B 年齢,当事者A 人身損傷程度,当事者B 人身損傷程度,当事者A 一時停止規制標識,当事者B 一時停止規制標識,当事者A 速度規制,当事者B 速度規制,当事者A 車両損壊程度,当事者B 車両損壊程度,当事者A エアバッグ,当事者B エアバッグ,緯度,経度
2024,和歌山,和歌山市,105,141,負傷,0,1,2024/11/27 17:04,2024,11,27,17,4,水,その他,夜－暮,晴,市街地－人口集中,舗装－乾燥,単路－その他,施設なし,単路－5.5m以上,直線－平坦,単路（交差点付近を含む）,規制なし,中央分離なし,区分あり－路側帯,人対車両,乗用車－普通車,歩行者,自家用,対象外当事者,乗用車,対象外当事者,65～74歳,65～74歳,損傷なし,負傷,対象外当事者,対象外当事者,指定の速度規制なし等,対象外当事者,小破,対象外当事者,その他,対象外当事者,34.2404619,135.1764022
2024,和歌山,和歌山市,105,142,負傷,0,1,2024/12/16 20:40,2024,12,16,20,40,月,その他,夜－夜,晴,市街地－人口集中,舗装－乾燥,交差点－その他,点灯－３灯式,交差点－大（13.0ｍ以上）－大,直線－平坦,交差点内,規制なし,中央分離なし,区分あり－縁石・ブロック等,車両相互,乗用車－普通車,貨物車－軽自動車,自家用,事業用,乗用車,貨物車,35～44歳,25～34歳,負傷,損傷なし,規制なし,規制なし,50㎞／ｈ以下,50㎞／ｈ以下,小破,小破,その他,その他,34.1890983,135.17456
2024,和歌山,和歌山市,105,143,負傷,0,2,2024/12/21 16:04,2024,12,21,16,4,土,その他,昼－暮,晴,市街地－人口集中,舗装－乾燥,交差点付近－その他,点灯－３灯式,単路－13.0m以上,直線－平坦,単路（交差点付近を含む）,規制なし,中央線－ペイント,区分あり－縁石・ブロック等,車両相互,乗用車－普通車,乗用車－軽自動車,自家用,自家用,乗用車,乗用車,25～34歳,65～74歳,負傷,損傷なし,対象外当事者,対象外当事者,50㎞／ｈ以下,50㎞／ｈ以下,小破,小破,その他,その他,34.2258036,135.1600322
2024,和歌山,和歌山市,105,144,負傷,0,1,2024/11/30 14:50,2024,11,30,14,50,土,その他,昼－昼,晴,市街地－人口集中,舗装－乾燥,単路－その他,施設なし,単路－13.0m以上,直線－下り,単路（交差点付近を含む）,規制なし,中央線－ペイント,区分あり－縁石・ブロック等,人対車両,軽車両－自転車,歩行者,自転車,対象外当事者,対象外当事者,対象外当事者,55～64歳,0～24歳,損傷なし,負傷,対象外当事者,対象外当事者,対象外当事者,対象外当事者,小破,対象外当事者,対象外当事者,対象外当事者,34.2261758,135.1746111
2024,和歌山,和歌山市,105,145,負傷,0,1,2024/11/11 17:55,2024,11,11,17,55,月,その他,夜－暮,晴,市街地－人口集中,舗装－乾燥,交差点付近－その他,点灯－３灯式,単路－19.5m以上,直線－平坦,単路（交差点付近を含む）,規制なし,中央分離帯,区分あり－縁石・ブロック等,車両相互,乗用車－軽自動車,乗用車－軽自動車,自家用,自家用,乗用車,乗用車,35～44歳,45～54歳,損傷なし,負傷,対象外当事者,対象外当事者,60㎞／ｈ以下,60㎞／ｈ以下,小破,小破,その他,その他,34.2297572,135.1686489
2024,和歌山,和歌山市,105,146,負傷,0,1,2024/12/26 08:10,2024,12,26,8,10,木,その他,昼－昼,曇,市街地－人口集中,舗装－湿潤,単路－その他,点灯－３灯式,単路－13.0m以上,直線－平坦,単路（交差点付近を含む）,規制なし,中央分離なし,区分あり－縁石・ブロック等,車両相互,乗用車－普通車,二輪車－自動二輪－軽二輪－126～250cc,自家用,自家用,乗用車,対象外当事者,65～74歳,45～54歳,損傷なし,損傷なし,対象外当事者,対象外当事者,指定の速度規制なし等,指定の速度規制なし等,小破,小破,その他,対象外当事者,34.2412008,135.1768986
2024,和歌山,和歌山市,105,147,負傷,0,1,2024/12/04 10:15,2024,12,4,10,15,水,その他,昼－昼,晴,市街地－人口集中,舗装－乾燥,交差点－その他,施設なし,交差点－中（5.5m以上）－中,直線－平坦,交差点内,規制なし,中央分離なし,区分あり－路側帯,車両相互,乗用車－普通車,乗用車－軽自動車,自家用,自家用,乗用車,乗用車,55～64歳,35～44歳,負傷,損傷なし,規制なし,標準－反射式,指定の速度規制なし等,指定の速度規制なし等,小破,小破,その他,その他,34.228665,135.18025
2024,和歌山,和歌山市,105,148,負傷,0,1,2024/10/17 17:37,2024,10,17,17,37,木,その他,夜－暮,晴,市街地－人口集中,舗装－乾燥,交差点－その他,施設なし,交差点－中（5.5m以上）－中,直線－平坦,交差点内,規制なし,中央分離なし,区分あり－縁石・ブロック等,車両相互,乗用車－普通車,軽車両－自転車,自家用,自転車,乗用車,対象外当事者,0～24歳,55～64歳,損傷なし,負傷,規制なし,標準－反射式,40㎞／ｈ以下,対象外当事者,大破,大破,装備あり 作動,対象外当事者,34.2388108,135.1744492
2024,和歌山,海南市,106,48,負傷,0,1,2024/10/14 09:42,2024,10,14,9,42,月,当日,昼－昼,晴,非市街地,舗装－乾燥,単路－カーブ・屈折,施設なし,単路－5.5m以上,カーブ・屈折－左－下り,単路（交差点付近を含む）,規制なし,中央線－ペイント,区分あり－防護柵等,車両相互,乗用車－普通車,二輪車－自動二輪－小型二輪－751ｃｃ以上,自家用,自家用,乗用車,対象外当事者,0～24歳,55～64歳,損傷なし,負傷,対象外当事者,対象外当事者,40㎞／ｈ以下,40㎞／ｈ以下,中破,大破,その他,対象外当事者,34.1684947,135.28615
2024,和歌山,海南市,106,49,負傷,0,2,2024/12/08 13:40,2024,12,8,13,40,日,その他,昼－昼,曇,市街地－その他,舗装－乾燥,交差点付近－その他,点灯－３灯式,単路－13.0m以上,直線－平坦,単路（交差点付近を含む）,規制なし,中央線－ペイント,区分あり－縁石・ブロック等,車両相互,乗用車－普通車,乗用車－軽自動車,自家用,自家用,乗用車,乗用車,25～34歳,65～74歳,損傷なし,負傷,対象外当事者,対象外当事者,50㎞／ｈ以下,50㎞／ｈ以下,小破,小破,その他,その他,34.1588297,135.1974858
2024,和歌山,紀美野町,106,50,死亡,1,0,2024/12/18 17:47,2024,12,18,17,47,水,その他,夜－暮,晴,市街地－その他,舗装－乾燥,交差点－その他,施設なし,交差点－中（5.5m以上）－小,直線－平坦,交差点内,規制なし,中央線－ペイント,区分あり－縁石・ブロック等,人対車両,乗用車－普通車,歩行者,自家用,対象外当事者,乗用車,対象外当事者,55～64歳,75歳以上,損傷なし,死亡,規制なし,対象外当事者,50㎞／ｈ以下,対象外当事者,小破,対象外当事者,その他,対象外当事者,34.1645589,135.2972483
2024,和歌山,海南市,106,51,死亡,1,1,2024/12/24 13:57,2024,12,24,13,57,火,その他,昼－昼,晴,市街地－その他,舗装－乾燥,単路－カーブ・屈折,施設なし,単路－5.5m以上,カーブ・屈折－左－平坦,その他,規制なし,中央線－ペイント,区分なし,人対車両,乗用車－普通車,歩行者,自家用,対象外当事者,乗用車,対象外当事者,75歳以上,55～64歳,損傷なし,死亡,対象外当事者,対象外当事者,50㎞／ｈ以下,対象外当事者,中破,対象外当事者,その他,対象外当事者,34.1412147,135.1935569
2024,和歌山,海南市,106,52,負傷,0,1,2024/12/05 16:05,2024,12,5,16,5,木,その他,昼－暮,晴,市街地－その他,舗装－乾燥,交差点付近－その他,点灯－３灯式,単路－5.5m以上,直線－平坦,単路（交差点付近を含む）,規制なし,中央線－ペイント,区分あり－縁石・ブロック等,車両相互,貨物車－普通車,乗用車－軽自動車,自家用,自家用,貨物車,乗用車,35～44歳,55～64歳,負傷,損傷なし,対象外当事者,対象外当事者,50㎞／ｈ以下,50㎞／ｈ以下,小破,中破,その他,その他,34.1245783,135.1587194
2024,和歌山,海南市,106,53,負傷,0,1,2024/12/17 07:25,2024,12,17,7,25,火,その他,昼－明,晴,市街地－その他,舗装－乾燥,交差点－その他,点灯－３灯式,交差点－中（5.5m以上）－小,直線－上り,交差点内,規制なし,中央分離なし,区分あり－縁石・ブロック等,車両相互,貨物車－普通車,軽車両－自転車,自家用,自転車,貨物車,対象外当事者,45～54歳,0～24歳,損傷なし,負傷,規制なし,規制なし,50㎞／ｈ以下,対象外当事者,小破,中破,その他,対象外当事者,34.1563689,135.2438553
2024,和歌山,有田川町,108,40,負傷,0,1,2024/11/13 08:55,2024,11,13,8,55,水,その他,昼－昼,晴,非市街地,舗装－乾燥,単路－カーブ・屈折,施設なし,単路－5.5m以上,カーブ・屈折－左－平坦,単路（交差点付近を含む）,規制なし,中央線－ペイント,区分あり－縁石・ブロック等,車両相互,乗用車－軽自動車,貨物車－軽自動車,自家用,自家用,乗用車,貨物車,25～34歳,65～74歳,負傷,損傷なし,対象外当事者,対象外当事者,指定の速度規制なし等,指定の速度規制なし等,小破,小破,その他,その他,34.0629942,135.2347486
2024,和歌山,有田川町,108,41,負傷,0,1,2024/12/06 10:55,2024,12,6,10,55,金,その他,昼－昼,曇,市街地－その他,舗装－乾燥,交差点－その他,施設なし,交差点－中（5.5m以上）－小,直線－平坦,交差点内,規制なし,中央分離なし,区分なし,車両相互,乗用車－普通車,乗用車－軽自動車,自家用,自家用,乗用車,乗用車,45～54歳,25～34歳,負傷,損傷なし,規制なし,標準－反射式,60㎞／ｈ以下,40㎞／ｈ以下,小破,中破,その他,その他,34.0731644,135.2016694
2024,和歌山,有田市,108,42,負傷,0,1,2024/12/20 08:20,2024,12,20,8,20,金,その他,昼－昼,晴,市街地－その他,舗装－乾燥,単路－その他,施設なし,単路－3.5m以上,直線－平坦,単路（交差点付近を含む）,規制なし,中央分離なし,区分あり－路側帯,車両相互,貨物車－普通車,二輪車－一般原付自転車,自家用,自家用,貨物車,対象外当事者,45～54歳,75歳以上,損傷なし,負傷,対象外当事者,対象外当事者,30㎞／ｈ以下,指定の速度規制なし等,小破,小破,その他,対象外当事者,34.0751061,135.1480383
2024,和歌山,有田市,108,43,死亡,1,0,2024/12/22 17:50,2024,12,22,17,50,日,その他,夜－暮,晴,非市街地,舗装－乾燥,単路－その他,施設なし,単路－3.5m未満,直線－上り,単路（交差点付近を含む）,規制なし,中央分離なし,区分なし,人対車両,貨物車－軽自動車,歩行者,自家用,対象外当事者,貨物車,対象外当事者,75歳以上,75歳以上,損傷なし,死亡,対象外当事者,対象外当事者,指定の速度規制なし等,対象外当事者,小破,対象外当事者,その他,対象外当事者,34.0589136,135.1708436
2024,和歌山,湯浅町,108,44,負傷,0,1,2024/12/11 18:15,2024,12,11,18,15,水,その他,夜－夜,晴,市街地－その他,舗装－乾燥,交差点－その他,施設なし,交差点－中（5.5m以上）－小,直線－平坦,交差点内,規制なし,中央線－ペイント,区分あり－路側帯,車両相互,乗用車－軽自動車,軽車両－自転車,自家用,自転車,乗用車,対象外当事者,55～64歳,45～54歳,損傷なし,負傷,規制なし,規制なし,30㎞／ｈ以下,対象外当事者,小破,小破,その他,対象外当事者,34.0367469,135.1729464
2024,和歌山,湯浅町,108,45,負傷,0,2,2024/12/21 18:55,2024,12,21,18,55,土,その他,夜－夜,曇,市街地－その他,舗装－乾燥,単路－カーブ・屈折,施設なし,単路－5.5m以上,カーブ・屈折－右－平坦,単路（交差点付近を含む）,規制なし,中央線－ペイント,区分あり－路側帯,車両相互,貨物車－軽自動車,軽車両－自転車,自家用,自転車,貨物車,対象外当事者,75歳以上,0～24歳,損傷なし,負傷,対象外当事者,対象外当事者,指定の速度規制なし等,対象外当事者,小破,小破,その他,対象外当事者,34.0416972,135.1890444
2024,和歌山,御坊市,109,54,負傷,0,1,2024/11/21 18:00,2024,11,21,18,0,木,その他,夜－夜,晴,市街地－その他,舗装－乾燥,交差点－その他,点灯－３灯式,交差点－中（5.5m以上）－中,直線－平坦,交差点内,規制なし,中央分離なし,区分あり－縁石・ブロック等,車両相互,乗用車－普通車,乗用車－軽自動車,自家用,自家用,乗用車,乗用車,25～34歳,0～24歳,負傷,損傷なし,規制なし,規制なし,50㎞／ｈ以下,50㎞／ｈ以下,小破,小破,その他,その他,33.8840589,135.1536928
2024,和歌山,由良町,109,55,負傷,0,1,2024/11/29 06:15,2024,11,29,6,15,金,その他,夜－明,晴,非市街地,舗装－乾燥,単路－カーブ・屈折,施設なし,単路－5.5m以上,カーブ・屈折－左－上り,単路（交差点付近を含む）,規制なし,中央線－ペイント,区分あり－縁石・ブロック等,車両相互,乗用車－普通車,乗用車－軽自動車,自家用,自家用,乗用車,乗用車,75歳以上,45～54歳,損傷なし,負傷,対象外当事者,対象外当事者,50㎞／ｈ以下,50㎞／ｈ以下,中破,中破,装備あり 作動,その他,33.9864475,135.15608
2024,和歌山,日高川町,109,56,負傷,0,1,2024/11/13 15:25,2024,11,13,15,25,水,その他,昼－昼,晴,非市街地,舗装－乾燥,交差点－その他,施設なし,交差点－中（5.5m以上）－中,直線－平坦,交差点内,規制なし,中央線－ペイント,区分あり－路側帯,車両相互,乗用車－普通車,二輪車－自動二輪－小型二輪－251～400cc,自家用,自家用,乗用車,対象外当事者,55～64歳,55～64歳,損傷なし,負傷,規制なし,規制なし,指定の速度規制なし等,指定の速度規制なし等,中破,中破,その他,対象外当事者,33.9630553,135.4013344
2024,和歌山,御坊市,109,57,負傷,0,1,2024/12/07 14:45,2024,12,7,14,45,土,その他,昼－昼,晴,市街地－その他,舗装－乾燥,交差点－その他,点灯－３灯式,交差点－中（5.5m以上）－中,直線－平坦,交差点内,規制なし,中央分離なし,区分あり－縁石・ブロック等,車両相互,乗用車－軽自動車,軽車両－自転車,自家用,自転車,乗用車,対象外当事者,65～74歳,25～34歳,損傷なし,負傷,規制なし,規制なし,指定の速度規制なし等,対象外当事者,中破,中破,その他,対象外当事者,33.8795339,135.1635017
2024,和歌山,御坊市,109,58,負傷,0,1,2024/11/15 12:18,2024,11,15,12,18,金,その他,昼－昼,曇,市街地－その他,舗装－乾燥,単路－その他,施設なし,単路－5.5m以上,直線－下り,単路（交差点付近を含む）,規制なし,中央線－ペイント,区分あり－防護柵等,車両相互,乗用車－普通車,二輪車－一般原付自転車,自家用,自家用,乗用車,対象外当事者,55～64歳,0～24歳,損傷なし,負傷,対象外当事者,対象外当事者,60㎞／ｈ以下,指定の速度規制なし等,中破,大破,その他,対象外当事者,33.8471289,135.1677647
2024,和歌山,田辺市,110,101,負傷,0,1,2024/11/20 06:55,2024,11,20,6,55,水,その他,昼－明,晴,非市街地,舗装－乾燥,単路－橋,施設なし,単路－5.5m以上,直線－平坦,単路（交差点付近を含む）,規制なし,中央線－ペイント,区分あり－路側帯,車両相互,貨物車－軽自動車,二輪車－一般原付自転車,自家用,自家用,貨物車,対象外当事者,0～24歳,75歳以上,損傷なし,負傷,対象外当事者,対象外当事者,50㎞／ｈ以下,指定の速度規制なし等,小破,小破,その他,対象外当事者,33.7041114,135.3964969
2024,和歌山,田辺市,110,102,負傷,0,1,2024/11/25 09:05,2024,11,25,9,5,月,その他,昼－昼,晴,非市街地,舗装－乾燥,交差点－その他,施設なし,交差点－中（5.5m以上）－小,直線－下り,交差点内,規制なし,中央分離なし,区分あり－縁石・ブロック等,車両相互,貨物車－軽自動車,二輪車－一般原付自転車,自家用,自家用,貨物車,対象外当事者,65～74歳,35～44歳,損傷なし,負傷,規制なし,標準－反射式,50㎞／ｈ以下,指定の速度規制なし等,小破,中破,その他,対象外当事者,33.7417236,135.3947428
2024,和歌山,みなべ町,110,103,負傷,0,1,2024/12/01 16:45,2024,12,1,16,45,日,その他,昼－暮,晴,市街地－その他,舗装－乾燥,交差点－その他,施設なし,交差点－小（5.5m未満）－小,直線－平坦,交差点内,規制なし,中央分離なし,区分あり－縁石・ブロック等,車両相互,貨物車－軽自動車,軽車両－自転車,自家用,自転車,貨物車,対象外当事者,65～74歳,0～24歳,損傷なし,負傷,規制なし,規制なし,30㎞／ｈ以下,対象外当事者,小破,大破,その他,対象外当事者,33.75845,135.3268397
2024,和歌山,みなべ町,110,104,死亡,1,0,2024/12/15 21:50,2024,12,15,21,50,日,その他,夜－夜,晴,非市街地,舗装－乾燥,単路－カーブ・屈折,施設なし,単路－5.5m以上,カーブ・屈折－右－上り,単路（交差点付近を含む）,規制なし,中央線－ペイント,区分あり－縁石・ブロック等,車両単独,二輪車－自動二輪－軽二輪－126～250cc,相手なし,自家用,対象外当事者,対象外当事者,対象外当事者,0～24歳,不明,死亡,対象外当事者,対象外当事者,対象外当事者,50㎞／ｈ以下,対象外当事者,小破,対象外当事者,対象外当事者,対象外当事者,33.7569931,135.3269703
2024,和歌山,田辺市,110,105,負傷,0,1,2024/12/15 10:40,2024,12,15,10,40,日,その他,昼－昼,晴,市街地－人口集中,舗装－乾燥,交差点－その他,点灯－３灯式,交差点－中（5.5m以上）－中,直線－平坦,交差点内,規制なし,中央分離なし,区分あり－縁石・ブロック等,車両相互,乗用車－軽自動車,軽車両－自転車,自家用,自転車,乗用車,対象外当事者,0～24歳,0～24歳,損傷なし,負傷,規制なし,規制なし,50㎞／ｈ以下,対象外当事者,小破,小破,その他,対象外当事者,33.740705,135.3764347
2024,和歌山,田辺市,110,106,負傷,0,1,2024/12/03 10:24,2024,12,3,10,24,火,その他,昼－昼,晴,市街地－その他,舗装－乾燥,交差点付近－その他,施設なし,単路－5.5m以上,カーブ・屈折－左－上り,単路（交差点付近を含む）,規制なし,中央線－ペイント,区分あり－縁石・ブロック等,車両相互,乗用車－軽自動車,貨物車－軽自動車,自家用,自家用,乗用車,貨物車,45～54歳,75歳以上,負傷,損傷なし,対象外当事者,対象外当事者,指定の速度規制なし等,指定の速度規制なし等,小破,小破,その他,その他,33.7341656,135.3997847
2024,和歌山,田辺市,110,107,負傷,0,1,2024/12/02 10:25,2024,12,2,10,25,月,その他,昼－昼,晴,市街地－人口集中,舗装－乾燥,交差点－その他,施設なし,交差点－小（5.5m未満）－小,直線－平坦,交差点内,規制なし,中央分離なし,区分あり－路側帯,車両相互,乗用車－普通車,乗用車－普通車,自家用,自家用,乗用車,乗用車,75歳以上,0～24歳,損傷なし,負傷,標準－反射式,規制なし,30㎞／ｈ以下,30㎞／ｈ以下,小破,小破,その他,その他,33.7336253,135.3795717
2024,和歌山,田辺市,110,108,負傷,0,1,2024/12/07 23:55,2024,12,7,23,55,土,その他,夜－夜,晴,市街地－その他,舗装－乾燥,単路－その他,施設なし,単路－5.5m以上,直線－上り,単路（交差点付近を含む）,規制なし,中央分離なし,区分あり－縁石・ブロック等,人対車両,二輪車－一般原付自転車,歩行者,自家用,対象外当事者,対象外当事者,対象外当事者,0～24歳,55～64歳,損傷なし,負傷,対象外当事者,対象外当事者,指定の速度規制なし等,対象外当事者,小破,対象外当事者,対象外当事者,対象外当事者,33.7389989,135.3608208
2024,和歌山,那智勝浦町,112,63,負傷,0,1,2024/11/05 11:32,2024,11,5,11,32,火,その他,昼－昼,曇,市街地－その他,舗装－乾燥,交差点－その他,点灯－３灯式,交差点－中（5.5m以上）－小,直線－平坦,交差点内,規制なし,中央分離なし,区分あり－縁石・ブロック等,車両相互,乗用車－普通車,軽車両－自転車,自家用,自転車,乗用車,対象外当事者,65～74歳,75歳以上,損傷なし,負傷,規制なし,規制なし,50㎞／ｈ以下,対象外当事者,小破,小破,その他,対象外当事者,33.6405458,135.93312
2024,和歌山,新宮市,112,64,負傷,0,1,2024/11/25 17:14,2024,11,25,17,14,月,その他,夜－暮,晴,市街地－その他,舗装－乾燥,単路－その他,施設なし,単路－3.5m以上,直線－平坦,単路（交差点付近を含む）,規制なし,中央線－ペイント,区分あり－縁石・ブロック等,車両相互,乗用車－普通車,軽車両－自転車,自家用,自転車,乗用車,対象外当事者,25～34歳,0～24歳,損傷なし,負傷,対象外当事者,対象外当事者,40㎞／ｈ以下,対象外当事者,小破,小破,その他,対象外当事者,33.6878997,135.9772264
2024,和歌山,串本町,112,65,負傷,0,1,2024/11/14 17:30,2024,11,14,17,30,木,その他,夜－暮,曇,市街地－その他,舗装－乾燥,単路－その他,施設なし,単路－3.5m以上,直線－平坦,単路（交差点付近を含む）,規制なし,中央線－ペイント,区分あり－路側帯,人対車両,乗用車－軽自動車,歩行者,自家用,対象外当事者,乗用車,対象外当事者,0～24歳,55～64歳,損傷なし,負傷,対象外当事者,対象外当事者,40㎞／ｈ以下,対象外当事者,中破,対象外当事者,その他,対象外当事者,33.4729856,135.7823031
2024,和歌山,新宮市,112,66,負傷,0,1,2024/12/01 18:45,2024,12,1,18,45,日,その他,夜－夜,晴,市街地－人口集中,舗装－乾燥,交差点付近－その他,施設なし,単路－5.5m以上,直線－平坦,単路（交差点付近を含む）,規制なし,中央線－ペイント,区分あり－縁石・ブロック等,車両相互,乗用車－普通車,二輪車－一般原付自転車,自家用,自家用,乗用車,対象外当事者,0～24歳,0～24歳,損傷なし,負傷,対象外当事者,対象外当事者,40㎞／ｈ以下,指定の速度規制なし等,小破,小破,その他,対象外当事者,33.7216067,135.9916717
2024,和歌山,新宮市,112,67,負傷,0,1,2024/12/14 14:52,2024,12,14,14,52,土,その他,昼－昼,晴,非市街地,舗装－乾燥,単路－カーブ・屈折,施設なし,単路－5.5m以上,カーブ・屈折－左－上り,単路（交差点付近を含む）,規制なし,中央線－ペイント,区分あり－防護柵等,車両相互,乗用車－軽自動車,貨物車－軽自動車,自家用,自家用,乗用車,貨物車,65～74歳,35～44歳,損傷なし,負傷,対象外当事者,対象外当事者,指定の速度規制なし等,指定の速度規制なし等,中破,小破,その他,その他,33.7317028,135.9452711
2024,和歌山,串本町,112,68,負傷,0,1,2024/12/20 10:45,2024,12,20,10,45,金,その他,昼－昼,晴,市街地－その他,舗装－乾燥,交差点付近－その他,施設なし,単路－3.5m以上,直線－平坦,単路（交差点付近を含む）,規制なし,中央線－ペイント,区分あり－縁石・ブロック等,車両相互,乗用車－軽自動車,乗用車－軽自動車,自家用,自家用,乗用車,乗用車,75歳以上,45～54歳,損傷なし,負傷,対象外当事者,対象外当事者,指定の速度規制なし等,指定の速度規制なし等,中破,中破,装備あり 作動,装備あり 作動,33.5012317,135.65027
2024,和歌山,上富田町,113,40,負傷,0,1,2024/11/27 16:50,2024,11,27,16,50,水,その他,夜－暮,晴,非市街地,舗装－乾燥,交差点付近－その他,点灯－３灯式,単路－5.5m以上,直線－平坦,単路（交差点付近を含む）,規制なし,中央線－ペイント,区分あり－防護柵等,車両相互,乗用車－普通車,乗用車－軽自動車,自家用,自家用,乗用車,乗用車,65～74歳,65～74歳,負傷,損傷なし,対象外当事者,対象外当事者,50㎞／ｈ以下,50㎞／ｈ以下,小破,小破,その他,その他,33.7156461,135.4667911
2024,和歌山,上富田町,113,41,負傷,0,1,2024/12/02 08:05,2024,12,2,8,5,月,その他,昼－昼,晴,非市街地,舗装－乾燥,交差点－その他,施設なし,交差点－中（5.5m以上）－中,直線－下り,交差点内,規制なし,中央線－ペイント,区分あり－路側帯,車両相互,貨物車－普通車,乗用車－軽自動車,自家用,自家用,貨物車,乗用車,35～44歳,65～74歳,負傷,損傷なし,規制なし,標準－反射式,指定の速度規制なし等,指定の速度規制なし等,小破,小破,その他,その他,33.7048708,135.42164
2024,和歌山,上富田町,113,42,負傷,0,1,2024/12/07 09:40,2024,12,7,9,40,土,その他,昼－昼,晴,非市街地,舗装－乾燥,交差点－その他,施設なし,交差点－中（5.5m以上）－小,直線－平坦,交差点内,規制なし,中央分離なし,区分あり－縁石・ブロック等,車両相互,乗用車－普通車,乗用車－軽自動車,自家用,自家用,乗用車,乗用車,35～44歳,25～34歳,負傷,損傷なし,規制なし,規制なし,指定の速度規制なし等,指定の速度規制なし等,小破,小破,その他,その他,33.6996058,135.4286533
2024,和歌山,白浜町,113,43,死亡,1,0,2024/12/17 09:05,2024,12,17,9,5,火,その他,昼－昼,晴,非市街地,舗装－乾燥,交差点付近－その他,施設なし,単路－5.5m以上,カーブ・屈折－左－上り,単路（交差点付近を含む）,規制なし,中央線－ペイント,区分あり－縁石・ブロック等,人対車両,乗用車－普通車,歩行者,自家用,対象外当事者,乗用車,対象外当事者,25～34歳,75歳以上,損傷なし,死亡,対象外当事者,対象外当事者,30㎞／ｈ以下,対象外当事者,小破,対象外当事者,その他,対象外当事者,33.6789067,135.3459197
2024,和歌山,和歌山市,114,125,負傷,0,1,2024/11/21 13:41,2024,11,21,13,41,木,その他,昼－昼,晴,市街地－人口集中,舗装－乾燥,一般交通の場所,施設なし,一般交通の場所,一般交通の場所,その他,規制なし,一般交通の場所,区分なし,車両相互,乗用車－軽自動車,軽車両－駆動補助機付自転車,自家用,自転車,乗用車,対象外当事者,65～74歳,75歳以上,損傷なし,負傷,対象外当事者,対象外当事者,指定の速度規制なし等,対象外当事者,小破,小破,その他,対象外当事者,34.2526392,135.1463761
2024,和歌山,和歌山市,114,126,負傷,0,1,2024/11/22 09:47,2024,11,22,9,47,金,前日,昼－昼,晴,市街地－人口集中,舗装－乾燥,交差点－その他,施設なし,交差点－小（5.5m未満）－小,直線－上り,交差点内,規制なし,中央分離なし,区分なし,車両相互,乗用車－軽自動車,軽車両－駆動補助機付自転車,自家用,自転車,乗用車,対象外当事者,65～74歳,0～24歳,損傷なし,負傷,規制なし,規制なし,指定の速度規制なし等,対象外当事者,小破,小破,その他,対象外当事者,34.2587519,135.1406839
2024,和歌山,和歌山市,114,127,負傷,0,1,2024/12/15 10:02,2024,12,15,10,2,日,その他,昼－昼,晴,市街地－人口集中,舗装－乾燥,一般交通の場所,施設なし,一般交通の場所,一般交通の場所,その他,規制なし,一般交通の場所,区分なし,車両相互,乗用車－軽自動車,二輪車－一般原付自転車,自家用,自家用,乗用車,対象外当事者,75歳以上,25～34歳,損傷なし,負傷,対象外当事者,対象外当事者,指定の速度規制なし等,指定の速度規制なし等,小破,小破,その他,対象外当事者,34.2551764,135.1194619
2024,和歌山,和歌山市,114,128,負傷,0,1,2024/12/06 19:36,2024,12,6,19,36,金,その他,夜－夜,晴,市街地－人口集中,舗装－乾燥,単路－その他,施設なし,単路－3.5m以上,直線－平坦,単路（交差点付近を含む）,規制なし,中央分離なし,区分なし,人対車両,貨物車－軽自動車,歩行者,自家用,対象外当事者,貨物車,対象外当事者,45～54歳,0～24歳,損傷なし,負傷,対象外当事者,対象外当事者,指定の速度規制なし等,対象外当事者,小破,対象外当事者,その他,対象外当事者,34.2522264,135.1606364
2024,和歌山,和歌山市,114,129,負傷,0,1,2024/11/19 21:30,2024,11,19,21,30,火,その他,夜－夜,晴,市街地－人口集中,舗装－乾燥,交差点－その他,点灯－３灯式,交差点－中（5.5m以上）－小,直線－平坦,交差点内,規制なし,中央分離なし,区分あり－路側帯,車両相互,乗用車－軽自動車,二輪車－一般原付自転車,自家用,自家用,乗用車,対象外当事者,45～54歳,25～34歳,損傷なし,負傷,規制なし,規制なし,40㎞／ｈ以下,指定の速度規制なし等,小破,小破,その他,対象外当事者,34.2567422,135.1645639
2024,和歌山,和歌山市,114,130,負傷,0,1,2024/12/17 11:20,2024,12,17,11,20,火,その他,昼－昼,晴,市街地－人口集中,舗装－乾燥,交差点付近－その他,施設なし,単路－5.5m以上,直線－平坦,単路（交差点付近を含む）,規制なし,中央線－ペイント,区分あり－路側帯,人対車両,乗用車－軽自動車,歩行者,自家用,対象外当事者,乗用車,対象外当事者,65～74歳,75歳以上,損傷なし,負傷,対象外当事者,対象外当事者,40㎞／ｈ以下,対象外当事者,小破,対象外当事者,その他,対象外当事者,34.2535375,135.1637575